insee_code,name,department,region,avg_price_sqm,median_price_sqm,total_transactions,transactions_last_year,price_evolution_1y,price_evolution_3y,avg_rent_sqm,rent_quality,nb_obs_commune
10003,AIX-VILLEMAUR-PALIS,10,Grand Est,1426.26,1154.39,184,184,-20.92,-2.05,7.68844611836887,0.603684167133093,162.0
10006,ARCIS SUR AUBE,10,Grand Est,1425.68,1112.5,119,119,-14.18,3.46,8.4095810455815,0.756142631911668,434.0
10033,BAR SUR AUBE,10,Grand Est,1920.44,1367.19,392,392,17.94,20.81,7.80525729882353,0.677843573744987,1322.0
10034,BAR SUR SEINE,10,Grand Est,1501.27,1236.56,138,138,6.54,12.3,8.3656345871198,0.726611200067239,604.0
10060,BREVIANDES,10,Grand Est,3072.42,2101.55,98,98,-6.51,-9.28,10.7904992754525,0.884432474861661,163.0
10064,BRIENNE LE CHATEAU,10,Grand Est,1201.18,1308.1,149,149,-12.79,9.77,7.25589713735912,0.752244632232008,409.0
10081,LA CHAPELLE ST LUC,10,Grand Est,1753.43,1529.41,279,279,-10.01,-13.8,10.1864679892003,0.722531850194942,923.0
10209,LUSIGNY SUR BARSE,10,Grand Est,2465.35,2279.44,53,53,10.78,4.94,9.66217481653757,0.66400796131345,81.0
10216,MAILLY LE CAMP,10,Grand Est,1135.66,1035.64,39,39,-15.93,0.36,7.00616346582441,0.778425818158443,103.0
10265,LES NOES PRES TROYES,10,Grand Est,1805.72,1842.59,26,26,-16.01,-13.31,9.9575559070996,0.722531850194942,183.0
10268,NOGENT SUR SEINE,10,Grand Est,3720.95,2037.11,306,306,-2.82,15.42,9.66604904549155,0.637790900351028,1016.0
10297,PONTSAINTE MARIE,10,Grand Est,2524.9,2068.49,156,156,-4.53,5.39,11.0747196187129,0.796135546088456,270.0
10321,LA RIVIERE DE CORPS,10,Grand Est,2178.37,2174.83,58,58,2.18,-11.62,11.9564171024407,0.78484233907221,62.0
10323,ROMILLY SUR SEINE,10,Grand Est,1977.63,1370.69,621,621,0.29,5.63,8.77559430595952,0.778425818158443,1813.0
10325,ROSIERES PRES TROYES,10,Grand Est,2313.95,2375.0,127,127,2.66,5.43,13.6404107084415,0.803958846040081,207.0
10333,SAINT ANDRE LES VERGERS,10,Grand Est,2123.56,1750.0,488,488,-3.22,0.96,13.9957859460786,0.78484233907221,1623.0
10340,SAINT GERMAIN,10,Grand Est,1851.59,2025.76,57,57,-6.27,-3.52,8.1622940690213,0.603684167133093,56.0
10343,SAINT JULIEN LES VILLAS,10,Grand Est,1840.78,1750.56,248,248,-12.99,-10.72,13.2737346995249,0.803958846040081,696.0
10349,SAINT LYE,10,Grand Est,2304.36,2295.92,139,139,25.0,6.81,8.1622940690213,0.603684167133093,35.0
10357,SAINT PARRES AUX TERTRES,10,Grand Est,2261.88,2107.11,94,94,-3.8,2.03,11.8440207147514,0.66400796131345,108.0
10362,SAINTE SAVINE,10,Grand Est,2707.85,2142.86,519,519,-3.78,-1.62,10.6077899144174,0.722531850194942,2302.0
10387,TROYES,10,Grand Est,3515.72,1892.86,4121,4121,0.0,-4.04,11.106073204834,0.796135546088456,18840.0
10401,VENDEUVRE SUR BARSE,10,Grand Est,3151.47,1428.57,184,184,30.95,39.68,8.88964759714621,0.790870004774138,278.0
10420,VILLENAUXE-LA-GRANDE,10,Grand Est,1289.57,1301.89,83,83,-0.69,7.89,8.84249701291712,0.684693993456778,143.0
11012,ARGELIERS,11,Non défini,2102.74,1954.13,175,175,-13.06,-6.93,9.89215130205735,0.744522295594369,56.0
11049,BRAM,11,Non défini,1856.75,1388.57,141,141,-19.37,-10.59,9.99574148356385,0.716875080989586,164.0
11069,CARCASSONNE,11,Non défini,2656.26,1583.33,2223,2223,-3.14,-3.43,10.9416940066438,0.761775408734878,6836.0
11076,CASTELNAUDARY,11,Non défini,2273.15,1648.77,596,596,-5.66,-5.87,9.74222761874298,0.75937393842392,1937.0
11099,CONQUES-SUR-ORBIEL,11,Non défini,1668.12,1788.24,122,122,8.72,-10.59,9.32435835477955,0.745870593881245,70.0
11106,COURSAN,11,Non défini,2260.54,2022.3,217,217,2.41,0.33,10.4131241387397,0.797027715630253,559.0
11116,CUXAC D AUDE,11,Non défini,2118.94,1842.86,251,251,-8.05,-3.08,10.2432846162753,0.744522295594369,327.0
11145,FLEURY,11,Non défini,3716.69,3560.0,644,644,-1.66,7.54,11.2971323252904,0.71109581376525,232.0
11170,GRUISSAN,11,Non défini,4596.88,4285.1,816,816,7.26,15.21,13.0388087246478,0.797027715630253,452.0
11202,LEUCATE,11,Non défini,3894.7,3610.26,1106,1106,0.93,13.0,11.9896103959894,0.665951622098745,352.0
11203,LEZIGNAN-CORBIERES,11,Non défini,2872.83,1792.31,455,455,1.67,-4.49,10.4816893817826,0.688342025723267,1024.0
11206,LIMOUX,11,Non défini,3032.5,1816.06,532,532,-6.74,-2.71,9.27441758965773,0.753874210530768,1417.0
11254,MONTREAL,11,Non défini,2342.5,1428.57,193,193,-7.14,-26.54,9.19454608614234,0.716875080989586,75.0
11258,MOUSSAN,11,Non défini,2737.22,2556.65,118,118,15.8,13.4,9.89215130205735,0.744522295594369,24.0
11262,NARBONNE,11,Non défini,2934.06,2497.8,2894,2894,-1.46,-1.09,11.4610964487779,0.797027715630253,10527.0
11266,PORT-LA-NOUVELLE,11,Non défini,2837.23,2629.66,367,367,-3.36,4.59,11.8386806282937,0.803471313001737,615.0
11269,OUVEILLAN,11,Non défini,2289.44,1667.71,184,184,-12.99,20.91,10.0484842371085,0.744522295594369,126.0
11272,PALAJA,11,Non défini,2760.3,2222.22,143,143,-5.59,2.78,11.0377544767867,0.761775408734878,12.0
11279,PENNAUTIER,11,Non défini,3229.99,2226.19,126,126,20.66,16.28,9.62924781319995,0.745870593881245,102.0
11304,QUILLAN,11,Non défini,2384.16,1615.83,296,296,23.93,28.24,8.22455734371052,0.749365069585424,231.0
11353,SAINT MARCEL SUR AUDE,11,Non défini,2291.36,2243.84,106,106,7.05,-2.39,9.89215130205735,0.744522295594369,90.0
11360,SAINT NAZAIRE D AUDE,11,Non défini,3242.85,2679.85,74,74,16.54,29.86,11.1269725849585,0.783987366013123,62.0
11369,SALLELES D AUDE,11,Non défini,2771.56,2689.42,217,217,5.41,18.47,11.4779139228647,0.783987366013123,113.0
11370,SALLES D AUDE,11,Non défini,2616.22,2570.19,225,225,2.83,10.02,11.2613054323666,0.71109581376525,106.0
11379,SIGEAN,11,Non défini,2166.15,2215.75,336,336,-1.03,4.36,11.0497722095327,0.803471313001737,458.0
11397,TREBES,11,Non défini,1843.53,1630.43,338,338,4.9,12.38,11.8286353607383,0.747046823700426,254.0
11429,VILLEMOUSTAUSSOU,11,Non défini,2542.37,2247.06,167,167,1.26,7.11,11.0377544767867,0.761775408734878,76.0
11441,VINASSAN,11,Non défini,4215.84,2558.25,116,116,18.39,8.73,11.8653213505952,0.71109581376525,221.0
12013,AUBIN,12,Non défini,1204.02,984.72,264,264,-25.16,-2.71,7.75036559238546,0.775665922306912,369.0
12033,BOZOULS,12,Non défini,2151.98,1870.33,232,232,-24.76,-23.12,10.0422521284503,0.847337697498238,266.0
12043,CALMONT,12,Non défini,2108.9,2139.25,99,99,-8.26,5.79,9.0430695049851,0.805717910813184,42.0
12052,CAPDENAC-GARE,12,Non défini,2803.89,1743.17,344,344,6.33,20.64,9.20699352968392,0.779193046980999,769.0
12056,BARAQUEVILLE,12,Non défini,1873.99,1845.49,208,208,-11.7,2.29,9.85204661222173,0.748131361546367,406.0
12063,LA CAVALERIE,12,Non défini,2339.77,1888.89,77,77,7.69,50.34,9.15075657425772,0.803091973116423,225.0
12089,DECAZEVILLE,12,Non défini,1359.48,963.12,440,440,-17.27,-29.63,8.27459954047607,0.714487326749717,1419.0
12090,DRUELLE BALSAC,12,Non défini,2144.86,2062.07,173,173,-8.26,1.22,9.0430695049851,0.805717910813184,47.0
12096,ESPALION,12,Non défini,2050.18,1571.37,486,486,-6.73,-7.73,8.78081719720641,0.754751565900887,902.0
12100,FIRMI,12,Non défini,1554.75,1343.04,381,381,9.7,-1.25,7.92957274366537,0.775665922306912,144.0
12102,FLAVIN,12,Non défini,1703.0,1856.02,66,66,-3.74,-8.54,10.3094620279846,0.779732942253187,127.0
12120,LAISSAC-SEVERAC L'EGLISE,12,Non défini,1828.18,1900.0,80,80,-3.02,21.41,10.6006796053909,0.755682590958522,326.0
12133,LUC-LA-PRIMAUBE,12,Non défini,2146.63,2187.89,199,199,-8.51,-6.7,10.6052567124349,0.805717910813184,927.0
12145,MILLAU,12,Non défini,2928.28,2136.36,1109,1109,0.53,-4.23,10.2984692399231,0.785813866905392,3880.0
12146,LE MONASTERE,12,Non défini,2270.47,2486.27,42,42,9.76,10.46,10.5934173958075,0.853867917996867,258.0
12169,NAUCELLE,12,Non défini,1943.01,1905.07,121,121,3.91,21.98,8.69265617729665,0.784431669735167,183.0
12174,OLEMPS,12,Non défini,2522.49,2433.76,76,76,2.47,-4.81,11.314126722714,0.853867917996867,394.0
12176,ONET LE CHATEAU,12,Non défini,2741.59,2235.29,540,540,-6.61,-3.0,10.9853595548214,0.847337697498238,1870.0
12199,RIGNAC,12,Non défini,1667.14,1515.65,120,120,-3.45,20.37,9.04787831391782,0.796550069149351,306.0
12202,RODEZ,12,Non défini,2835.0,2205.13,1532,1532,-0.45,1.35,10.6160106510244,0.847337697498238,11986.0
12208,SAINT-AFFRIQUE,12,Non défini,1882.56,1487.86,446,446,-10.59,-14.65,9.1018850134855,0.822813669088798,1623.0
12224,SAINT GENIEZ D'OLT ET D'AUBRAC,12,Non défini,1565.75,1437.5,125,125,-5.26,6.2,8.21492063376993,0.738755814911234,285.0
12254,SALLES-LA-SOURCE,12,Non défini,1811.32,1741.02,224,224,-23.3,-24.97,10.1634980811978,0.853867917996867,26.0
12264,SEBAZAC-CONCOURES,12,Non défini,4474.3,2699.76,112,112,13.94,20.01,10.687573732486,0.847337697498238,192.0
12270,SEVERAC D AVEYRON,12,Non défini,1880.04,1577.19,253,253,-4.31,-5.39,8.34962364917502,0.785813866905392,431.0
12300,VILLEFRANCHE-DE-ROUERGUE,12,Non défini,1860.11,1439.39,826,826,-1.14,-15.06,9.55643591860543,0.69458065891456,2757.0
13001,AIX EN PROVENCE,13,Non défini,5710.96,5145.83,5280,5280,-6.2,0.15,19.1360066284327,0.855600868198579,52857.0
13002,ALLAUCH,13,Non défini,4997.54,4558.25,538,538,-8.38,-3.55,16.8780314084752,0.776529131781455,1488.0
13003,ALLEINS,13,Non défini,4528.74,3273.12,83,83,-23.06,-11.23,15.9337654334066,0.826108694636423,172.0
13004,ARLES,13,Non défini,4225.89,3107.63,1885,1885,-1.09,-3.14,12.9982528097446,0.827729569016377,7991.0
13005,AUBAGNE,13,Non défini,4297.78,3400.0,2009,2009,-7.27,-2.23,15.4395037115655,0.776085448683817,6961.0
13007,AURIOL,13,Non défini,5145.13,4586.43,686,686,0.19,4.27,14.9060550756184,0.78383613995113,1109.0
13010,BARBENTANE,13,Non défini,3971.08,3674.24,191,191,12.52,10.23,13.9408218972894,0.825008301414132,337.0
13014,BERRE L'ETANG,13,Non défini,3656.39,3271.36,336,336,-7.31,12.15,14.4921184449506,0.718585372497207,625.0
13015,BOUC-BEL-AIR,13,Non défini,5489.41,5403.38,413,413,-2.1,0.11,18.183525806546,0.793786075212246,770.0
13016,LA BOUILLADISSE,13,Non défini,5171.54,4697.22,196,196,1.56,11.84,15.713964602718,0.75295621233709,337.0
13018,CABANNES,13,Non défini,3361.08,2735.19,183,183,-12.23,-10.92,13.7580081269267,0.76249406926665,343.0
13019,CABRIES,13,Non défini,6270.36,5626.52,273,273,4.66,9.01,18.4004595791087,0.793786075212246,320.0
13020,CADOLIVE,13,Non défini,3758.09,3617.6,30,30,-20.59,-14.66,15.911706509065,0.750429287018868,84.0
13021,CARRY-LE-ROUET,13,Non défini,6561.3,6047.06,264,264,-4.52,-2.17,18.8861151204144,0.842740700283474,704.0
13022,CASSIS,13,Non défini,8248.84,8189.31,395,395,14.65,8.06,21.1555977433874,0.832862404526972,657.0
13023,CEYRESTE,13,Non défini,5939.13,5516.22,184,184,0.83,1.61,16.6059822371695,0.795610344281216,206.0
13024,CHARLEVAL,13,Non défini,3551.05,3589.01,112,112,-1.24,1.13,13.216534519855,0.727734869610178,153.0
13025,CHATEAUNEUF-LE-ROUGE,13,Non défini,5362.32,5325.78,46,46,11.27,8.84,18.1338068449651,0.873466370567937,404.0
13026,CHATEAUNEUF-LES-MARTIGUES,13,Non défini,3852.62,3734.28,350,350,-8.37,-7.12,16.5954531999382,0.673415169370852,955.0
13027,CHATEAURENARD,13,Non défini,3603.44,2813.33,756,756,-19.89,-6.15,12.5634725961174,0.764083108420297,1493.0
13028,LA CIOTAT,13,Non défini,5818.97,5417.11,2185,2185,-1.64,0.03,17.6844036037122,0.740221666913827,5795.0
13030,CUGES LES PINS,13,Non défini,4276.19,4202.52,105,105,3.1,-2.68,13.9454151130185,0.790284030820573,531.0
13031,LA DESTROUSSE,13,Non défini,3984.29,3964.68,106,106,-14.65,-10.4,16.6229148561681,0.75295621233709,308.0
13032,EGUILLES,13,Non défini,7141.94,6128.2,338,338,4.62,7.21,17.4770828816479,0.817864049973451,1303.0
13033,ENSUES-LA-REDONNE,13,Non défini,6456.95,5596.94,168,168,-8.16,3.7,17.6247663475726,0.842740700283474,317.0
13035,EYGUIERES,13,Non défini,4280.45,4150.0,226,226,10.67,0.12,14.0048807661858,0.788501038489536,712.0
13036,EYRAGUES,13,Non défini,4089.55,3986.67,186,186,-2.46,8.73,12.3531740137036,0.776727829292587,268.0
13037,LA FARE LES OLIVIERS,13,Non défini,4748.82,4212.59,274,274,4.83,-0.22,15.6226038280495,0.730476422735902,738.0
13038,FONTVIEILLE,13,Non défini,4318.54,4026.32,205,205,-4.21,-12.92,14.3249596348674,0.723232982182485,144.0
13039,FOS-SUR-MER,13,Non défini,3313.43,3162.47,338,338,-4.65,-1.58,15.0188430863641,0.787489558664544,810.0
13040,FUVEAU,13,Non défini,6044.56,4723.58,297,297,-2.64,-1.86,16.9022269964684,0.812588153078164,610.0
13041,GARDANNE,13,Non défini,4805.61,3922.3,631,631,-3.56,0.86,16.2135258504447,0.811422256892118,2690.0
13042,GEMENOS,13,Non défini,6387.82,5637.5,170,170,9.14,4.34,17.1628656667686,0.795610344281216,371.0
13043,GIGNAC-LA-NERTHE,13,Non défini,3890.47,3600.0,182,182,-12.93,-10.0,16.6039684584176,0.747159950066732,545.0
13044,GRANS,13,Non défini,4407.45,4168.7,181,181,5.61,6.14,14.6545798758606,0.849299633453262,476.0
13045,GRAVESON,13,Non défini,4777.16,3536.96,160,160,-3.8,8.51,11.8530825166526,0.776727829292587,363.0
13046,GREASQUE,13,Non défini,4984.69,4418.6,113,113,-12.79,-3.98,16.456392024077,0.730970063003151,312.0
13047,ISTRES,13,Non défini,3486.35,3125.0,1264,1264,-6.11,-3.67,15.0211875024938,0.80490269420281,4253.0
13048,JOUQUES,13,Non défini,3840.59,3473.32,216,216,-18.62,-12.43,13.6083893732664,0.826314984781774,379.0
13049,LAMANON,13,Non défini,3211.72,3550.0,48,48,1.53,-1.13,17.2955634852023,0.826108694636423,95.0
13050,LAMBESC,13,Non défini,4222.25,3995.0,391,391,-10.84,-0.12,17.8461846936668,0.826108694636423,1167.0
13051,LANCON-PROVENCE,13,Non défini,4144.79,3912.64,376,376,-4.48,-2.97,15.2745152178861,0.849299633453262,550.0
13052,MAILLANE,13,Non défini,6098.06,4308.06,100,100,14.42,15.17,11.9856052864008,0.776727829292587,194.0
13053,MALLEMORT,13,Non défini,3863.32,3864.08,538,538,1.68,10.85,13.8629316082395,0.727734869610178,571.0
13054,MARIGNANE,13,Non défini,3205.51,2833.33,833,833,-15.39,-1.68,15.4651226902879,0.763002941053368,3126.0
13056,MARTIGUES,13,Non défini,4013.13,3463.54,1228,1228,1.16,1.75,15.5020116425986,0.757424857490676,5119.0
13058,MAUSSANE-LES-ALPILLES,13,Non défini,6346.77,5185.95,229,229,-21.36,-6.04,13.9394206376812,0.827729569016377,176.0
13059,MEYRARGUES,13,Non défini,4374.38,3957.63,111,111,17.22,10.89,15.8080785832477,0.84965452129133,392.0
13060,MEYREUIL,13,Non défini,5416.7,5051.19,262,262,-7.0,3.89,17.9729582719677,0.873466370567937,573.0
13062,MIMET,13,Non défini,5332.02,5103.5,113,113,5.54,2.07,16.4825415367514,0.776529131781455,116.0
13063,MIRAMAS,13,Non défini,3042.38,2692.59,637,637,-4.27,-3.6,14.3861147303705,0.772453151546183,2054.0
13064,MOLLEGES,13,Non défini,4774.41,4412.17,149,149,12.12,10.93,13.8769701515937,0.723232982182485,105.0
13065,MOURIES,13,Non défini,4230.35,3770.49,240,240,5.04,-1.05,14.1901290693803,0.721615972589766,88.0
13066,NOVES,13,Non défini,3432.92,3074.0,249,249,0.53,-6.38,12.6109144476884,0.764083108420297,415.0
13067,ORGON,13,Non défini,8135.06,4277.84,137,137,24.79,31.9,12.4582875494462,0.757027199782754,178.0
13068,PARADOU (LE),13,Non défini,4950.84,4944.44,86,86,8.27,-1.11,13.6804985417247,0.827729569016377,58.0
13069,PELISSANNE,13,Non défini,4454.97,3824.56,324,324,-8.89,-8.46,14.7588837574033,0.83665718389583,967.0
13070,LA PENNE SUR HUVEAUNE,13,Non défini,3693.56,3834.01,320,320,-9.46,-14.9,15.8028787733789,0.776085448683817,379.0
13071,LES PENNES MIRABEAU,13,Non défini,4680.76,4042.31,658,658,-4.72,-4.26,17.065688723825,0.794817315708728,1249.0
13072,PEYNIER,13,Non défini,4708.68,4387.86,130,130,1.78,-7.83,16.5743241261783,0.812588153078164,321.0
13073,PEYPIN,13,Non défini,4515.91,4345.08,121,121,-16.24,-2.09,16.5094251620635,0.750429287018868,266.0
13074,PEYROLLES-EN-PROVENCE,13,Non défini,3958.48,3890.48,156,156,3.93,15.83,14.3100600279853,0.785614472639016,563.0
13075,PLAN DE CUQUES,13,Non défini,4684.89,4480.19,340,340,0.8,2.81,17.530100483356,0.814700855180093,971.0
13076,PLAN-D ORGON,13,Non défini,3796.69,3065.97,165,165,-8.46,26.54,14.2214679350046,0.76249406926665,94.0
13077,PORT DE BOUC,13,Non défini,3082.84,2938.81,327,327,7.22,3.44,14.7239235513953,0.751273102960795,891.0
13078,PORT-SAINT-LOUIS,13,Non défini,3013.77,2598.66,153,153,5.52,7.07,12.9141635319961,0.787489558664544,380.0
13080,LE PUY SAINTE REPARADE,13,Non défini,5112.42,4505.26,299,299,-5.74,6.82,15.840077867498,0.805868093972534,585.0
13081,ROGNAC,13,Non défini,3587.06,3296.72,398,398,-13.08,-11.4,15.8621549203754,0.776979737455253,694.0
13082,ROGNES,13,Non défini,5393.56,5000.0,342,342,-2.23,2.21,15.3042544010472,0.795058638529935,298.0
13083,ROGNONAS,13,Non défini,5101.37,3412.5,93,93,1.92,3.38,14.901380331663,0.825008301414132,353.0
13084,LA ROQUE D'ANTHERON,13,Non défini,3198.03,3212.87,134,134,-12.36,-6.53,14.3629936175203,0.795058638529935,249.0
13085,ROQUEFORT LA BEDOULE,13,Non défini,4779.3,4477.27,122,122,-14.8,-4.55,16.729791290804,0.795610344281216,319.0
13086,ROQUEVAIRE,13,Non défini,5960.59,5323.49,295,295,10.18,7.43,15.3981601434128,0.750429287018868,887.0
13087,ROUSSET,13,Non défini,3994.47,4050.25,170,170,-8.11,-10.69,17.2548506628025,0.831072739391338,711.0
13088,LE ROVE,13,Non défini,5434.02,4459.6,267,267,-7.47,-1.2,17.8107519947399,0.794817315708728,271.0
13089,SAINT-ANDIOL,13,Non défini,2746.31,2719.43,129,129,-18.33,-11.66,13.8989200447598,0.76249406926665,206.0
13091,SAINT-CANNAT,13,Non défini,5126.05,4900.0,190,190,2.12,2.49,16.5090856681036,0.745224912301621,616.0
13092,SAINT CHAMAS,13,Non défini,3896.29,3345.0,257,257,-2.26,4.57,14.6064317034769,0.760575153581773,928.0
13094,SAINT-ETIENNE-DU-GRES,13,Non défini,5384.55,3938.89,118,118,-20.21,-10.05,14.4735078405643,0.818022595891854,55.0
13096,LES STES MARIES DE LA MER,13,Non défini,5446.85,5166.67,263,263,0.51,19.24,15.1706124238763,0.795536890364629,153.0
13097,SAINT MARTIN DE CRAU,13,Non défini,3502.34,3109.48,381,381,-8.1,-6.3,14.5338225012782,0.721615972589766,587.0
13098,SAINT-MITRE-LES-REMPARTS,13,Non défini,4183.64,4043.52,108,108,-5.11,-5.46,14.8034009976167,0.80490269420281,384.0
13100,SAINT-REMY-DE-PROVENCE,13,Non défini,6954.06,5957.45,789,789,-4.63,2.14,14.8048469758276,0.723232982182485,964.0
13101,SAINT SAVOURNIN,13,Non défini,4702.71,4850.0,109,109,1.59,9.26,15.5888498516495,0.730970063003151,230.0
13102,SAINT-VICTORET,13,Non défini,3789.29,3990.74,126,126,-5.99,4.79,17.0723662123877,0.650408880844881,380.0
13103,SALON-DE-PROVENCE,13,Non défini,3645.71,3200.0,1618,1618,-6.77,-5.55,14.4479752128619,0.77893511459691,6870.0
13104,SAUSSET-LES-PINS,13,Non défini,6544.32,6315.47,332,332,-7.2,-3.81,19.8749479244271,0.875460397837531,698.0
13105,SENAS,13,Non défini,3413.92,3274.4,327,327,-2.93,-4.65,13.3439184223337,0.757027199782754,410.0
13106,SEPTEMES LES VALLONS,13,Non défini,3604.8,3375.0,331,331,-11.58,-1.17,16.6388440682,0.814978643867703,655.0
13107,SIMIANE-COLLONGUE,13,Non défini,6096.44,5400.0,154,154,-11.96,3.56,16.6902660618924,0.776529131781455,271.0
13108,TARASCON,13,Non défini,2911.77,2084.34,501,501,0.89,-9.29,12.2006686437349,0.818022595891854,1284.0
13109,LE THOLONET,13,Non défini,7844.67,6114.93,105,105,3.55,-3.56,18.9895740144693,0.855600868198579,312.0
13110,TRETS,13,Non défini,4404.26,3965.52,455,455,-10.15,-9.05,15.0668930178563,0.799087382564331,1348.0
13112,VELAUX,13,Non défini,4989.71,4490.4,190,190,-1.32,-3.46,15.8461246852818,0.754587000818131,654.0
13113,VENELLES,13,Non défini,5299.42,5095.68,273,273,-8.06,2.89,17.725812754771,0.851856429810528,789.0
13114,VENTABREN,13,Non défini,5619.44,5275.15,219,219,9.66,-10.14,18.1385256294868,0.848752680307138,517.0
13115,VERNEGUES,13,Non défini,3819.12,3862.59,103,103,-9.3,-16.35,17.2955634852023,0.826108694636423,28.0
13117,VITROLLES,13,Non défini,3789.81,3535.36,1060,1060,-3.76,1.67,16.9588807307929,0.650408880844881,3514.0
13118,COUDOUX,13,Non défini,3981.7,4300.0,66,66,-11.18,-7.03,16.2070577642436,0.754587000818131,298.0
13119,CARNOUX-EN-PROVENCE,13,Non défini,4766.9,4090.46,189,189,-10.08,2.79,17.5356640829676,0.832862404526972,522.0
14020,ARGENCES,14,Non défini,2709.44,2527.35,87,87,-1.61,-2.01,11.3130862042787,0.777303496831139,253.0
14027,LES MONTS D'AUNAY,14,Non défini,2061.09,1832.16,254,254,12.08,8.17,10.97091100435,0.782124803412973,479.0
14047,BAYEUX,14,Non défini,3315.14,2632.86,506,506,-0.97,-1.9,13.0162247001131,0.816377338083789,1724.0
14060,BENOUVILLE,14,Non défini,3515.72,3025.48,46,46,5.29,-0.94,12.4196415809983,0.838357947699273,63.0
14061,SOULEUVRE EN BOCAGE,14,Non défini,1347.62,1351.65,1087,1087,1.96,1.37,9.04538645016961,0.782124803412973,147.0
14066,BERNIERES-SUR-MER,14,Non défini,3792.03,3695.65,164,164,9.08,15.06,12.5661160941972,0.798042416305277,76.0
14068,BIEVILLE-BEUVILLE,14,Non défini,3319.14,3088.24,117,117,-6.07,-4.68,12.6234762500928,0.838357947699273,152.0
14076,BLAINVILLE-SUR-ORNE,14,Non défini,2812.15,2770.97,187,187,0.34,3.3,12.7906099861116,0.838357947699273,487.0
14092,BOURGUEBUS,14,Non défini,2661.66,2497.97,43,43,-6.88,-1.86,12.316076899343,0.909768103393968,45.0
14098,THUE ET MUE,14,Non défini,2535.99,2457.52,166,166,-5.76,-6.61,12.2548579903273,0.743127480437074,170.0
14101,BRETTEVILLE-SUR-ODON,14,Non défini,3214.77,3063.45,149,149,1.5,-0.45,13.5868677309103,0.844201725890743,433.0
14117,CABOURG,14,Non défini,5531.03,5466.84,701,701,2.0,8.74,17.2765141956787,0.721887019352386,520.0
14118,CAEN,14,Non défini,3622.07,2961.69,5290,5290,-0.54,-1.28,13.8299266882467,0.866773433493131,34193.0
14119,CAGNY,14,Non défini,2115.52,2000.0,60,60,18.16,-13.04,12.438036485171,0.856945493603164,54.0
14123,CAIRON,14,Non défini,2671.47,2818.97,62,62,0.23,-4.21,13.5121214397126,0.921772150578318,27.0
14137,CARPIQUET,14,Non défini,3435.94,3210.85,76,76,5.77,12.81,13.3039326129901,0.875461198496258,246.0
14143,CAUMONT-SUR-AURE,14,Non défini,1741.6,1411.79,236,236,-10.15,-17.6,9.36759617570261,0.669970413857761,122.0
14166,COLLEVILLE-MONTGOMERY,14,Non défini,3322.98,3276.84,68,68,9.68,-7.72,13.1425062473365,0.808603141576771,38.0
14167,COLOMBELLES,14,Non défini,2463.9,2462.96,165,165,-10.89,-8.65,12.7297170026793,0.882194049861462,992.0
14174,CONDE-EN-NORMANDIE,14,Non défini,1560.24,1223.14,500,500,14.05,-11.58,8.66555243259668,0.716811049633378,859.0
14181,CORMELLES-LE-ROYAL,14,Non défini,2362.37,2334.4,142,142,-4.59,-9.22,13.6222556241174,0.856945493603164,401.0
14191,COURSEULLES-SUR-MER,14,Non défini,3747.31,3500.0,518,518,-1.39,-2.0,13.1566850473206,0.833068103611366,540.0
14200,CREULLY SUR SEULLES,14,Non défini,2663.43,2452.63,73,73,22.63,4.78,11.6569424599727,0.875461198496258,37.0
14215,CUVERVILLE,14,Non défini,3737.02,2708.4,88,88,-5.82,-3.28,11.9941425664644,0.882366600380224,10.0
14220,DEAUVILLE,14,Non défini,7284.42,6937.5,687,687,0.28,6.33,16.7292132069043,0.749356080781078,504.0
14221,DEMOUVILLE,14,Non défini,2334.25,2407.29,64,64,-5.96,-7.98,11.9941425664644,0.882366600380224,79.0
14225,DIVES-SUR-MER,14,Non défini,4237.55,4210.53,228,228,-3.85,9.6,16.2072039778757,0.721887019352386,226.0
14228,DOUVRES-LA-DELIVRANDE,14,Non défini,2942.76,2960.87,148,148,-9.51,-7.76,13.1387072229361,0.798042416305277,376.0
14229,DOZULE,14,Non défini,2308.04,2535.71,69,69,12.96,3.84,11.0436326682659,0.882194049861462,92.0
14257,EVRECY,14,Non défini,2402.53,2500.0,44,44,-3.09,-2.45,11.8452080793087,0.743127480437074,102.0
14258,FALAISE,14,Non défini,3611.68,2025.16,304,304,-0.33,-0.9,10.6028953403604,0.762882092420935,1576.0
14271,FLEURY-SUR-ORNE,14,Non défini,3332.27,2975.61,256,256,-0.81,-0.98,14.1515515807013,0.909768103393968,1238.0
14274,FONTAINE-ETOUPEFOUR,14,Non défini,3096.55,2824.07,70,70,9.76,3.49,10.9669576456006,0.743127480437074,93.0
14301,GIBERVILLE,14,Non défini,2552.41,2518.52,89,89,-10.41,-2.29,11.9941425664644,0.882366600380224,41.0
14325,HERMANVILLE-SUR-MER,14,Non défini,4696.74,3281.25,155,155,10.97,-0.62,13.1953820089577,0.795626522702475,44.0
14327,HEROUVILLE-SAINT-CLAIR,14,Non défini,2426.99,2126.44,635,635,4.18,10.71,12.2479897710149,0.870525359656239,4976.0
14333,HONFLEUR,14,Non défini,5092.9,3571.79,392,392,-16.29,-3.61,13.2988196920905,0.792131072855358,1869.0
14341,IFS,14,Non défini,3329.51,2435.32,306,306,-4.14,-4.54,13.5164549313265,0.869020189779647,1023.0
14342,ISIGNY-SUR-MER,14,Non défini,1700.67,1513.16,331,331,14.88,-1.25,9.95324938971095,0.670613855249158,302.0
14349,LAIZE-CLINCHAMPS,14,Non défini,2233.04,2441.18,78,78,5.01,3.75,10.7621547231667,0.78434561548357,36.0
14365,LION-SUR-MER,14,Non défini,3765.04,3430.67,85,85,3.57,0.85,13.3014214451292,0.795626522702475,214.0
14366,LISIEUX,14,Non défini,2340.04,1909.09,832,832,-3.06,2.36,11.7384242502058,0.841384622791498,4059.0
14370,LE MOLAY LITTRY,14,Non défini,1999.78,1956.52,230,230,-3.56,-6.85,10.4813309201045,0.669970413857761,181.0
14371,LIVAROT-PAYS-D'AUGE,14,Non défini,2145.74,1921.49,540,540,2.6,7.92,10.0838559829681,0.577032475694712,343.0
14383,LOUVIGNY,14,Non défini,3333.38,2925.5,37,37,0.39,3.81,13.9746609455146,0.844201725890743,113.0
14384,LUC-SUR-MER,14,Non défini,4253.9,3843.89,152,152,1.07,1.36,13.2043467850114,0.795626522702475,192.0
14407,MATHIEU,14,Non défini,3358.11,3382.35,72,72,-2.37,-1.99,13.1953820089577,0.795626522702475,46.0
14408,MAY-SUR-ORNE,14,Non défini,2414.92,2438.03,64,64,-3.77,0.75,12.316076899343,0.909768103393968,53.0
14409,MERVILLE FRANCEVILLE,14,Non défini,5154.08,4658.5,228,228,10.11,4.21,14.1504560152528,0.808603141576771,130.0
14431,MEZIDON VALLEE D'AUGE,14,Non défini,2250.55,1930.43,495,495,0.64,1.98,9.9860426654802,0.777303496831139,208.0
14437,MONDEVILLE,14,Non défini,2680.09,2568.06,368,368,-5.96,-1.79,12.7955664951038,0.882366600380224,1360.0
14456,MOULT-CHICHEBOVILLE,14,Non défini,2152.25,2241.94,126,126,-8.66,-5.5,10.894973428618,0.777303496831139,13.0
14475,VAL D'ARRY,14,Non défini,2401.33,2142.86,90,90,0.41,-10.39,10.9669576456006,0.743127480437074,26.0
14488,OUISTREHAM,14,Non défini,4772.11,3743.12,566,566,2.5,7.85,13.7071389909847,0.808603141576771,1393.0
14514,PONT-L EVEQUE,14,Non défini,4812.28,3815.79,211,211,27.86,18.71,13.2260619162564,0.817726486138694,828.0
14516,POTIGNY,14,Non défini,2380.93,1875.14,108,108,3.22,-10.49,9.38019743616454,0.716811049633378,38.0
14536,RIVIERE-SAINT-SAUVEUR (LA),14,Non défini,3131.48,2617.94,126,126,-5.95,-9.56,11.9838016354766,0.792131072855358,432.0
14543,ROTS,14,Non défini,2496.53,2364.08,132,132,-17.66,-9.08,11.6569424599727,0.875461198496258,99.0
14562,SAINT-AUBIN-SUR-MER,14,Non défini,4084.47,3387.1,137,137,-9.75,-3.43,13.2930459425769,0.798042416305277,148.0
14566,SAINT-CONTEST,14,Non défini,2507.77,2273.86,62,62,-23.41,-22.83,13.5121214397126,0.921772150578318,61.0
14570,VALORBIQUET,14,Non défini,2474.47,1937.54,254,254,21.1,-1.79,10.1820725103074,0.730718244685092,18.0
14587,ST-GERMAIN-LA-BLANCHE-HERBE,14,Non défini,2764.03,2819.84,14,14,-8.27,5.86,13.5919209793828,0.866773433493131,96.0
14610,SAINT-MANVIEU-NORREY,14,Non défini,3113.49,2671.42,104,104,0.68,0.44,11.6569424599727,0.875461198496258,43.0
14623,SAINT-MARTIN-DE-FONTENAY,14,Non défini,2435.62,2463.09,38,38,-3.96,-6.14,,,
14654,SAINT-PIERRE-EN-AUGE,14,Non défini,2443.62,1826.92,482,482,-14.17,-15.18,9.14298450004588,0.786475659497083,464.0
14658,NOUES DE SIENNE,14,Non défini,1670.76,1347.89,657,657,-1.15,5.83,8.82671539462513,0.758853972089669,60.0
14663,SAINT-VIGOR-LE-GRAND,14,Non défini,4157.61,2642.62,64,64,2.85,3.77,11.6569424599727,0.875461198496258,23.0
14675,SOLIERS,14,Non défini,2649.09,2649.46,67,67,-3.07,1.0,13.317474686542,0.869020189779647,11.0
14689,THURY-HARCOURT-LE-HOM,14,Non défini,2578.92,1928.57,187,187,-8.39,4.42,10.3467201897117,0.782124803412973,180.0
14699,TOUQUES,14,Non défini,4963.69,4125.0,261,261,10.49,8.48,13.84748737075,0.832282592313294,513.0
14712,TROARN,14,Non défini,2320.88,2224.3,109,109,-9.01,-12.01,12.7634614144561,0.856945493603164,195.0
14715,TROUVILLE-SUR-MER,14,Non défini,5568.79,5248.89,689,689,-5.4,-5.13,16.7424317121887,0.775206215196897,578.0
14726,VALDALLIERE,14,Non défini,1300.83,1369.86,607,607,-6.6,1.76,8.59867024559149,0.782124803412973,63.0
14738,VERSON,14,Non défini,3112.32,2759.74,137,137,5.51,-2.98,13.5638404925203,0.918527478376365,534.0
14752,VILLERS-BOCAGE,14,Non défini,3444.46,2410.0,83,83,7.24,-4.18,12.6085785006491,0.826325496731351,448.0
14754,VILLERS-SUR-MER,14,Non défini,4659.36,4442.23,819,819,-4.81,0.65,14.8916578626399,0.652595238273316,331.0
14762,VIRE NORMANDIE,14,Non défini,2222.81,1716.84,1212,1212,1.39,7.5,9.55754695920713,0.758853972089669,2764.0
15012,ARPAJON-SUR-CERE,15,Non défini,1745.64,1520.77,271,271,-13.22,-15.33,9.57160329040786,0.759837541127492,439.0
15014,AURILLAC,15,Non défini,2201.1,1533.12,1424,1424,-2.86,0.12,9.49959384620904,0.75263099406599,7273.0
15083,JUSSAC,15,Non défini,2338.35,1814.52,106,106,15.81,3.98,8.80435110800343,0.75263099406599,96.0
15120,MAURIAC,15,Non défini,1827.15,1349.85,238,238,37.98,17.16,8.0756513302093,0.784365863493637,838.0
15122,MAURS,15,Non défini,1689.06,1235.51,144,144,-22.16,-10.71,9.31213007350368,0.672878830525444,341.0
15140,NAUCELLES,15,Non défini,1917.22,1500.0,54,54,-22.56,-28.21,8.80435110800343,0.75263099406599,13.0
15162,RIOM-ES-MONTAGNES,15,Non défini,1089.24,933.33,173,173,-15.44,-34.58,8.23412289969594,0.691994733646038,542.0
15187,SAINT FLOUR,15,Non défini,1683.73,1338.8,239,239,-12.11,-24.14,9.22694420422818,0.734565051741003,2303.0
15267,YTRAC,15,Non défini,1872.5,1914.31,138,138,0.75,-3.06,7.76462420400576,0.759837541127492,15.0
16015,ANGOULEME,16,Non défini,2618.84,1826.39,1754,1754,-7.56,-4.63,11.3854986793662,0.82635304839956,9796.0
16028,BARBEZIEUX SAINT HILAIRE,16,Non défini,2678.27,1789.47,276,276,24.45,12.72,10.1590099427599,0.765400882267993,575.0
16061,BRIE,16,Non défini,1725.42,1781.25,289,289,-3.83,6.6,8.75688934673955,0.692707474680011,21.0
16078,CHAMPNIERS,16,Non défini,1805.62,1608.02,402,402,-6.81,-7.3,9.1836037387863,0.794195446867783,65.0
16085,CHASSENEUIL-SUR-BONNIEURE,16,Non défini,1235.59,1150.51,220,220,-11.33,-8.2,9.47073222786556,0.58912074214503,340.0
16089,CHATEAUBERNARD,16,Non défini,1854.23,1782.61,171,171,-2.21,-1.7,10.8184723559804,0.706962415455436,52.0
16090,CHATEAUNEUF-SUR-CHARENTE,16,Non défini,1893.75,1375.7,197,197,-19.6,-12.3,10.887134899641,0.716054900732059,285.0
16097,VAL-DE-COGNAC,16,Non défini,1553.91,1473.36,271,271,-18.25,-14.91,10.8184723559804,0.706962415455436,5.0
16102,COGNAC,16,Non défini,2554.26,1896.74,1008,1008,-3.66,-6.89,11.120866122678,0.779766901870355,2723.0
16106,CONFOLENS,16,Non défini,1034.35,1000.0,167,167,-12.5,-15.96,8.20756246596411,0.710833530758198,398.0
16113,LA COURONNE,16,Non défini,3019.9,1894.1,286,286,2.07,-1.24,10.8386467850047,0.79488854846626,1236.0
16138,FLEAC,16,Non défini,2472.77,1995.65,202,202,1.47,6.28,9.1836037387863,0.794195446867783,62.0
16146,GARAT,16,Non défini,1732.19,1864.15,110,110,28.1,5.32,9.93259002454796,0.82635304839956,8.0
16154,GOND PONTOUVRE,16,Non défini,2051.22,1657.81,277,277,-8.11,-0.53,10.8743488348916,0.798180669810684,492.0
16166,L'ISLE D'ESPAGNAC,16,Non défini,1786.63,1851.22,187,187,2.23,6.15,11.0311885566105,0.798180669810684,184.0
16167,JARNAC,16,Non défini,2088.53,1666.67,188,188,-6.39,-0.18,11.1124175235805,0.706962415455436,564.0
16187,LINARS,16,Non défini,1379.9,1462.41,37,37,-13.3,-11.02,9.1836037387863,0.794195446867783,12.0
16192,TERRES-DE-HAUTE-CHARENTE,16,Non défini,1141.68,884.58,333,333,-8.52,-18.27,8.73557719831162,0.58912074214503,93.0
16199,MAGNAC-SUR-TOUVRE,16,Non défini,1955.59,1866.67,222,222,0.49,3.9,10.0453226855628,0.798180669810684,89.0
16206,MANSLE-LES-FONTAINES,16,Non défini,1228.56,1221.06,140,140,2.83,-14.62,11.2749179575835,0.81287195498886,269.0
16230,MONTMOREAU,16,Non défini,1486.55,1179.52,224,224,-25.58,-5.75,8.85979343820306,0.79488854846626,139.0
16232,MORNAC,16,Non défini,1357.68,1545.45,73,73,-7.66,-18.24,10.0453226855628,0.798180669810684,13.0
16236,MOUTHIERS-SUR-BOEME,16,Non défini,2877.05,2067.56,215,215,32.39,11.06,10.9143062978025,0.716054900732059,76.0
16244,NERSAC,16,Non défini,2338.96,1488.1,128,128,-14.97,-3.63,10.5534150177146,0.82635304839956,122.0
16271,PUYMOYEN,16,Non défini,1869.99,1785.71,106,106,-4.76,-18.01,9.93259002454796,0.82635304839956,8.0
16280,RIVIERES,16,Non défini,1685.76,1657.35,127,127,-8.06,-11.25,8.75688934673955,0.692707474680011,29.0
16281,LA ROCHEFOUCAULD-EN-ANGOUMOIS,16,Non défini,1570.24,1636.11,211,211,-1.11,8.29,11.3800735640168,0.727063907871926,539.0
16286,ROUILLAC,16,Non défini,2934.64,1404.49,211,211,-23.03,9.4,9.27080362077202,0.692707474680011,231.0
16287,ROULLET SAINT ESTEPHE,16,Non défini,1708.68,1750.65,160,160,7.73,0.98,10.9143062978025,0.716054900732059,75.0
16291,RUELLE-SUR-TOUVRE,16,Non défini,1654.5,1683.5,266,266,-13.19,-1.66,10.3329645417244,0.692707474680011,346.0
16292,RUFFEC,16,Non défini,1305.12,1267.12,259,259,-15.68,-14.45,9.24736432151737,0.755838301520899,654.0
16341,SAINT-MICHEL,16,Non défini,1931.44,1761.13,88,88,-6.52,9.85,10.8470237172076,0.82635304839956,380.0
16358,SAINT-YRIEIX-SUR-CHARENTE,16,Non défini,1975.23,1783.93,425,425,-13.85,-6.05,10.8694228016077,0.794195446867783,140.0
16366,SEGONZAC,16,Non défini,1654.56,1596.0,104,104,-6.26,-3.09,10.0993457331897,0.779766901870355,57.0
16374,SOYAUX,16,Non défini,1826.31,1626.7,328,328,-5.96,-7.44,11.1010569945323,0.798180669810684,278.0
16393,VARS,16,Non défini,1919.81,1781.25,116,116,16.12,11.1,9.1836037387863,0.794195446867783,52.0
17003,AIGREFEUILLE-D AUNIS,17,Non défini,2992.21,2640.76,246,246,-14.95,-14.75,12.2866254908509,0.76652098235571,130.0
17008,ANDILLY,17,Non défini,4034.55,2869.03,142,142,-6.42,4.64,13.1884425748934,0.789864003935963,9.0
17010,ANGOULINS,17,Non défini,4916.29,3929.36,190,190,-6.72,-14.8,14.2213170410855,0.799517569722272,195.0
17021,ARVERT,17,Non défini,2889.59,2802.44,356,356,-3.75,-3.98,12.4700560611895,0.762105420684049,172.0
17028,AYTRE,17,Non défini,4291.07,3923.75,460,460,-5.43,-3.0,14.2607713626211,0.76652098235571,1148.0
17051,LE BOIS PLAGE EN RE,17,Non défini,8069.42,8006.36,280,280,-5.98,3.43,13.9522306664594,0.767840189943932,20.0
17058,BOURCEFRANC-LE-CHAPUS,17,Non défini,3291.78,2644.21,252,252,-4.39,-3.64,11.1964875709087,0.683965213461907,163.0
17064,BREUILLET,17,Non défini,3387.72,3358.21,346,346,-5.49,0.31,13.6691026778591,0.791892488337157,29.0
17086,CHANIERS,17,Non défini,2104.54,1812.08,230,230,-8.89,-2.67,11.7833747420231,0.739014354549191,30.0
17091,CHARRON,17,Non défini,2517.72,2439.29,88,88,-14.34,-6.6,13.1884425748934,0.789864003935963,30.0
17093,LE CHATEAU D OLERON,17,Non défini,3507.89,3418.5,302,302,-7.65,-4.06,11.6277795408328,0.683965213461907,73.0
17094,CHATELAILLON-PLAGE,17,Non défini,5567.47,5027.12,322,322,-3.36,-2.91,15.1739688166943,0.799517569722272,445.0
17131,COZES,17,Non défini,2404.88,2049.68,134,134,-16.8,0.21,11.2615718157916,0.721285916517949,218.0
17140,DOLUS-D'OLERON,17,Non défini,4458.82,3843.75,525,525,-9.35,-4.7,11.6277795408328,0.683965213461907,98.0
17142,DOMPIERRE-SUR-MER,17,Non défini,3967.86,3404.51,174,174,-6.75,-3.52,16.5248068851353,0.844241947174178,125.0
17146,ECHILLAIS,17,Non défini,2408.89,2400.0,191,191,-4.87,-1.18,11.6277795408328,0.683965213461907,60.0
17153,ESNANDES,17,Non défini,2850.11,2429.65,82,82,-22.25,-17.39,13.1884425748934,0.789864003935963,61.0
17155,ETAULES,17,Non défini,2671.55,2703.59,208,208,-10.26,9.09,11.2548326304086,0.762105420684049,42.0
17161,LA FLOTTE,17,Non défini,7743.87,7344.87,256,256,-6.64,-6.97,13.9522306664594,0.767840189943932,27.0
17164,FONTCOUVERTE,17,Non défini,2002.79,1947.37,153,153,-2.12,-11.25,10.0905166034063,0.816344950960796,11.0
17168,FOURAS,17,Non défini,4332.41,3898.59,332,332,-9.85,-8.27,13.6626579255342,0.799517569722272,165.0
17172,GEMOZAC,17,Non défini,1830.05,1705.53,197,197,-2.54,-18.54,9.94051487276615,0.721285916517949,108.0
17185,LE GUA,17,Non défini,2843.99,2503.45,184,184,17.07,30.55,11.2548326304086,0.762105420684049,44.0
17190,L HOUMEAU,17,Non défini,3736.03,3684.21,104,104,-13.65,-7.75,13.9617490810893,0.870623822036847,95.0
17193,LA JARNE,17,Non défini,3725.25,3229.02,107,107,-4.2,2.51,13.5356767979864,0.799517569722272,24.0
17194,LA JARRIE,17,Non défini,3133.22,2917.65,103,103,-8.89,-10.82,11.9519547680785,0.76652098235571,49.0
17197,JONZAC,17,Non défini,4456.74,2057.69,192,192,-3.78,-10.54,11.5004600935617,0.689540957184745,843.0
17200,LAGORD,17,Non défini,3857.79,3646.75,269,269,-13.85,-8.95,15.0155291159715,0.870623822036847,269.0
17218,MARANS,17,Non défini,1928.22,1936.99,234,234,-5.28,-8.74,12.1343039661929,0.79758326348512,386.0
17219,MARENNES-HIERS-BROUAGE,17,Non défini,2522.33,2348.53,465,465,-9.94,-5.32,11.0444549529623,0.683965213461907,248.0
17222,MARSILLY,17,Non défini,4056.03,3812.5,105,105,8.42,1.18,13.9617490810893,0.870623822036847,40.0
17224,MATHA,17,Non défini,1340.39,1237.37,104,104,-22.22,9.45,9.93525644734761,0.635340173893196,216.0
17225,LES MATHES,17,Non défini,4468.32,4319.35,240,240,1.22,-3.81,13.6691026778591,0.791892488337157,22.0
17228,MEDIS,17,Non défini,3004.15,3000.0,215,215,-0.95,2.8,10.0957543726623,0.738657832892118,54.0
17230,MESCHERS-SUR-GIRONDE,17,Non défini,3536.54,3426.31,255,255,-12.56,-0.15,13.8472589001533,0.739014354549191,104.0
17240,MONTENDRE,17,Non défini,1594.4,1643.94,207,207,-15.21,1.96,10.5135514146665,0.68837116596533,277.0
17264,NIEUL-SUR-MER,17,Non défini,3848.23,3718.45,186,186,-6.91,-5.16,13.9617490810893,0.870623822036847,78.0
17274,PERIGNY,17,Non défini,4181.89,3828.43,314,314,-8.12,-2.72,17.3363066476391,0.844241947174178,606.0
17283,PONS,17,Non défini,2458.94,1747.75,251,251,7.42,6.06,10.8260751702785,0.809007562803492,676.0
17291,PUILBOREAU,17,Non défini,3809.99,3562.5,296,296,-7.16,-1.83,15.018043670866,0.789864003935963,256.0
17297,RIVEDOUX-PLAGE,17,Non défini,8656.54,7692.31,125,125,-4.42,0.73,13.9522306664594,0.767840189943932,39.0
17299,ROCHEFORT,17,Non défini,2825.15,2346.51,1190,1190,-8.5,-10.94,12.451374173484,0.743206396107406,4566.0
17300,LA ROCHELLE,17,Non défini,5136.19,4767.27,3438,3438,-6.67,-6.23,14.7491875893381,0.76652098235571,11819.0
17306,ROYAN,17,Non défini,4344.44,3913.24,1618,1618,-2.96,0.86,14.4125973746418,0.791892488337157,2196.0
17308,SAINT-AGNANT,17,Non défini,1984.72,2140.78,128,128,-15.27,-11.24,11.6277795408328,0.683965213461907,63.0
17333,SAINT-GEORGES-DE-DIDONNE,17,Non défini,4222.09,4028.35,487,487,-7.04,-3.14,14.3732773665003,0.739014354549191,290.0
17336,SAINT-GEORGES-DES-COTEAUX,17,Non défini,2365.98,2350.0,106,106,1.08,-4.6,11.024220057209,0.763694900534686,23.0
17337,SAINT-GEORGES-D OLERON,17,Non défini,3924.99,3781.87,616,616,-5.45,-4.26,11.6277795408328,0.683965213461907,85.0
17347,ST JEAN D'ANGELY,17,Non défini,2396.79,1572.38,390,390,-7.92,-5.44,11.0574545490118,0.689935754178504,1072.0
17349,SAINT-JEAN-DE-LIVERSAY,17,Non défini,2085.46,2222.22,99,99,-2.04,-2.12,13.1884425748934,0.789864003935963,19.0
17351,SAINT-JUST-LUZAC,17,Non défini,2647.0,2089.88,215,215,-34.28,-4.46,11.2548326304086,0.762105420684049,45.0
17353,SAINT-LAURENT-DE-LA-PREE,17,Non défini,2638.08,2680.0,138,138,-9.17,-7.87,13.5356767979864,0.799517569722272,4.0
17360,SAINTE-MARIE-DE-RE,17,Non défini,7880.79,7222.66,257,257,1.12,-2.76,13.9522306664594,0.767840189943932,13.0
17369,SAINT-MARTIN-DE-RE,17,Non défini,8223.07,7481.48,109,109,-3.88,5.62,13.9522306664594,0.767840189943932,85.0
17373,SAINT-MEDARD-D AUNIS,17,Non défini,3443.65,2925.67,148,148,-0.91,8.02,13.1884425748934,0.789864003935963,12.0
17376,ST OUEN D AUNIS,17,Non défini,2931.01,2926.08,69,69,-10.05,-12.87,14.7339717374428,0.844241947174178,18.0
17380,SAINT-PALAIS-SUR-MER,17,Non défini,5198.93,4796.46,391,391,-2.88,5.37,14.2257449826911,0.791892488337157,134.0
17385,SAINT-PIERRE-D'OLERON,17,Non défini,3845.72,3660.71,792,792,-9.16,-4.48,12.9483142497211,0.683965213461907,203.0
17391,SAINT-ROGATIEN,17,Non défini,3896.36,3473.17,28,28,-10.03,-4.28,11.9519547680785,0.76652098235571,31.0
17397,ST SAVINIEN,17,Non défini,2043.93,1870.5,395,395,16.26,-3.1,11.4617843319754,0.763694900534686,107.0
17407,SAINTE-SOULLE,17,Non défini,3544.74,3162.6,206,206,-0.29,-7.38,14.7339717374428,0.844241947174178,38.0
17409,SAINT-SULPICE-DE-ROYAN,17,Non défini,3352.81,3019.55,245,245,3.8,-7.17,13.6691026778591,0.791892488337157,41.0
17414,SAINT-XANDRE,17,Non défini,3537.82,3472.22,164,164,-10.6,-7.14,14.3839080475215,0.789864003935963,118.0
17415,SAINTES,17,Non défini,3173.14,2223.88,1323,1323,-1.41,-0.94,11.8215561150391,0.816344950960796,4128.0
17420,SALLES-SUR-MER,17,Non défini,3037.09,3158.09,74,74,-12.28,-8.87,13.5356767979864,0.799517569722272,29.0
17421,SAUJON,17,Non défini,3304.19,2705.16,449,449,-2.89,-1.72,10.7264260146484,0.738657832892118,598.0
17425,SEMUSSAC,17,Non défini,2914.39,2835.29,204,204,-9.93,-2.56,11.7833747420231,0.739014354549191,36.0
17429,SOUBISE,17,Non défini,3156.7,2580.65,59,59,-4.14,-7.69,11.6277795408328,0.683965213461907,49.0
17434,SURGERES,17,Non défini,2055.88,1893.4,312,312,-16.14,-6.5,11.6510181830257,0.780137545391968,759.0
17447,LE THOU,17,Non défini,2954.68,2687.5,124,124,-6.6,0.05,11.1884305495704,0.780137545391968,18.0
17449,TONNAY CHARENTE,17,Non défini,2364.65,2269.09,442,442,10.08,3.91,11.6418297409486,0.743206396107406,666.0
17452,LA TREMBLADE,17,Non défini,3765.12,3454.64,338,338,-10.54,-5.96,12.0711172756879,0.683965213461907,224.0
17461,VAUX-SUR-MER,17,Non défini,4548.98,4441.18,406,406,-6.66,-10.18,15.1665320594755,0.791892488337157,120.0
17466,VERINES,17,Non défini,2580.08,2707.69,82,82,3.74,-7.14,13.1884425748934,0.789864003935963,28.0
17472,VILLEDOUX,17,Non défini,2688.23,2800.0,83,83,-14.51,-10.51,13.1884425748934,0.789864003935963,7.0
18011,ARGENT-SUR-SAULDRE,18,Non défini,1524.95,1295.77,170,170,7.54,2.68,7.96032641914949,0.7893622852969,116.0
18015,AUBIGNY-SUR-NERE,18,Non défini,2581.95,1416.08,256,256,2.34,7.89,8.71895149827489,0.642907421902042,439.0
18018,AVORD,18,Non défini,1313.66,1295.24,47,47,-21.87,-8.47,7.6977343932239,0.713451092676983,59.0
18033,BOURGES,18,Non défini,2432.48,1740.37,3303,3303,-4.72,-5.73,11.4007559621826,0.794678735615324,11948.0
18050,LA CHAPELLE SAINT URSIN,18,Non défini,1621.99,1701.36,115,115,-9.65,-10.64,11.4552675285464,0.618391206780396,12.0
18087,DUN SUR AURON,18,Non défini,1590.81,1030.53,244,244,2.02,-4.19,10.4196500031468,0.724724334550035,163.0
18096,FOECY,18,Non défini,1236.44,1159.66,89,89,-12.17,15.97,7.97452600320203,0.785389190355475,78.0
18108,LA GUERCHE SUR L AUBOIS,18,Non défini,1496.89,1207.55,215,215,-11.25,7.87,8.49228105339553,0.710924418432486,176.0
18141,MEHUN-SUR-YEVRE,18,Non défini,1602.8,1485.48,384,384,4.53,-0.51,9.14148436329037,0.784170730544398,498.0
18148,MEREAU,18,Non défini,1157.84,1205.07,130,130,-15.65,-20.55,8.8002129344115,0.784170730544398,2.0
18180,PLAIMPIED-GIVAUDINS,18,Non défini,3282.96,2068.97,63,63,5.56,18.23,8.50020913444852,0.794678735615324,24.0
18197,SAINT-AMAND-MONTROND,18,Non défini,1722.55,1183.37,610,610,4.77,6.46,8.47333490946433,0.699140538341905,1777.0
18205,SAINT DOULCHARD,18,Non défini,1810.69,1762.5,336,336,-13.28,-8.08,12.714051171364,0.618391206780396,147.0
18207,SAINT-FLORENT-SUR-CHER,18,Non défini,1512.0,1309.03,314,314,-8.74,4.97,11.9199256154653,0.724724334550035,441.0
18213,SAINT-GERMAIN-DU-PUY,18,Non défini,2414.53,1773.44,255,255,8.11,2.47,11.2044733052185,0.618391206780396,119.0
18223,SAINT-MARTIN D AUXIGNY,18,Non défini,2095.52,1647.89,176,176,12.47,12.01,10.1474416170272,0.618391206780396,154.0
18242,SANCOINS,18,Non défini,1028.61,904.76,242,242,11.96,3.4,7.33329432463527,0.710924418432486,251.0
18267,TROUY,18,Non défini,1733.54,1660.26,169,169,-2.04,-10.42,11.4552675285464,0.618391206780396,25.0
18279,VIERZON,18,Non défini,1535.94,1085.71,1555,1555,-3.84,-7.85,8.98568510667383,0.703098688115324,4404.0
18281,VIGNOUX-SUR-BARANGEON,18,Non défini,1598.11,1588.98,169,169,14.9,3.28,7.97452600320203,0.785389190355475,10.0
19005,ALLASSAC,19,Non défini,1822.32,1652.82,302,302,-2.66,0.0,9.85507534279726,0.817929021342282,413.0
19010,ARGENTAT-SUR-DORDOGNE,19,Non défini,1510.21,1261.61,314,314,3.93,-12.72,8.87751721079194,0.765108073456094,330.0
19028,BORT LES ORGUES,19,Non défini,1184.25,833.33,227,227,-13.07,-29.82,7.34885660816712,0.707478363724838,606.0
19031,BRIVE LA GAILLARDE,19,Non défini,2945.02,2027.03,2700,2700,2.33,2.72,11.2641270452631,0.806527893137643,10085.0
19063,COSNAC,19,Non défini,2352.48,2075.47,157,157,6.59,1.5,9.76348554175554,0.767102378424635,56.0
19072,DONZENAC,19,Non défini,1728.77,1810.72,149,149,16.19,6.75,10.0999186641028,0.767102378424635,169.0
19073,EGLETONS,19,Non défini,1916.07,1698.63,209,209,23.43,2.66,10.1280112749878,0.680561396121132,592.0
19121,LUBERSAC,19,Non défini,2164.87,1377.07,267,267,1.9,2.98,9.52292697250727,0.764777661262068,115.0
19123,MALEMORT,19,Non défini,1835.39,1768.22,311,311,0.38,1.39,11.1905735867254,0.806527893137643,638.0
19136,MEYMAC,19,Non défini,3919.75,1663.37,263,263,21.98,8.4,9.19124328994279,0.680561396121132,211.0
19146,NAVES,19,Non défini,2804.48,1659.54,233,233,14.48,24.22,10.0145259915391,0.792855528813922,141.0
19153,OBJAT,19,Non défini,1602.78,1609.38,175,175,1.05,-2.29,10.242536926023,0.717054596029295,568.0
19202,SAINTE FEREOLE,19,Non défini,1822.73,1709.42,149,149,-4.47,5.65,9.76348554175554,0.767102378424635,70.0
19229,SAINT-PANTALEON-DE-LARCHE,19,Non défini,2015.99,2003.17,209,209,-2.28,3.95,11.3618417807682,0.806527893137643,136.0
19272,TULLE,19,Non défini,2374.48,1522.67,1214,1214,40.65,14.54,9.08440779281589,0.711664443402435,5086.0
19274,USSAC,19,Non défini,1877.79,1953.49,258,258,-3.25,-11.78,11.439152954801,0.767102378424635,177.0
19275,USSEL,19,Non défini,1420.71,1217.48,502,502,-13.96,-14.41,10.3164671903537,0.714180919657068,1897.0
19276,UZERCHE,19,Non défini,1225.19,1048.39,231,231,-1.71,-13.67,9.11679085478413,0.672566715041845,420.0
19278,VARETZ,19,Non défini,2222.24,1867.98,99,99,8.97,-7.86,9.67395290041842,0.806527893137643,39.0
21021,ARC-SUR-TILLE,21,Non défini,3428.08,2680.41,143,143,-4.44,-5.29,9.81304970741175,0.801458978548553,91.0
21038,AUXONNE,21,Non défini,1698.69,1566.27,361,361,-18.44,-3.59,10.3207236850732,0.774956285058897,1615.0
21054,BEAUNE,21,Non défini,3564.51,2746.43,1048,1048,-3.42,-2.09,13.1837707304068,0.827080812493529,3858.0
21103,BRAZEY-EN-PLAINE,21,Non défini,2028.79,1992.46,103,103,-3.63,5.93,9.82464920445073,0.777197325365942,123.0
21154,CHATILLON SUR SEINE,21,Non défini,1349.75,1016.05,237,237,-29.47,-7.2,8.2206914379209,0.710029864295448,1208.0
21166,CHENOVE,21,Non défini,1643.84,1391.3,365,365,-20.34,-14.16,13.1000456682884,0.77768884241188,1210.0
21171,CHEVIGNY-SAINT-SAUVEUR,21,Non défini,2625.62,2637.63,390,390,-2.42,-10.28,15.1663243924982,0.914017331959998,1387.0
21231,DIJON,21,Non défini,3117.07,2700.0,7839,7839,-4.0,-4.0,13.3420445584649,0.86575308995688,51194.0
21278,FONTAINE-LES-DIJON,21,Non défini,3028.44,2908.73,288,288,-3.42,-3.29,13.5768587054882,0.86575308995688,1075.0
21292,GENLIS,21,Non défini,2317.04,1942.03,155,155,-12.77,-9.33,11.5333781189631,0.849385385137826,399.0
21295,GEVREY CHAMBERTIN,21,Non défini,3417.76,2454.18,217,217,-7.53,-9.5,13.3628664056495,0.699021516563588,332.0
21317,IS SUR TILLE,21,Non défini,2837.67,2282.61,181,181,0.65,7.73,10.8231817850919,0.808549013014427,508.0
21355,LONGVIC,21,Non défini,2442.43,2406.98,236,236,-5.14,-4.53,12.7447025900714,0.864270370266609,933.0
21390,MARSANNAY LA COTE,21,Non défini,2693.45,2439.02,182,182,-4.47,-4.06,13.9063583664579,0.806735941805022,141.0
21425,MONTBARD,21,Non défini,1574.21,1212.12,263,263,-4.36,-9.2,9.90472266047953,0.728633761206086,722.0
21452,NEUILLY-CRIMOLOIS,21,Non défini,2652.0,2700.99,60,60,-4.16,-10.22,12.1531734257861,0.905928150606138,66.0
21464,NUITS-SAINT-GEORGES,21,Non défini,2513.45,2297.89,266,266,-1.16,-3.09,12.1850052983776,0.822732202228774,779.0
21481,PERRIGNY-LES-DIJON,21,Non défini,2697.6,2897.89,67,67,-5.57,-1.23,14.2848619939196,0.806735941805022,263.0
21485,PLOMBIERES-LES-DIJON,21,Non défini,4140.8,2763.06,175,175,12.86,-11.5,11.953422895981,0.881175420536022,172.0
21515,QUETIGNY,21,Non défini,2734.41,2432.43,239,239,7.07,2.76,14.0515706748612,0.795734431953451,1033.0
21540,SAINT-APOLLINAIRE,21,Non défini,2853.97,2860.48,340,340,-5.28,-7.82,13.9555564184722,0.88110703398041,712.0
21584,SAULIEU,21,Non défini,1904.74,1686.75,157,157,42.44,19.01,8.73803964763633,0.70912108867327,401.0
21599,SELONGEY,21,Non défini,1706.98,1661.61,169,169,-4.88,7.52,10.0831721815561,0.783051761455178,170.0
21603,SEMUR-EN-AUXOIS,21,Non défini,4756.18,2169.64,214,214,12.31,12.82,9.47110571569989,0.693018758712643,762.0
21605,SENNECEY-LES-DIJON,21,Non défini,2579.47,2539.82,40,40,-12.81,-14.9,13.223790905922,0.864270370266609,165.0
21607,SEURRE,21,Non défini,1655.4,1375.0,91,91,-11.35,-19.19,10.217826157701,0.775734089324328,428.0
21617,TALANT,21,Non défini,2625.81,2476.89,336,336,-7.09,-0.02,13.3175434829224,0.881175420536022,965.0
21657,VAROIS ET CHAIGNOT,21,Non défini,3016.39,2970.02,59,59,-1.48,-0.08,13.4721293395249,0.795734431953451,18.0
21663,VENAREY-LES-LAUMES,21,Non défini,1920.7,1418.03,157,157,-11.57,1.5,8.54212527027195,0.614617237010482,207.0
22004,BEGARD,22,Non défini,1685.95,1533.94,246,246,-14.31,-5.77,9.74935834271285,0.718314943113925,233.0
22013,BOURBRIAC,22,Non défini,1589.93,1658.37,330,330,33.72,8.24,8.79964165164803,0.780198400151721,94.0
22020,BROONS,22,Non défini,2278.84,1736.11,177,177,0.45,0.62,10.1966351582531,0.723643816149963,218.0
22025,CALLAC,22,Non défini,1207.34,1202.29,182,182,8.35,6.13,7.85753705555998,0.693594577512633,125.0
22032,CAULNES,22,Non défini,8344.23,3583.33,212,212,40.11,113.21,10.6200591377765,0.723643816149963,158.0
22046,LE MENE,22,Non défini,1387.13,1220.83,706,706,-6.83,-6.36,8.89682447653196,0.758156399891194,102.0
22048,CORSEUL,22,Non défini,2342.93,2120.0,123,123,-3.09,-6.88,11.3239909716019,0.730848217964769,36.0
22050,DINAN,22,Non défini,3736.57,2936.02,761,761,-0.21,1.49,14.7642792398754,0.799860579912092,2179.0
22054,ERQUY,22,Non défini,4197.32,3704.82,346,346,-3.17,-9.49,10.7000198483279,0.765095603140109,92.0
22055,BINIC-ETABLES-SUR-MER,22,Non défini,4932.55,3316.18,354,354,4.63,8.78,12.5881328897345,0.744374962431963,412.0
22067,GRACES,22,Non défini,1881.34,1708.15,215,215,-13.64,28.11,10.294634547781,0.77645734652247,21.0
22070,GUINGAMP,22,Non défini,3022.73,2000.0,323,323,1.59,0.0,10.8836118969509,0.780198400151721,1911.0
22079,HENON,22,Non défini,2079.01,1818.18,141,141,-4.07,23.38,9.35480315842697,0.701083785837535,34.0
22081,HILLION,22,Non défini,2221.32,2142.86,209,209,-13.12,-10.41,11.2592836110451,0.828780274987635,106.0
22084,JUGON-LES-LACS-COMMUNE NOUVELL,22,Non défini,1826.34,1824.26,244,244,-4.23,6.41,9.49591841707798,0.723643816149963,23.0
22093,LAMBALLE-ARMOR,22,Non défini,3357.93,2629.63,991,991,8.41,9.57,11.435733913844,0.765095603140109,1580.0
22106,LANGUEUX,22,Non défini,2392.46,2372.23,286,286,2.8,0.37,11.3888605971793,0.828780274987635,509.0
22113,LANNION,22,Non défini,3123.42,2434.62,771,771,11.12,8.69,13.3615568842306,0.806829943182521,2013.0
22118,LANVALLAY,22,Non défini,2533.6,2423.08,248,248,-12.02,6.53,11.7617415014376,0.695010156009688,121.0
22134,LOUANNEC,22,Non défini,2842.65,2950.92,97,97,-11.11,1.09,12.037139323846,0.78461021146155,17.0
22135,LOUARGAT,22,Non défini,1702.84,1539.86,182,182,10.26,23.19,9.5830120731627,0.718314943113925,27.0
22136,LOUDEAC,22,Non défini,1974.89,1478.26,534,534,-11.3,0.61,11.2644853555473,0.763546959275144,829.0
22147,MERDRIGNAC,22,Non défini,2482.94,1578.03,253,253,1.7,15.26,10.0501338977251,0.723643816149963,200.0
22155,LA MOTTE,22,Non défini,1835.65,1516.85,97,97,36.39,10.85,9.96897139374315,0.784966547485623,39.0
22158,GUERLEDAN,22,Non défini,1243.62,1212.53,200,200,-17.57,-13.97,9.28540643536278,0.810630180383869,59.0
22161,PABU,22,Non défini,1884.67,1794.52,107,107,16.9,0.89,10.294634547781,0.77645734652247,38.0
22162,PAIMPOL,22,Non défini,3579.6,3130.83,452,452,-5.26,4.36,12.5656492570203,0.773903208945428,599.0
22166,PENVENAN,22,Non défini,3580.01,3009.96,151,151,-0.72,-1.25,12.0384128328824,0.806829943182521,29.0
22168,PERROS-GUIREC,22,Non défini,4224.55,3819.38,495,495,0.82,3.49,12.6589334509428,0.78461021146155,453.0
22171,PLAINTEL,22,Non défini,2096.74,2084.59,241,241,-0.35,7.89,11.943094232926,0.749117988262827,150.0
22172,PLANCOET,22,Non défini,2592.06,2292.68,168,168,0.2,2.98,11.2063127947887,0.730848217964769,391.0
22176,PLEDRAN,22,Non défini,1979.06,1952.19,391,391,-2.39,1.79,10.3270165413219,0.701083785837535,175.0
22182,PLELO,22,Non défini,2212.01,1803.41,210,210,11.86,-10.42,10.2105106718057,0.814866682001889,50.0
22183,PLEMET,22,Non défini,1435.07,1145.75,275,275,-21.33,-11.21,9.14836527696139,0.758156399891194,119.0
22185,PLENEE-JUGON,22,Non défini,1536.6,1507.28,209,209,-4.9,-9.09,9.49591841707798,0.723643816149963,57.0
22186,PLENEUF-VAL-ANDRE,22,Non défini,4942.88,4284.38,450,450,1.02,-0.7,12.6730465208145,0.765095603140109,217.0
22187,PLERIN,22,Non défini,2981.52,2751.67,606,606,-4.29,3.15,12.1967180426255,0.814866682001889,871.0
22190,PLESLIN-TRIGAVOU,22,Non défini,2292.35,2400.0,261,261,-9.49,-7.04,11.2534185685328,0.695010156009688,32.0
22194,PLESTIN-LES-GREVES,22,Non défini,3007.97,2636.25,257,257,9.84,20.51,10.5107878132781,0.715772880878402,114.0
22195,PLEUBIAN,22,Non défini,2441.5,1994.32,234,234,-30.2,-8.69,9.5830120731627,0.718314943113925,55.0
22197,PLEUDIHEN-SUR-RANCE,22,Non défini,2580.41,2729.29,182,182,-15.17,-10.77,11.2534185685328,0.695010156009688,61.0
22198,PLEUMEUR-BODOU,22,Non défini,3354.17,3020.0,230,230,-1.8,-2.0,12.037139323846,0.78461021146155,49.0
22203,PLOEUC-L'HERMITAGE,22,Non défini,1416.1,1357.53,377,377,-26.12,-8.31,10.2427993831939,0.763546959275144,126.0
22206,CHATELAUDREN-PLOUAGAT,22,Non défini,2206.32,1847.83,291,291,9.71,12.92,10.5160035436207,0.77645734652247,362.0
22207,PLOUARET,22,Non défini,1642.87,1573.7,298,298,-8.02,-8.48,9.53245543408633,0.715772880878402,93.0
22209,BEAUSSAIS-SUR-MER,22,Non défini,3485.54,3409.09,261,261,11.32,11.7,13.185730124705,0.789096099570296,183.0
22210,PLOUBAZLANEC,22,Non défini,4635.28,3781.82,209,209,11.65,31.76,10.8487593192734,0.773903208945428,16.0
22211,PLOUBEZRE,22,Non défini,2040.66,1929.52,193,193,-11.83,-7.69,9.53245543408633,0.715772880878402,83.0
22213,PLOUER-SUR-RANCE,22,Non défini,2800.41,2787.88,167,167,-7.72,-2.14,12.5769521914477,0.789096099570296,73.0
22214,PLOUEZEC,22,Non défini,2669.22,2621.95,217,217,2.38,2.15,10.8487593192734,0.773903208945428,50.0
22215,PLOUFRAGAN,22,Non défini,2166.88,2072.92,447,447,2.53,8.14,11.0940622343275,0.803924582787101,314.0
22219,PLOUGUENAST-LANGAST,22,Non défini,1455.95,1521.28,172,172,21.75,9.9,9.27487782248911,0.763546959275144,22.0
22222,PLOUHA,22,Non défini,2915.58,2591.67,374,374,9.43,0.73,11.5411334744177,0.830840176184624,200.0
22223,PLOUISY,22,Non défini,1628.07,1590.91,157,157,-14.21,-16.85,8.79964165164803,0.780198400151721,31.0
22225,PLOUMAGOAR,22,Non défini,2009.05,1636.36,185,185,-12.58,2.84,11.3023776990019,0.77645734652247,111.0
22226,PLOUMILLIAU,22,Non défini,2348.46,2144.83,172,172,18.53,11.9,9.53245543408633,0.715772880878402,21.0
22232,PLOURHAN,22,Non défini,2908.46,2824.86,168,168,25.95,22.35,12.3048377384168,0.744374962431963,13.0
22233,PLOURIVO,22,Non défini,2492.66,2105.26,170,170,13.87,-2.93,9.5830120731627,0.718314943113925,19.0
22237,PLUDUNO,22,Non défini,1749.62,1683.33,124,124,-25.33,-23.75,9.35480315842697,0.701083785837535,20.0
22246,POMMERET,22,Non défini,1822.09,1920.53,70,70,-12.94,11.75,10.5848611698887,0.828780274987635,13.0
22251,PORDIC,22,Non défini,2837.72,2462.69,370,370,-8.68,-1.49,12.0546110621257,0.830840176184624,169.0
22258,QUESSOY,22,Non défini,2121.97,2046.96,183,183,3.35,6.42,10.3608386697437,0.828780274987635,131.0
22259,QUEVERT,22,Non défini,2356.8,2373.45,182,182,-1.51,-2.46,11.3239909716019,0.730848217964769,44.0
22262,QUINTIN,22,Non défini,3283.18,2057.97,65,65,-7.39,16.8,10.7751641704746,0.749117988262827,452.0
22264,LA ROCHE-JAUDY,22,Non défini,1563.73,1473.68,121,121,-2.13,-31.0,9.7299421552667,0.760844950057294,77.0
22266,ROSTRENEN,22,Non défini,1149.54,1130.43,205,205,-11.42,11.87,8.53763550241889,0.693594577512633,231.0
22272,ST AGATHON,22,Non défini,2799.67,2252.69,129,129,5.03,30.16,10.294634547781,0.77645734652247,51.0
22273,SAINT-ALBAN,22,Non défini,2674.09,2768.13,81,81,7.54,2.52,9.35480315842697,0.701083785837535,18.0
22277,SAINT-BRANDAN,22,Non défini,2429.1,1875.0,175,175,0.81,35.42,10.2985908887827,0.749117988262827,45.0
22278,SAINT-BRIEUC,22,Non défini,2549.29,1914.89,2297,2297,-1.45,0.53,11.3557108129842,0.803924582787101,9539.0
22282,SAINT-CAST-LE-GUILDO,22,Non défini,5283.17,4750.0,398,398,1.24,16.11,12.4761828441204,0.730848217964769,120.0
22307,SAINT-JULIEN,22,Non défini,2537.62,2280.0,95,95,11.32,15.13,10.4219021784914,0.803924582787101,55.0
22325,SAINT-QUAY-PORTRIEUX,22,Non défini,4050.48,3726.85,284,284,-2.22,2.0,13.0169990611261,0.744374962431963,200.0
22339,TADEN,22,Non défini,3456.33,2248.54,190,190,6.98,-2.04,11.2534185685328,0.695010156009688,55.0
22343,TREBEURDEN,22,Non défini,4502.19,3190.91,325,325,0.2,10.58,12.0203693341822,0.78461021146155,152.0
22353,TREGASTEL,22,Non défini,5793.21,4594.39,172,172,36.52,10.96,12.037139323846,0.78461021146155,44.0
22360,TREGUEUX,22,Non défini,2336.67,2205.51,270,270,-1.77,3.54,11.4680550262665,0.828780274987635,477.0
22362,TREGUIER,22,Non défini,3408.09,2351.04,109,109,1.76,3.26,12.9463375479249,0.806829943182521,343.0
22364,TRELIVAN,22,Non défini,2644.72,2648.53,156,156,2.55,3.64,13.4857855039248,0.799860579912092,37.0
22372,TREMUSON,22,Non défini,3114.2,2162.7,152,152,-4.49,1.18,10.2105106718057,0.814866682001889,70.0
22389,YFFINIAC,22,Non défini,3680.82,2315.79,226,226,1.63,0.04,10.9351238496184,0.828780274987635,349.0
23008,AUBUSSON,23,Non défini,1467.09,974.75,331,331,-25.09,5.94,8.22359167646054,0.737501996548559,812.0
23030,BOURGANEUF,23,Non défini,1043.21,727.94,158,158,-23.57,-7.21,9.02568353040396,0.735158417914354,352.0
23096,GUERET,23,Non défini,1922.1,1237.29,620,620,-10.44,-1.02,9.44078367096312,0.776597168200447,3753.0
23176,LA SOUTERRAINE,23,Non défini,2236.53,1477.27,377,377,3.41,5.98,8.86003199726597,0.690116607813778,1019.0
23193,SAINTE-FEYRE,23,Non défini,2221.5,1572.58,181,181,12.04,-10.32,8.77434693119499,0.776597168200447,43.0
24026,BASSILLAC ET AUBEROCHE,24,Non défini,2145.39,1842.11,244,244,-7.87,-3.11,8.96110507517818,0.808509341808237,21.0
24037,BERGERAC,24,Non défini,2892.16,1764.71,1604,1604,-3.84,-2.88,10.9138968702555,0.714012129795976,3930.0
24053,BOULAZAC ISLE MANOIRE,24,Non défini,2808.71,1999.9,456,456,-3.71,-2.25,10.7440890246734,0.808509341808237,288.0
24064,BRANTOME EN PERIGORD,24,Non défini,1836.49,1641.79,616,616,-3.37,-13.33,11.2577307345029,0.706499821356043,179.0
24067,LE BUGUE,24,Non défini,2388.35,1731.71,344,344,-6.17,-13.41,10.0761521088241,0.798392297037049,228.0
24098,CHAMPCEVINEL,24,Non défini,2071.41,2083.33,180,180,7.14,-2.4,10.6438621248983,0.810660052771533,138.0
24102,CHANCELADE,24,Non défini,1784.42,1768.07,241,241,-4.17,-11.04,9.43447035397373,0.810660052771533,62.0
24115,CHATEAU-L EVEQUE,24,Non défini,2114.3,1631.02,197,197,24.81,-9.01,10.3696992542054,0.706499821356043,46.0
24138,COULOUNIEIX-CHAMIERS,24,Non défini,1811.12,1773.13,285,285,2.16,-3.21,12.4581597020688,0.840099981300029,414.0
24139,COURSAC,24,Non défini,2121.38,2332.5,218,218,3.41,4.46,9.43447035397373,0.810660052771533,2.0
24167,EYMET,24,Non défini,2121.4,1832.05,239,239,-8.15,18.03,9.53035350536504,0.770552087539843,175.0
24222,LA FORCE,24,Non défini,1788.57,1675.0,197,197,-9.12,-5.24,10.2739176810027,0.815615205672747,54.0
24223,LALINDE,24,Non défini,2914.82,1931.02,250,250,-1.97,3.49,10.9636046801346,0.788202936199302,218.0
24225,LAMONZIE-ST-MARTIN,24,Non défini,1735.12,1822.21,145,145,-2.57,-4.03,9.44595476297248,0.770552087539843,6.0
24253,MAREUIL EN PERIGORD,24,Non défini,2066.74,1360.0,336,336,-4.8,5.09,9.0972531668761,0.539711949041395,91.0
24256,MARSAC-SUR-L'ISLE,24,Non défini,1830.75,1648.14,138,138,-10.91,-4.2,10.183586211575,0.810660052771533,222.0
24291,MONTIGNAC-LASCAUX,24,Non défini,2098.59,1850.57,237,237,-4.72,-3.77,11.2281882356108,0.768599306092489,142.0
24294,MONTPON-MENESTEROL,24,Non défini,2164.33,1493.24,606,606,-14.12,-15.38,9.84490073704373,0.663902109823401,474.0
24299,MUSSIDAN,24,Non défini,1798.85,1277.22,106,106,-9.85,-9.48,9.58136989985186,0.636987815455958,582.0
24309,NEUVIC,24,Non défini,1603.39,1554.22,274,274,1.38,-2.49,8.27719797852319,0.708506759878205,77.0
24311,NONTRON,24,Non défini,1694.4,1404.11,369,369,13.75,32.33,9.19677629925354,0.539711949041395,435.0
24312,SANILHAC,24,Non défini,1866.99,1812.5,192,192,-16.11,-8.56,10.8513695314032,0.840099981300029,85.0
24322,PERIGUEUX,24,Non défini,3645.13,2238.1,1494,1494,6.23,10.77,10.2573524751234,0.810660052771533,10414.0
24335,PORT-SAINTE-FOY-ET-PONCHAPT,24,Non défini,2022.9,1550.0,120,120,11.08,6.03,10.4546204926356,0.754320859626895,109.0
24340,PRIGONRIEUX,24,Non défini,1894.87,1825.12,183,183,-8.32,2.21,10.2739176810027,0.815615205672747,15.0
24350,RAZAC-SUR-L ISLE,24,Non défini,4126.31,1850.54,139,139,2.1,15.7,10.2739176810027,0.815615205672747,78.0
24352,RIBERAC,24,Non défini,1777.78,1624.24,300,300,6.06,4.41,8.56293313218899,0.708506759878205,468.0
24354,LA ROCHE-CHALAIS,24,Non défini,2132.34,1727.27,351,351,33.34,10.09,9.98450825857014,0.716745662419323,256.0
24372,SAINT-ASTIER,24,Non défini,1630.97,1557.89,339,339,-1.37,-6.09,9.74585367332733,0.815615205672747,296.0
24442,ST-LEON SUR L ISLE,24,Non défini,1987.93,1439.02,102,102,-3.88,0.08,8.27719797852319,0.708506759878205,13.0
24520,SARLAT-LA-CANEDA,24,Non défini,3118.3,2230.86,667,667,1.98,5.85,11.1675999677141,0.798392297037049,918.0
24547,TERRASSON LAVILLEDIEU,24,Non défini,2151.01,1641.3,350,350,3.66,10.47,9.95257825136209,0.781166466346725,663.0
24551,THIVIERS,24,Non défini,2200.51,1416.67,324,324,-0.83,-4.51,8.97702398884059,0.668239188561215,363.0
24557,TRELISSAC,24,Non défini,1962.12,1752.38,398,398,3.75,-3.03,10.8452489176037,0.781644579807644,582.0
25031,AUDINCOURT,25,Non défini,2723.31,1560.71,664,664,19.43,-6.15,10.2259750982004,0.73446100396864,2556.0
25035,LES AUXONS,25,Non défini,2422.53,2576.52,78,78,-3.2,-1.38,12.6989686908063,0.759606223676444,104.0
25036,AVANNE-AVENEY,25,Non défini,2426.15,2433.38,84,84,-12.67,15.59,12.5122696954999,0.760837914741334,100.0
25043,BART,25,Non défini,1718.3,1382.72,31,31,-19.44,-1.32,10.3932371974665,0.741111650869328,211.0
25047,BAUME LES DAMES,25,Non défini,1717.46,1551.31,204,204,-31.04,-3.33,9.77606236929584,0.754571675567452,1039.0
25048,BAVANS,25,Non défini,1627.84,1774.43,74,74,27.3,2.73,10.5554473598497,0.636682638486286,356.0
25056,BESANCON,25,Non défini,2946.22,2306.44,5589,5589,-7.74,-3.9,12.8805862627032,0.843991122002211,33421.0
25057,BETHONCOURT,25,Non défini,1302.7,1362.41,79,79,15.22,-14.85,9.61161527347247,0.73478535060097,278.0
25127,CHARQUEMONT,25,Non défini,2374.86,2195.12,191,191,5.97,3.96,12.3431500435204,0.776151643793313,477.0
25133,CHATILLON LE DUC,25,Non défini,2463.78,2415.05,113,113,-7.39,-3.57,12.6934849445026,0.80390514160334,47.0
25147,CHEMAUDIN ET VAUX,25,Non défini,2344.13,2207.58,33,33,-12.71,-21.73,11.9257438181662,0.792800443467287,103.0
25204,DOUBS,25,Non défini,3236.82,3008.62,109,109,-5.72,-12.48,15.8522795784923,0.70295837622963,290.0
25212,ECOLE-VALENTIN,25,Non défini,2609.74,2476.75,125,125,-6.38,-4.03,14.068233741184,0.80390514160334,246.0
25228,ETUPES,25,Non défini,1542.8,1394.12,174,174,-23.64,-15.22,11.2047890919222,0.793172343591376,318.0
25230,EXINCOURT,25,Non défini,1633.16,1769.84,98,98,3.62,0.81,11.210519587996,0.750906951192004,234.0
25237,FESCHES-LE-CHATEL,25,Non défini,2296.59,1649.35,69,69,-6.54,-7.16,9.96661795260178,0.676725970178665,398.0
25240,LES FINS,25,Non défini,3012.6,3047.94,127,127,-3.18,-10.5,15.0436184040262,0.635647373530623,294.0
25258,FRANOIS,25,Non défini,3506.97,2645.96,140,140,4.96,-6.29,12.4702362792173,0.760837914741334,193.0
25284,GRAND-CHARMONT,25,Non défini,1281.97,1234.28,82,82,-2.83,-16.15,10.6507700426874,0.73478535060097,431.0
25304,HERIMONCOURT,25,Non défini,1419.9,1237.5,145,145,-28.01,-16.94,9.95773599273742,0.738042516536028,778.0
25315,L'ISLE SUR LE DOUBS,25,Non défini,1256.97,1044.11,99,99,-1.46,-23.17,8.85918740252836,0.647355817808468,591.0
25321,VILLERS LE LAC,25,Non défini,3378.2,3059.52,254,254,-1.76,-6.48,15.4696598803634,0.740402432817172,850.0
25334,LEVIER,25,Non défini,2674.94,2008.93,105,105,-12.31,-13.62,12.1834329931053,0.794133715110656,259.0
25356,MAICHE,25,Non défini,2353.06,2284.19,196,196,1.14,8.13,11.3839113596889,0.756741482010573,958.0
25367,MANDEURE,25,Non défini,1174.99,1114.29,235,235,-29.36,-25.01,12.3137843501971,0.731462309839818,638.0
25370,MATHAY,25,Non défini,1371.45,1455.63,99,99,-22.02,-8.16,9.78919193367651,0.76368537814436,120.0
25381,MISEREY SALINES,25,Non défini,2377.95,2554.74,104,104,-10.25,-2.76,13.196348187511,0.80390514160334,266.0
25388,MONTBELIARD,25,Non défini,2534.85,1212.33,1020,1020,3.49,-13.12,10.4100413100693,0.738554887071337,6563.0
25397,MONTFERRAND LE CHATEAU,25,Non défini,2645.21,2459.02,139,139,0.45,-1.84,12.2317119423727,0.760837914741334,145.0
25403,MONTLEBON,25,Non défini,4177.22,3665.98,129,129,3.31,11.34,15.518721689965,0.635647373530623,143.0
25411,MORTEAU,25,Non défini,3811.32,2882.86,369,369,-4.38,0.44,16.0047279087307,0.703859639312086,1778.0
25432,ORCHAMPS VENNES,25,Non défini,3354.51,2972.53,114,114,12.11,11.19,11.6145919583295,0.706695879878733,280.0
25434,ORNANS,25,Non défini,2160.72,2031.25,275,275,13.23,1.56,10.0416722245791,0.787913722236323,577.0
25454,PIREY,25,Non défini,2183.77,2167.58,92,92,-22.33,-18.33,13.9765754730008,0.80390514160334,175.0
25462,PONTARLIER,25,Non défini,3675.49,2719.89,1167,1167,-2.3,-0.42,15.1600749508874,0.809446929340382,4889.0
25463,PONT-DE-ROIDE,25,Non défini,2021.11,1405.96,139,139,1.36,-7.15,8.80237399145112,0.745201901508756,660.0
25467,POUILLEY LES VIGNES,25,Non défini,2377.03,2333.33,61,61,-12.91,-22.22,13.0815832365464,0.80390514160334,142.0
25495,ROCHE LEZ BEAUPRE,25,Non défini,2261.79,1979.46,57,57,-4.44,-2.75,11.4190240933049,0.7862847430684,291.0
25512,RUSSEY (LE),25,Non défini,2576.94,2334.74,180,180,11.18,-9.59,12.2713407538982,0.740402432817172,217.0
25527,SAINT VIT,25,Non défini,2052.03,1802.47,200,200,-20.14,-27.62,12.408269902228,0.818097844263051,436.0
25532,SAONE,25,Non défini,2683.33,2200.79,94,94,-10.97,-8.07,11.7816485701243,0.708603305151466,393.0
25539,SELONCOURT,25,Non défini,1676.82,1555.96,220,220,-9.81,-16.8,10.3573971483896,0.715258449256616,1120.0
25547,SOCHAUX,25,Non défini,3583.12,1641.18,240,240,0.73,73.15,10.5894883608689,0.750906951192004,635.0
25560,THISE,25,Non défini,2635.06,2335.37,91,91,-1.73,1.66,12.5472960154218,0.85107272670538,179.0
25578,VALDAHON,25,Non défini,2819.52,2636.36,179,179,1.91,2.72,13.9102576401738,0.748610876018049,951.0
25580,VALENTIGNEY,25,Non défini,1398.14,1303.69,381,381,-1.87,-10.05,10.0379898129498,0.73446100396864,1276.0
25614,VIEUX-CHARMONT,25,Non défini,3906.16,1724.38,73,73,-4.73,-4.38,10.7333127832647,0.824731928586922,301.0
25632,VOUJEAUCOURT,25,Non défini,1577.89,1369.57,76,76,-26.96,-24.27,10.741402969586,0.741111650869328,382.0
26004,ALIXAN,26,Non défini,2831.74,2682.93,117,117,21.84,1.61,11.0742658117151,0.611555936507008,192.0
26006,ALLEX,26,Non défini,2632.9,2569.85,104,104,-7.9,-11.44,10.7891668244125,0.704906664377272,87.0
26010,ANNEYRON,26,Non défini,2236.5,2353.36,123,123,-6.23,-3.92,11.5824897637845,0.738608858451345,363.0
26011,AOUSTE-SUR-SYE,26,Non défini,2565.38,2432.56,92,92,-17.16,-16.29,10.579602578899,0.779971098295805,133.0
26037,BEAUMONT LES VALENCE,26,Non défini,3002.55,2747.59,179,179,-4.54,2.96,12.3394345069879,0.772085003178298,314.0
26057,BOURG-DE-PEAGE,26,Non défini,2700.93,2251.76,436,436,-0.55,-5.9,10.8799096371087,0.682223771837654,1789.0
26058,BOURG LES VALENCE,26,Non défini,2625.63,2244.9,820,820,-4.44,5.19,11.6727539646497,0.745013408334078,2335.0
26063,BUIS-LES-BARONNIES,26,Non défini,2749.31,2619.05,139,139,-16.79,-22.21,9.71044836952505,0.639013696314715,232.0
26064,CHABEUIL,26,Non défini,3010.51,2883.89,295,295,0.4,-0.29,11.3660964933665,0.790572352526503,594.0
26084,CHATEAUNEUF-SUR-ISERE,26,Non défini,3181.45,2686.26,206,206,-4.79,2.37,12.3523935725662,0.690000215852587,203.0
26085,CHATEAUNEUF-DU-RHONE,26,Non défini,2492.5,2385.92,118,118,2.26,12.79,12.0713603780522,0.760729008245582,182.0
26088,CHATUZANGE-LE-GOUBET,26,Non défini,2836.3,2739.6,301,301,-4.11,1.15,12.1523145518538,0.611555936507008,190.0
26108,CREST,26,Non défini,3030.98,2356.88,300,300,-3.9,-6.77,11.1849846096275,0.779971098295805,1128.0
26113,DIE,26,Non défini,2588.11,2516.24,252,252,-15.18,-17.52,11.75397160684,0.77697857231704,356.0
26114,DIEULEFIT,26,Non défini,2821.86,2912.62,180,180,-11.15,-8.87,11.0887868310468,0.751254614897974,343.0
26116,DONZERE,26,Non défini,3060.77,2206.31,185,185,0.84,-3.42,9.80775519137906,0.769147513780255,626.0
26124,ETOILE-SUR-RHONE,26,Non défini,3426.14,2979.55,210,210,10.96,-7.38,10.1159933122001,0.792087456957424,459.0
26139,GENISSIEUX,26,Non défini,2831.6,2838.1,56,56,-9.55,-3.35,10.0701057546549,0.761130110444798,37.0
26144,GRANE,26,Non défini,2725.22,2875.0,142,142,15.78,15.04,11.4137346505582,0.773192965037991,80.0
26165,LIVRON SUR DROME,26,Non défini,2310.36,2181.82,596,596,-4.95,-10.37,11.027677509107,0.704906664377272,1020.0
26166,LORIOL SUR DROME,26,Non défini,2104.45,2086.43,217,217,-10.58,-15.41,10.2301529010309,0.773192965037991,806.0
26169,MALATAVERNE,26,Non défini,1919.72,1808.27,48,48,-26.52,-31.86,11.4396379113536,0.737412955231437,32.0
26170,MALISSARD,26,Non défini,4480.91,2821.87,138,138,-1.56,-4.18,11.4330516240591,0.804165566920323,110.0
26179,MERCUROL-VEAUNES,26,Non défini,4656.32,2989.13,122,122,-5.34,-1.84,10.4184448286685,0.763669422651461,50.0
26191,MONTBOUCHER-SUR-JABRON,26,Non défini,2689.23,2869.13,93,93,-1.66,6.95,12.6982247178708,0.78966173421918,191.0
26197,MONTELIER,26,Non défini,3420.87,3197.04,157,157,-3.36,3.26,11.2697296109797,0.804165566920323,106.0
26198,MONTELIMAR,26,Non défini,2778.9,2251.0,1616,1616,-4.09,-2.23,11.6333890263239,0.742825369745303,8987.0
26206,MONTMEYRAN,26,Non défini,2809.19,2808.14,116,116,-5.19,25.19,11.8409945868965,0.772085003178298,166.0
26218,MOURS-SAINT-EUSEBE,26,Non défini,2776.56,2726.42,189,189,-3.47,-10.12,10.0701057546549,0.761130110444798,42.0
26220,NYONS,26,Non défini,3188.53,2830.11,333,333,2.91,5.84,11.2918861818078,0.744597960459954,1368.0
26231,PEYRINS,26,Non défini,2667.77,2651.25,141,141,-13.47,-1.94,10.8636887307758,0.761130110444798,139.0
26235,PIERRELATTE,26,Non défini,2074.44,1950.77,370,370,-5.1,-9.24,11.3661128000493,0.733897387706797,1645.0
26250,PONT DE L ISERE,26,Non défini,2591.58,2691.76,152,152,9.14,-3.1,12.41249905298,0.690000215852587,106.0
26252,PORTES LES VALENCE,26,Non défini,2411.03,2304.24,287,287,-6.16,-7.5,12.7691226268125,0.674590089784564,651.0
26271,LA ROCHE DE GLUN,26,Non défini,4892.21,2730.5,156,156,-6.53,-3.49,11.7815987215345,0.690000215852587,117.0
26281,ROMANS-SUR-ISERE,26,Non défini,2426.88,1915.75,1560,1560,-10.71,-6.38,10.6046058777975,0.693373313803675,6477.0
26301,SAINT-DONAT-SUR-L HERBASSE,26,Non défini,2482.44,2440.34,202,202,-11.54,-4.37,10.0598980141507,0.71929666756465,494.0
26307,SAINT-JEAN-EN-ROYANS,26,Non défini,2320.75,1747.7,143,143,-22.56,-14.59,9.18477046434958,0.734633065849982,395.0
26313,SAINT-MARCEL-LES-VALENCE,26,Non défini,3046.32,2721.6,217,217,3.15,-2.01,12.1271211169244,0.745013408334078,310.0
26324,SAINT-PAUL-TROIS-CHATEAUX,26,Non défini,2718.02,2630.6,265,265,12.75,3.63,11.0830318888549,0.737412955231437,942.0
26325,SAINT-RAMBERT-D ALBON,26,Non défini,2831.55,2357.43,235,235,5.1,2.38,10.0949071209367,0.72094244373977,643.0
26330,SAINT-SORLIN-EN-VALLOIRE,26,Non défini,2201.8,2194.77,74,74,20.55,-10.87,9.86944005206379,0.742362029650718,150.0
26332,SAINT UZE,26,Non défini,1970.31,2159.09,76,76,12.94,-4.26,8.86709586623373,0.75109170118692,319.0
26333,SAINT VALLIER,26,Non défini,1803.85,1656.4,208,208,1.93,-16.31,9.06214929588996,0.747834592561569,1223.0
26345,SUZE-LA-ROUSSE,26,Non défini,2927.71,2787.88,184,184,7.89,-12.45,9.98067833690131,0.710005898142367,157.0
26347,TAIN L HERMITAGE,26,Non défini,3147.01,2434.25,250,250,-11.9,2.51,11.4813107286809,0.796713393115835,1502.0
26357,TULETTE,26,Non défini,3095.76,2752.29,240,240,40.12,19.78,10.1353843420157,0.796637158106158,242.0
26362,VALENCE,26,Non défini,2936.24,2310.49,3062,3062,-1.8,0.9,11.932662520639,0.804165566920323,14916.0
27016,LES ANDELYS,27,Non défini,2037.57,1833.33,252,252,-8.59,-8.9,11.7296050697508,0.740536242538465,942.0
27022,LE VAL D'HAZEY,27,Non défini,2434.18,2157.47,102,102,4.42,11.83,11.3234067785383,0.824761703489927,133.0
27049,MESNIL-EN-OUCHE,27,Non défini,2167.52,1637.53,410,410,3.42,-2.15,9.54188203506852,0.727844572108165,79.0
27051,BEAUMONT LE ROGER,27,Non défini,2229.42,1863.43,115,115,-3.89,11.81,11.2339608504959,0.803963313548697,353.0
27056,BERNAY,27,Non défini,2831.67,2125.0,450,450,-3.26,0.2,11.0102342329147,0.817492852489193,1820.0
27065,BEUZEVILLE,27,Non défini,3047.76,2295.86,308,308,6.78,8.62,10.5864092724703,0.825083648032461,564.0
27082,LA BONNEVILLE SUR ITON,27,Non défini,3614.2,2269.57,57,57,7.41,19.29,10.8383404101873,0.85419065652491,130.0
27090,BOSROUMOIS,27,Non défini,2068.17,2166.31,95,95,8.56,1.48,10.7996145695869,0.714506667861536,21.0
27103,BOURG-ACHARD,27,Non défini,3109.42,2441.1,82,82,-5.5,0.92,10.6724633694339,0.714506667861536,386.0
27105,GRAND BOURGTHEROULDE,27,Non défini,2341.44,2224.83,121,121,-4.47,0.7,12.2364722440376,0.744662874277808,211.0
27112,BRETEUIL,27,Non défini,2022.9,1431.19,222,222,-7.07,-13.48,9.925041141213,0.84159013194078,273.0
27116,BRIONNE,27,Non défini,1677.41,1666.67,189,189,-4.02,-5.52,10.7016619222363,0.775920705269561,318.0
27165,CONCHES EN OUCHE,27,Non défini,2285.01,1752.72,179,179,-8.29,-13.55,10.7786129977522,0.804810752590255,626.0
27180,COURCELLES SUR SEINE,27,Non défini,2198.86,2295.46,44,44,7.73,-0.07,11.8948260651218,0.824761703489927,31.0
27183,LA COUTURE BOUSSEY,27,Non défini,2507.75,2080.0,62,62,-11.33,-8.04,11.7667729616036,0.896097343365525,93.0
27191,CLEF VALLEE D'EURE,27,Non défini,3300.89,2084.75,185,185,-7.34,-7.19,11.6958963336938,0.841471047526546,63.0
27198,MESNILS-SUR-ITON,27,Non défini,2229.14,1774.19,334,334,0.54,-7.12,11.0342034772275,0.84159013194078,326.0
27213,VEXIN-SUR-EPTE,27,Non défini,2554.83,2178.33,324,324,-5.18,-5.74,12.1858162400558,0.863645709071542,71.0
27226,ETREPAGNY,27,Non défini,2121.19,2055.56,216,216,-0.14,0.39,11.6898341585254,0.815645621664478,305.0
27229,EVREUX,27,Non défini,2635.25,1962.2,1767,1767,-2.92,-16.65,12.5139130270701,0.85419065652491,9346.0
27230,EZY SUR EURE,27,Non défini,2444.92,2114.29,136,136,-7.24,-2.27,12.867210588003,0.896097343365525,372.0
27275,GAILLON,27,Non défini,2504.13,1887.0,207,207,4.96,5.56,11.7500398843803,0.824761703489927,1026.0
27279,GASNY,27,Non défini,2197.61,2183.7,144,144,-3.52,-12.54,12.6917840174535,0.83943207908522,191.0
27284,GISORS,27,Non défini,2686.47,2478.72,265,265,-9.36,-9.4,13.3084584116427,0.766069204734385,1034.0
27299,GRAVIGNY,27,Non défini,2059.1,1800.23,139,139,-15.99,-13.99,12.0586169885816,0.841471047526546,270.0
27306,GUICHAINVILLE,27,Non défini,2244.73,2237.29,86,86,1.55,0.03,11.3612175368674,0.823682975566219,23.0
27355,IVRY LA BATAILLE,27,Non défini,3614.44,2420.0,118,118,9.44,1.68,12.8377804039584,0.812969571766449,359.0
27375,LOUVIERS,27,Non défini,2900.36,2023.3,637,637,-6.58,0.55,12.2051033172681,0.825431645703104,2165.0
27425,NASSANDRES SUR RISLE,27,Non défini,1652.2,1582.61,145,145,-11.52,-28.26,9.41171181140293,0.803963313548697,20.0
27428,LE NEUBOURG,27,Non défini,2949.3,2039.22,198,198,-14.56,1.96,12.964099609695,0.788156463427499,738.0
27438,NONANCOURT,27,Non défini,3354.36,2500.0,97,97,25.59,32.04,10.9102494827604,0.753656650852864,542.0
27448,PACY-SUR-EURE,27,Non défini,2688.87,2585.05,168,168,-10.86,-3.06,12.7194605740729,0.840559611352287,828.0
27458,PITRES,27,Non défini,1908.3,1901.84,63,63,-8.14,-3.04,11.2178499571728,0.851656240130019,50.0
27467,PONT-AUDEMER,27,Non défini,3312.01,2199.01,336,336,-7.99,-1.75,11.6105399870529,0.804334491624708,1688.0
27469,PONT DE L ARCHE,27,Non défini,2267.12,2066.05,98,98,-4.59,-17.44,11.7873316103496,0.854834184464988,397.0
27493,ROMILLY SUR ANDELLE,27,Non défini,2375.07,2133.74,116,116,2.81,4.46,11.3307741781039,0.851656240130019,123.0
27502,RUGLES,27,Non défini,1190.73,1323.08,90,90,-15.89,-8.27,9.36952480763053,0.727844572108165,223.0
27507,ST ANDRE DE L EURE,27,Non défini,2070.21,2031.25,115,115,-5.21,-5.28,11.3595017908168,0.823682975566219,416.0
27517,ST-AUBIN-SUR-GAILLON,27,Non défini,2505.1,2226.56,103,103,5.47,-10.06,11.8948260651218,0.824761703489927,1.0
27528,LE VAUDREUIL,27,Non défini,2570.41,2368.93,169,169,-0.6,2.48,12.8734688112917,0.854834184464988,164.0
27554,LA CHAPELLE-LONGUEVILLE,27,Non défini,2479.42,2287.36,109,109,-4.05,-12.2,12.1858162400558,0.863645709071542,59.0
27562,ST MARCEL,27,Non défini,2278.09,2285.71,114,114,-8.9,-8.02,12.7672898232415,0.863645709071542,276.0
27580,ST-OUEN-DE-THOUBERVILLE,27,Non défini,2057.2,2026.6,74,74,-7.91,-9.93,10.9816197923644,0.708081757442952,27.0
27602,ST SEBASTIEN DE MORSENT,27,Non défini,1828.83,1782.92,85,85,-2.49,-10.13,10.9872551013631,0.85419065652491,64.0
27638,LE THUIT DE L'OISON,27,Non défini,1870.65,1938.19,106,106,-11.17,-12.1,11.7587783983676,0.744662874277808,11.0
27679,VERNEUIL D'AVRE ET D'ITON,27,Non défini,3454.54,1902.61,438,438,6.53,2.49,10.5963882856298,0.727844572108165,984.0
27681,VERNON,27,Non défini,2892.67,2622.95,784,784,-4.77,-6.83,13.5279584070273,0.851653840879832,3766.0
27701,VAL DE REUIL,27,Non défini,1687.68,1632.65,232,232,-9.92,9.39,11.5076156728654,0.751892430255411,297.0
28001,ABONDANT,28,Non défini,3622.72,2440.56,73,73,-0.78,-1.27,13.3252373734581,0.859319826023829,152.0
28007,ANET,28,Non défini,2287.58,2178.43,137,137,-0.41,-12.77,13.129893458269,0.823682975566219,296.0
28012,VALD'YERRE,28,Non défini,1291.89,1246.15,396,396,-1.78,0.92,8.88987111220168,0.824392416580888,10.0
28015,AUNEAU-BLEURY-SAINT-SYMPHORIEN,28,Non défini,2510.61,2222.25,392,392,-9.41,-7.53,13.0767910326031,0.794994787777812,591.0
28051,BONNEVAL,28,Non défini,2192.36,1604.88,230,230,-8.15,0.93,9.69986096414251,0.786708226916984,477.0
28061,BROU,28,Non défini,2472.92,1640.85,181,181,4.57,12.04,9.44417470815025,0.824392416580888,521.0
28064,BU,28,Non défini,2984.28,2640.45,104,104,-11.02,6.98,13.6000421978095,0.859319826023829,187.0
28070,CHAMPHOL,28,Non défini,2606.21,2461.92,75,75,-1.07,-7.07,11.5028818391598,0.898993756512963,52.0
28085,CHARTRES,28,Non défini,3171.88,2533.33,1803,1803,-1.18,-5.9,13.130594586235,0.898993756512963,9646.0
28088,CHATEAUDUN,28,Non défini,2132.88,1474.82,534,534,-5.59,-2.82,9.70234891437477,0.786708226916984,1607.0
28089,CHATEAUNEUF EN THYMERAIS,28,Non défini,2085.22,1786.84,95,95,-3.24,-13.28,10.5855685123039,0.808485761620185,430.0
28103,CLOYES-LES-TROIS-RIVIERES,28,Non défini,1942.6,1442.5,449,449,-0.83,5.48,9.18215948248015,0.752074395965694,209.0
28110,LE COUDRAY,28,Non défini,2664.61,2573.53,136,136,-4.89,-5.28,13.3455528074237,0.948316748217063,536.0
28116,COURVILLE SUR EURE,28,Non défini,1962.43,1912.49,84,84,-4.38,-13.14,10.6579621966764,0.791846202104532,361.0
28134,DREUX,28,Non défini,2795.76,1898.61,910,910,-9.29,-11.48,12.5753590230342,0.821259491259048,3588.0
28140,EPERNON,28,Non défini,2944.58,2886.83,202,202,-1.69,4.35,13.8144112138146,0.869252662073031,2269.0
28168,GALLARDON,28,Non défini,4628.12,2358.12,154,154,2.7,-3.62,12.1802586366778,0.794994787777812,386.0
28191,HANCHES,28,Non défini,2505.44,2457.94,85,85,-4.45,-2.34,12.961536021722,0.889176858146444,117.0
28196,ILLIERS-COMBRAY,28,Non défini,2429.9,1595.51,221,221,-0.15,-1.72,12.2915409278405,0.765309120885077,222.0
28199,JANVILLE-EN-BEAUCE,28,Non défini,2520.68,1744.19,146,146,2.65,-3.77,11.717500508187,0.821983677620203,191.0
28209,LEVES,28,Non défini,2825.38,2343.75,151,151,-3.34,-6.25,13.1565356100737,0.869551098611744,430.0
28214,LA LOUPE,28,Non défini,2579.26,1567.16,190,190,3.32,-2.05,9.16324507945962,0.790028669225645,476.0
28218,LUCE,28,Non défini,2442.17,2289.45,298,298,4.93,5.36,13.1982543485231,0.897251667462096,2383.0
28220,LUISANT,28,Non défini,2824.06,2564.46,236,236,18.36,6.52,14.0894371693672,0.85969107110338,473.0
28227,MAINTENON,28,Non défini,2640.95,2522.64,183,183,0.91,-9.62,12.9232259786185,0.807339153360653,601.0
28229,MAINVILLIERS,28,Non défini,2283.96,2226.97,364,364,-2.57,-41.63,14.8594011779854,0.916779034645342,867.0
28236,ARCISSES,28,Non défini,1826.59,1842.86,123,123,1.36,23.55,11.8215565867546,0.765309120885077,34.0
28279,NOGENT-LE-ROI,28,Non défini,3901.06,2166.03,122,122,11.87,1.54,11.467736137823,0.804686582397064,868.0
28280,NOGENT LE ROTROU,28,Non défini,1946.59,1490.57,456,456,-4.35,-12.71,9.64547486841144,0.763130126451279,1638.0
28298,PIERRES,28,Non défini,2821.06,2471.7,117,117,0.61,-6.4,12.7145723261808,0.804686582397064,101.0
28334,ST DENIS-LANNERAY,28,Non défini,1648.66,1732.67,139,139,-0.78,13.06,9.22371967617313,0.786708226916984,13.0
28337,ST GEORGES SUR EURE,28,Non défini,2695.12,2182.28,96,96,-13.51,-5.47,10.1942518765341,0.791846202104532,92.0
28348,ST LUBIN DES JONCHERETS,28,Non défini,3039.57,1781.59,144,144,-7.21,-1.95,10.7507932357397,0.808485761620185,106.0
28358,ST PREST,28,Non défini,2109.84,2111.11,169,169,-5.53,-11.4,12.0981587326231,0.807339153360653,22.0
28359,ST REMY SUR AVRE,28,Non défini,1842.23,1932.46,168,168,-2.29,0.24,10.8127240970724,0.808485761620185,109.0
28373,SENONCHES,28,Non défini,1529.12,1316.43,189,189,-16.12,-8.07,9.32713517061202,0.790028669225645,164.0
28391,TOURY,28,Non défini,2083.39,1865.64,127,127,-16.05,10.82,11.1527064575849,0.759923954882072,267.0
28393,TREMBLAY-LES-VILLAGES,28,Non défini,2034.55,1626.96,183,183,-7.47,-7.51,12.2252562128598,0.869551098611744,23.0
28404,VERNOUILLET,28,Non défini,2059.97,1911.34,286,286,-7.6,-6.97,12.5155022969395,0.821259491259048,245.0
28422,LES VILLAGES VOVEENS,28,Non défini,1856.57,1815.05,209,209,14.13,5.79,11.4164926079866,0.821983677620203,350.0
29003,AUDIERNE,29,Non défini,2631.05,2463.14,255,255,-7.76,3.02,12.0177926073999,0.776350070218134,161.0
29004,BANNALEC,29,Non défini,2023.14,1833.33,424,424,-23.04,-8.33,11.9631115177363,0.761840686713715,216.0
29006,BENODET,29,Non défini,3561.36,3340.58,334,334,-16.12,-9.4,13.9475877047907,0.776947435715606,268.0
29011,BOHARS,29,Non défini,2503.37,2276.67,67,67,-24.11,-12.48,11.8580190769366,0.833003555164635,130.0
29015,BOURG BLANC,29,Non défini,2732.38,2468.18,239,239,15.18,14.72,10.2906938130559,0.84060124882387,73.0
29019,BREST,29,Non défini,2987.27,2264.02,5728,5728,0.45,0.51,12.1796054030288,0.84060124882387,30870.0
29020,BRIEC,29,Non défini,1884.79,1848.54,255,255,-2.06,-9.18,11.6504850025283,0.758413273584541,179.0
29022,CAMARET-SUR-MER,29,Non défini,3116.67,2644.63,130,130,-17.26,-3.83,11.6326677062389,0.769627090123213,45.0
29023,CARANTEC,29,Non défini,3884.99,3333.33,197,197,-8.44,11.11,11.356331355063,0.807778337896386,154.0
29024,CARHAIX-PLOUGUER,29,Non défini,1784.6,1409.01,296,296,-7.41,3.44,10.4339851800751,0.722769142009098,1128.0
29026,CHATEAULIN,29,Non défini,4486.51,2121.21,226,226,24.73,37.05,12.4361772262068,0.788339428759011,520.0
29027,CHATEAUNEUF-DU-FAOU,29,Non défini,1558.9,1305.89,313,313,10.25,-20.3,9.87021791717107,0.695384403926829,151.0
29030,CLEDER,29,Non défini,2100.56,2083.33,304,304,-4.23,3.78,9.81309652902887,0.766222472652574,51.0
29031,CLOHARS CARNOET,29,Non défini,3487.46,3298.61,407,407,-17.29,6.44,11.45956319019,0.758758302367239,94.0
29032,CLOHARS FOUESNANT,29,Non défini,3407.8,3243.24,107,107,-6.76,19.64,12.8480465222982,0.776947435715606,36.0
29037,COMBRIT,29,Non défini,3445.31,3095.24,218,218,-1.92,-4.55,12.5615561128396,0.847283862462815,111.0
29039,CONCARNEAU,29,Non défini,3523.89,3226.54,861,861,-4.87,2.28,11.3334152569335,0.788179570394906,1410.0
29040,LE CONQUET,29,Non défini,3451.24,3317.31,110,110,4.62,8.88,12.2956332253447,0.833003555164635,60.0
29042,CROZON,29,Non défini,2804.49,2478.11,622,622,-16.28,-9.94,12.4964153398446,0.769627090123213,310.0
29045,DIRINON,29,Non défini,2128.83,2091.53,114,114,-5.12,17.58,10.8996477891428,0.814046312555954,4.0
29046,DOUARNENEZ,29,Non défini,2635.17,2343.75,577,577,-5.02,1.56,11.5653922951143,0.776350070218134,820.0
29048,EDERN,29,Non défini,2340.22,2112.68,144,144,5.53,16.87,10.3485817008255,0.758413273584541,19.0
29049,ELLIANT,29,Non défini,3003.03,2016.52,234,234,26.18,15.43,11.2995368595015,0.761840686713715,39.0
29051,ERGUE GABERIC,29,Non défini,2275.14,2245.61,288,288,12.28,2.39,11.0411006913671,0.830018294033059,76.0
29055,LE FOLGOET,29,Non défini,2058.79,2000.0,96,96,0.57,3.07,11.8241441025499,0.811392199625907,43.0
29057,LA FORET-FOUESNANT,29,Non défini,4049.43,4047.2,164,164,7.93,24.73,12.8480465222982,0.776947435715606,89.0
29058,FOUESNANT,29,Non défini,3908.53,3513.62,545,545,-6.06,4.06,12.9184043479295,0.776947435715606,606.0
29060,GOUESNACH,29,Non défini,2656.78,2656.25,93,93,-3.05,-5.83,12.8480465222982,0.776947435715606,21.0
29061,GOUESNOU,29,Non défini,2560.59,2518.12,221,221,4.82,-9.35,13.2514760976689,0.83706171829611,297.0
29068,GUICLAN,29,Non défini,1592.98,1556.29,202,202,-24.88,6.23,9.99446252781414,0.763607711091095,20.0
29069,GUILERS,29,Non défini,2267.37,2151.72,213,213,-7.13,-8.32,12.2172190111516,0.833003555164635,272.0
29072,GUILVINEC,29,Non défini,2784.42,2645.16,161,161,-0.36,6.73,11.1732194748296,0.790771902037852,203.0
29075,GUIPAVAS,29,Non défini,2512.48,2455.11,534,534,-9.3,-6.52,12.7411581151113,0.792024064704554,839.0
29076,MILIZAC-GUIPRONVEL,29,Non défini,2256.87,2300.48,207,207,-1.55,8.04,11.5519040724392,0.80140011468014,39.0
29078,HANVEC,29,Non défini,2410.13,2311.83,179,179,38.27,7.57,8.29385184084554,0.758227001656845,13.0
29080,L HOPITAL CAMFROUT,29,Non défini,2182.8,2072.26,120,120,-7.76,-13.1,10.8996477891428,0.814046312555954,21.0
29091,KERLOUAN,29,Non défini,2656.06,2321.43,199,199,-0.38,12.42,10.2906938130559,0.84060124882387,25.0
29097,LAMPAUL-GUIMILIAU,29,Non défini,1627.98,1517.58,159,159,10.69,-13.43,10.3301946191567,0.805544682563053,35.0
29098,LAMPAUL-PLOUARZEL,29,Non défini,2399.77,2415.76,86,86,-11.42,-11.62,11.5519040724392,0.80140011468014,42.0
29101,LANDEDA,29,Non défini,2801.23,2697.25,208,208,2.81,0.17,11.1638031805311,0.784449116574012,41.0
29103,LANDERNEAU,29,Non défini,2607.49,2252.1,540,540,0.9,-2.39,12.6791467729661,0.811392199625907,1807.0
29105,LANDIVISIAU,29,Non défini,2159.55,1811.87,403,403,-4.25,-2.11,10.8302126494249,0.805544682563053,896.0
29113,LANMEUR,29,Non défini,2088.62,2045.57,127,127,11.84,6.07,9.53245543408633,0.715772880878402,44.0
29117,LANNILIS,29,Non défini,2357.89,2370.94,269,269,16.67,9.97,10.9428516478678,0.784449116574012,300.0
29124,LESNEVEN,29,Non défini,2096.7,1837.97,270,270,-10.27,-8.1,11.6139352323996,0.763607711091095,668.0
29130,LOCMARIA-PLOUZANE,29,Non défini,2941.89,2878.68,176,176,-0.5,5.49,12.2956332253447,0.833003555164635,30.0
29135,LOCTUDY,29,Non défini,3298.33,2959.68,253,253,-14.61,1.98,11.2528301221015,0.847283862462815,34.0
29137,LOGONNA-DAOULAS,29,Non défini,3323.05,2535.21,146,146,12.93,15.99,10.8996477891428,0.814046312555954,12.0
29140,LOPERHET,29,Non défini,2670.01,2345.07,143,143,0.06,-8.44,10.8996477891428,0.814046312555954,37.0
29146,MELGVEN,29,Non défini,2502.26,2254.9,324,324,12.75,-3.36,10.5371399136406,0.788179570394906,36.0
29147,MELLAC,29,Non défini,2375.0,2357.6,140,140,-3.4,4.01,10.5371399136406,0.788179570394906,42.0
29150,MOELAN SUR MER,29,Non défini,3457.37,3185.84,599,599,-3.45,6.19,11.5681861175686,0.758758302367239,105.0
29151,MORLAIX,29,Non défini,2368.38,1666.67,646,646,-5.94,-15.38,10.487189547059,0.754359516033191,3282.0
29153,NEVEZ,29,Non défini,3804.1,3225.16,202,202,-19.37,8.7,10.5371399136406,0.788179570394906,47.0
29156,PENCRAN,29,Non défini,2320.64,2213.31,98,98,-3.08,7.58,10.8996477891428,0.814046312555954,3.0
29158,PENMARCH,29,Non défini,3054.29,2838.96,374,374,-6.3,1.38,11.2275427178432,0.790771902037852,87.0
29160,PLABENNEC,29,Non défini,2350.15,2222.22,294,294,-2.34,-6.94,12.292316708831,0.83706171829611,258.0
29161,PLEUVEN,29,Non défini,2745.13,2642.86,136,136,-7.87,-14.18,11.0411006913671,0.830018294033059,44.0
29162,PLEYBEN,29,Non défini,1609.33,1500.0,274,274,-6.25,8.75,10.2079476664353,0.695384403926829,233.0
29163,PLEYBER-CHRIST,29,Non défini,1663.81,1607.14,146,146,-5.08,1.47,10.0294977550612,0.807778337896386,64.0
29165,PLOBANNALEC LESCONIL,29,Non défini,2808.86,2658.24,230,230,3.24,3.84,11.2528301221015,0.847283862462815,17.0
29167,PLOGASTEL ST GERMAIN,29,Non défini,2442.22,2338.17,91,91,13.94,21.99,11.2275427178432,0.790771902037852,23.0
29169,PLOGONNEC,29,Non défini,2078.06,2149.43,145,145,10.16,13.45,11.2275427178432,0.790771902037852,16.0
29170,PLOMELIN,29,Non défini,2396.74,2354.17,233,233,-6.42,5.79,11.2528301221015,0.847283862462815,79.0
29171,PLOMEUR,29,Non défini,3669.74,2608.7,227,227,6.41,2.48,11.2275427178432,0.790771902037852,29.0
29172,PLOMODIERN,29,Non défini,2062.06,2034.13,184,184,2.55,2.98,12.3585076670322,0.788339428759011,42.0
29173,PLONEIS,29,Non défini,1887.99,1819.15,83,83,-2.88,-0.24,11.2275427178432,0.790771902037852,29.0
29174,PLONEOUR LANVERN,29,Non défini,2529.17,1945.15,306,306,-26.63,-14.6,10.8471349992247,0.790771902037852,125.0
29175,PLONEVEZ DU FAOU,29,Non défini,1286.61,1264.2,246,246,6.33,4.4,8.02091589247086,0.695384403926829,32.0
29177,PLOUARZEL,29,Non défini,3428.36,2689.53,202,202,-5.77,4.48,11.5519040724392,0.80140011468014,18.0
29178,PLOUDALMEZEAU,29,Non défini,2601.38,2467.79,292,292,-7.84,2.74,11.4857780572425,0.784449116574012,219.0
29179,PLOUDANIEL,29,Non défini,2137.36,2205.88,147,147,15.59,5.81,11.8241441025499,0.811392199625907,49.0
29181,PLOUEDERN,29,Non défini,2691.02,2134.67,104,104,-4.52,0.83,10.8996477891428,0.814046312555954,53.0
29184,PLOUENAN,29,Non défini,3111.93,2463.27,144,144,58.11,39.85,9.99446252781414,0.763607711091095,38.0
29185,PLOUESCAT,29,Non défini,2152.36,1796.94,276,276,-10.3,-15.01,9.68742202210275,0.766222472652574,102.0
29188,PLOUGASNOU,29,Non défini,2996.91,2555.0,229,229,4.08,5.1,9.01597679515162,0.754359516033191,31.0
29189,PLOUGASTEL-DAOULAS,29,Non défini,2982.93,2501.74,498,498,-1.21,-9.26,12.4462974065432,0.814046312555954,366.0
29190,PLOUGONVELIN,29,Non défini,3059.88,2901.51,288,288,-1.86,0.69,12.7045226002067,0.833003555164635,150.0
29191,PLOUGONVEN,29,Non défini,1861.82,1746.03,175,175,34.31,17.18,8.29385184084554,0.758227001656845,5.0
29195,PLOUGUERNEAU,29,Non défini,3003.03,2510.75,389,389,0.43,2.23,10.2906938130559,0.84060124882387,84.0
29196,PLOUGUIN,29,Non défini,1962.32,2054.05,70,70,24.38,13.15,11.1638031805311,0.784449116574012,17.0
29197,PLOUHINEC,29,Non défini,2730.26,2262.1,353,353,-4.75,-9.52,11.2610313241817,0.776350070218134,49.0
29199,PLOUIGNEAU,29,Non défini,1622.98,1666.67,217,217,-5.13,-1.79,9.01597679515162,0.754359516033191,64.0
29201,PLOUMOGUER,29,Non défini,2616.15,2420.44,83,83,-7.91,8.59,11.5519040724392,0.80140011468014,21.0
29204,PLOUNEVENTER,29,Non défini,1843.48,1956.45,165,165,23.21,20.27,11.8241441025499,0.811392199625907,35.0
29206,PLOUNEVEZ-LOCHRIST,29,Non défini,1542.36,1526.4,236,236,-5.85,-12.74,9.81309652902887,0.766222472652574,23.0
29207,PLOURIN-LES-MORLAIX,29,Non défini,1782.77,1752.34,232,232,1.75,-6.39,9.50021375782393,0.758227001656845,105.0
29209,PLOUVIEN,29,Non défini,2625.15,2338.71,290,290,-6.45,15.93,10.2906938130559,0.84060124882387,96.0
29210,PLOUVORN,29,Non défini,1656.42,1422.22,210,210,-14.07,-4.12,10.3301946191567,0.805544682563053,41.0
29212,PLOUZANE,29,Non défini,2478.68,2398.61,260,260,-0.5,-0.33,12.3759990940523,0.833003555164635,247.0
29215,PLOZEVET,29,Non défini,2725.62,2425.69,222,222,16.97,-13.27,11.2610313241817,0.776350070218134,29.0
29216,PLUGUFFAN,29,Non défini,3045.24,2375.0,156,156,8.9,0.0,11.0411006913671,0.830018294033059,79.0
29217,PONT-AVEN,29,Non défini,3081.22,2823.53,152,152,10.34,28.2,10.5371399136406,0.788179570394906,95.0
29220,PONT L ABBE,29,Non défini,2793.02,2470.59,423,423,-3.32,1.82,11.3216616477389,0.847283862462815,802.0
29225,POULDREUZIC,29,Non défini,2201.62,2195.27,121,121,15.29,-3.62,11.2610313241817,0.776350070218134,21.0
29232,QUIMPER,29,Non défini,2879.53,2268.34,2906,2906,-0.63,3.41,11.9881732152255,0.830018294033059,10629.0
29233,QUIMPERLE,29,Non défini,3431.19,2250.0,538,538,-3.27,10.53,11.8701755686228,0.784726601425969,1173.0
29234,REDENE,29,Non défini,2342.82,2333.33,123,123,-3.28,-4.93,11.7397413649986,0.747224849206305,23.0
29235,LE RELECQ-KERHUON,29,Non défini,2997.69,2849.42,270,270,-2.92,0.82,12.9935580737771,0.792024064704554,661.0
29236,RIEC SUR BELON,29,Non défini,2618.09,2365.94,281,281,-10.18,-13.84,10.4863298805119,0.788179570394906,125.0
29239,ROSCOFF,29,Non défini,3435.04,3274.29,278,278,-2.26,6.92,11.6663095926868,0.766222472652574,315.0
29241,ROSPORDEN,29,Non défini,2332.1,2188.61,400,400,10.8,11.01,11.6947485889448,0.761840686713715,490.0
29247,ST EVARZEC,29,Non défini,2686.05,2608.82,143,143,6.4,2.68,11.0411006913671,0.830018294033059,45.0
29254,SAINT-MARTIN-DES-CHAMPS,29,Non défini,2188.86,1876.66,240,240,13.57,15.46,11.0000806894212,0.807778337896386,309.0
29257,SAINT-PABU,29,Non défini,2891.31,2853.57,84,84,16.05,24.64,11.1638031805311,0.784449116574012,6.0
29259,SAINT-POL-DE-LEON,29,Non défini,2467.12,2157.52,270,270,-6.47,-7.96,10.9594918163202,0.763607711091095,608.0
29260,SAINT RENAN,29,Non défini,3083.13,2557.38,229,229,-3.16,0.82,12.2314161955046,0.80140011468014,581.0
29266,SAINT-THEGONNEC LOC-EGUINER,29,Non défini,1909.5,1730.93,275,275,-7.34,7.44,9.99446252781414,0.763607711091095,37.0
29272,SAINT YVI,29,Non défini,2078.26,2131.58,119,119,-23.62,4.1,10.5371399136406,0.788179570394906,35.0
29273,SANTEC,29,Non défini,3785.9,3207.87,144,144,10.31,15.95,9.81309652902887,0.766222472652574,14.0
29274,SCAER,29,Non défini,1644.01,1504.38,529,529,14.62,7.46,10.7716484515722,0.758413273584541,160.0
29277,SIZUN,29,Non défini,2025.04,1788.62,289,289,14.01,20.87,10.0294977550612,0.807778337896386,48.0
29279,TAULE,29,Non défini,1727.2,1575.01,143,143,5.91,-17.36,10.0294977550612,0.807778337896386,33.0
29280,TELGRUC-SUR-MER,29,Non défini,3053.13,2802.07,177,177,-11.81,23.16,11.6326677062389,0.769627090123213,45.0
29284,TREFFIAGAT,29,Non défini,2881.02,2558.14,165,165,-1.77,-5.49,11.2528301221015,0.847283862462815,5.0
29293,TREGUNC,29,Non défini,3081.29,2928.66,389,389,-16.01,-5.17,10.6744094029788,0.788179570394906,187.0
29297,TREMEVEN,29,Non défini,2355.86,2202.62,117,117,-0.75,1.2,10.1842214698653,0.784726601425969,24.0
29302,PONT-DE-BUIS-LES-QUIMERC'H,29,Non défini,1621.31,1506.85,223,223,15.15,-9.59,9.30065099225307,0.758227001656845,106.0
2A001,AFA,2A,Non défini,4123.07,4061.13,83,83,-11.7,-22.79,15.5735462679959,0.795397111272956,176.0
2A004,AJACCIO,2A,Non défini,4038.86,3767.12,1538,1538,-0.81,1.03,15.2151863505039,0.795397111272956,7460.0
2A006,ALATA,2A,Non défini,5533.1,4176.36,91,91,-7.72,-11.2,14.4172812423372,0.795397111272956,92.0
2A032,BASTELICACCIA,2A,Non défini,5217.25,4985.17,138,138,-18.71,0.92,16.5602519600632,0.77169373914676,326.0
2A041,BONIFACIO,2A,Non défini,8477.58,6231.88,273,273,20.9,16.66,15.6297148982471,0.734400112587569,129.0
2A103,CUTTOLI-CORTICCHIATO,2A,Non défini,4523.86,3993.33,42,42,-15.63,-6.0,14.5960325805985,0.851387500649186,34.0
2A130,GROSSETO-PRUGNA,2A,Non défini,6920.89,6022.22,191,191,-5.44,-0.5,18.1641218293473,0.77169373914676,362.0
2A209,PERI,2A,Non défini,4203.86,4279.52,48,48,8.22,0.43,12.4189534294492,0.789098445656484,47.0
2A247,PORTO-VECCHIO,2A,Non défini,7357.95,6352.98,601,601,9.41,13.74,16.255478795178,0.734400112587569,791.0
2A249,PROPRIANO,2A,Non défini,5340.9,4373.21,185,185,23.66,2.82,17.4242370607677,0.781234777052522,504.0
2A271,SARROLA-CARCOPINO,2A,Non défini,3322.29,3644.07,125,125,-9.36,10.52,17.9625789773026,0.851387500649186,246.0
2A272,SARTENE,2A,Non défini,3936.19,2791.67,166,166,6.45,4.45,14.1676902117488,0.781234777052522,258.0
2A362,ZONZA,2A,Non défini,6347.63,5815.22,223,223,-13.14,-4.94,12.4189534294492,0.789098445656484,59.0
2B009,ALERIA,2B,Non défini,2315.57,2346.94,96,96,-25.51,-14.88,12.574836593584,0.853579724505536,211.0
2B033,BASTIA,2B,Non défini,3224.56,3026.69,923,923,-2.47,3.81,13.6457138244461,0.815619067679245,4728.0
2B037,BIGUGLIA,2B,Non défini,3767.97,3508.79,168,168,12.22,16.06,13.7636281791683,0.782190996155912,818.0
2B042,BORGO,2B,Non défini,3290.44,3333.33,294,294,-6.67,2.78,13.6802391137978,0.782190996155912,882.0
2B049,CALENZANA,2B,Non défini,4363.61,3737.59,189,189,4.86,6.52,12.6856213753062,0.75625184419543,77.0
2B050,CALVI,2B,Non défini,5451.24,5209.68,363,363,7.79,11.97,15.5720159066045,0.75625184419543,472.0
2B087,CERVIONE,2B,Non défini,3430.2,3240.2,51,51,16.78,21.03,12.284893829795,0.762550128214901,105.0
2B096,CORTE,2B,Non défini,3349.1,2894.74,196,196,-7.19,-0.61,14.1331738231369,0.793115473829236,1042.0
2B120,FURIANI,2B,Non défini,3613.28,3396.97,129,129,-4.69,-0.74,14.1479833177256,0.773303431259458,696.0
2B123,GHISONACCIA,2B,Non défini,3325.1,3343.33,188,188,25.72,12.62,13.1114427990921,0.749583317196158,273.0
2B134,L'ILE ROUSSE,2B,Non défini,4747.41,4355.66,177,177,-6.64,-4.13,16.4364818905391,0.733099039541807,353.0
2B148,LUCCIANA,2B,Non défini,4055.95,3149.5,309,309,0.1,9.8,13.7820526311529,0.834494160726859,917.0
2B168,MONTICELLO,2B,Non défini,5417.78,5388.16,92,92,14.15,13.21,15.0181088274536,0.733099039541807,109.0
2B207,PENTA DI CASINCA,2B,Non défini,3829.84,3057.55,131,131,12.76,12.52,12.9534351179418,0.801030065384744,389.0
2B251,PRUNELLI DI FIUMORBO,2B,Non défini,2913.54,2885.97,151,151,-5.49,-1.59,12.9309992171376,0.749583317196158,221.0
2B305,SAN MARTINO DI LOTA,2B,Non défini,4327.08,3541.67,107,107,11.32,7.76,16.6774499922429,0.805083073793119,243.0
2B313,SAN NICOLAO,2B,Non défini,3664.15,3000.0,174,174,-1.77,-20.11,12.8253407495193,0.762550128214901,252.0
2B342,VENTISERI,2B,Non défini,2884.61,3161.17,62,62,-4.47,-1.82,12.4189534294492,0.789098445656484,40.0
2B346,VESCOVATO,2B,Non défini,3537.84,2971.1,82,82,-6.48,20.03,13.7384953590568,0.768733820911297,400.0
2B353,VILLE-DI-PIETRABUGNO,2B,Non défini,3626.7,3345.09,94,94,-12.19,-7.08,14.7359382887663,0.815619067679245,282.0
30003,AIGUES-MORTES,30,Non défini,4890.75,4435.71,330,330,-3.05,12.06,14.2064288123855,0.795536890364629,472.0
30004,AIGUES-VIVES,30,Non défini,3327.39,3075.23,109,109,-2.52,-11.64,12.708098067043,0.799175777127088,208.0
30006,AIMARGUES,30,Non défini,3543.09,3150.0,244,244,-1.44,-2.25,13.8672685933257,0.784346589928429,352.0
30007,ALES,30,Non défini,2466.73,2000.0,1789,1789,-5.45,-1.11,10.3732693312198,0.759978880894894,7334.0
30010,ANDUZE,30,Non défini,3283.06,3028.56,253,253,21.41,11.77,9.94397108489164,0.703023741150702,779.0
30011,LES ANGLES,30,Non défini,3521.99,3294.07,288,288,-4.47,-0.05,15.0740932951669,0.864883127764493,1212.0
30012,ARAMON,30,Non défini,3491.69,2630.03,130,130,5.52,-8.13,11.5419945916662,0.769659842663389,441.0
30019,AUBAIS,30,Non défini,3353.1,3241.96,176,176,-9.02,16.89,12.8426397922724,0.714294130231931,135.0
30020,AUBORD,30,Non défini,2611.83,2557.47,49,49,-14.75,-9.51,12.5692428564396,0.836105449354998,35.0
30027,BAGARD,30,Non défini,2699.75,2627.19,144,144,2.35,1.73,8.70474321121922,0.837853656044894,47.0
30028,BAGNOLS SUR CEZE,30,Non défini,2560.19,2166.67,656,656,5.93,10.07,10.3224645194026,0.709846618415567,3030.0
30032,BEAUCAIRE,30,Non défini,2986.28,2038.76,761,761,1.94,-23.55,10.6340586503643,0.746966668187714,1809.0
30033,BEAUVOISIN,30,Non défini,2762.89,2880.99,263,263,-1.45,1.11,12.8737480526758,0.792039871440567,228.0
30034,BELLEGARDE,30,Non défini,3282.45,2969.48,236,236,2.48,6.79,12.8740621451359,0.799465995735389,478.0
30036,BERNIS,30,Non défini,4046.1,2760.03,143,143,-5.37,-9.03,13.4511671749445,0.818141470415548,214.0
30037,BESSEGES,30,Non défini,2426.71,2214.29,274,274,52.77,35.73,8.11222463329371,0.69395239692585,796.0
30039,BEZOUCE,30,Non défini,4746.0,3459.06,76,76,38.96,25.0,11.8817866409773,0.786443377060879,139.0
30042,BOISSET-ET-GAUJAC,30,Non défini,2960.05,2568.68,89,89,-8.26,-2.27,10.8748072969738,0.779563189540691,48.0
30047,BOUILLARGUES,30,Non défini,2645.32,2578.12,209,209,-14.06,-8.16,12.0315823413774,0.89640542527201,307.0
30059,LE CAILAR,30,Non défini,3011.52,3166.67,107,107,11.89,-8.85,13.5742278112215,0.798312513467074,83.0
30060,CAISSARGUES,30,Non défini,4164.54,2847.12,129,129,-4.43,-7.01,13.1651202856771,0.89640542527201,226.0
30061,LA CALMETTE,30,Non défini,2427.18,2456.9,58,58,-4.3,-0.06,11.724214559572,0.730206210827734,178.0
30062,CALVISSON,30,Non défini,3392.16,3214.96,262,262,2.08,3.06,12.7050856270937,0.707888084951692,408.0
30075,CAVEIRAC,30,Non défini,3123.48,3163.81,250,250,-0.09,-3.82,13.1613745980716,0.818141470415548,185.0
30082,CLARENSAC,30,Non défini,2462.53,2688.08,142,142,-13.7,-17.41,12.4513464380473,0.707888084951692,143.0
30083,CODOGNAN,30,Non défini,3254.09,3065.0,95,95,-4.66,0.96,13.7475189184466,0.798312513467074,161.0
30117,FOURQUES,30,Non défini,2708.53,2744.35,56,56,-8.52,-15.88,13.7148027939251,0.794732973465104,178.0
30123,GALLARGUES-LE-MONTUEUX,30,Non défini,3077.13,2747.87,158,158,-18.36,-19.28,13.9135798702859,0.799175777127088,278.0
30125,GARONS,30,Non défini,2676.87,2589.29,95,95,-6.91,-7.0,13.1892131226067,0.799465995735389,478.0
30128,GENERAC,30,Non défini,2596.47,2539.44,204,204,6.54,-2.33,13.1860148393426,0.792039871440567,237.0
30132,LA GRAND COMBE,30,Non défini,1719.57,1235.29,291,291,-18.52,-4.26,8.95819444656136,0.692868481341701,882.0
30133,LE GRAU DU ROI,30,Non défini,5450.31,5059.52,2153,2153,-4.86,6.0,16.0596629903471,0.695636915998441,999.0
30135,JONQUIERES-ET-SAINT-VINCENT,30,Non défini,2442.49,2306.07,216,216,-11.21,-7.26,12.1670982978108,0.786443377060879,179.0
30138,LANGLADE,30,Non défini,2844.0,2871.44,81,81,-16.62,-15.15,12.8795834320644,0.818141470415548,92.0
30141,LAUDUN-L ARDOISE,30,Non défini,2516.33,2530.13,273,273,-5.47,-3.04,10.2363462771869,0.733161186638149,340.0
30152,LES MAGES,30,Non défini,3057.79,2088.51,137,137,-15.61,-20.86,12.0370089237776,0.685794967451431,75.0
30155,MANDUEL,30,Non défini,3127.29,2768.54,314,314,-4.18,0.57,12.6918567091427,0.799465995735389,274.0
30156,MARGUERITTES,30,Non défini,2752.12,2546.51,272,272,-12.69,-3.85,12.1292038078502,0.838714202187893,449.0
30166,MEYNES,30,Non défini,3598.88,3247.87,97,97,9.12,17.66,10.7493534161068,0.786443377060879,137.0
30169,MILHAUD,30,Non défini,2257.34,2575.33,219,219,-1.16,-4.37,12.35532925185,0.836105449354998,482.0
30179,MONTFRIN,30,Non défini,2479.89,2361.11,180,180,2.32,-5.56,11.8216610785609,0.767812526610048,216.0
30186,NAGES-ET-SOLORGUES,30,Non défini,3476.78,3659.18,36,36,-0.14,2.45,12.8795834320644,0.818141470415548,35.0
30189,NIMES,30,Non défini,3407.93,2476.19,7617,7617,-2.47,-2.31,14.638455129085,0.812481990540549,30684.0
30202,PONT ST ESPRIT,30,Non défini,2587.04,2091.84,495,495,6.2,9.27,11.7618384861439,0.692476047716167,2007.0
30206,POULX,30,Non défini,4519.43,3566.88,94,94,11.4,22.91,12.6135951714421,0.838714202187893,71.0
30209,PUJAUT,30,Non défini,3590.47,3490.91,178,178,2.23,3.21,12.4903356064127,0.808673243115851,139.0
30210,QUISSAC,30,Non défini,2668.06,2718.58,90,90,7.08,4.01,11.2658288750919,0.798549942883807,281.0
30211,REDESSAN,30,Non défini,2933.42,2929.62,110,110,25.56,11.57,12.7480898312944,0.799465995735389,178.0
30212,REMOULINS,30,Non défini,3685.35,2692.98,143,143,9.17,12.4,13.7291376495092,0.846213939671462,438.0
30214,RIBAUTE-LES-TAVERNES,30,Non défini,1947.21,2042.5,132,132,-17.68,-12.22,10.8748072969738,0.779563189540691,47.0
30217,ROCHEFORT-DU-GARD,30,Non défini,3197.52,3249.61,266,266,-2.13,-2.51,14.2958507758195,0.791909635598921,322.0
30221,ROQUEMAURE,30,Non défini,3336.84,2612.82,190,190,4.72,5.26,11.5312214973819,0.76132551441543,969.0
30223,ROUSSON,30,Non défini,2529.38,2383.45,133,133,-8.34,-10.71,12.0370089237776,0.685794967451431,93.0
30227,SAINT-AMBROIX,30,Non défini,2031.88,1942.86,259,259,-15.72,-0.89,8.75973734534832,0.748762333247386,931.0
30241,SAINT-CHAPTES,30,Non défini,2237.8,1864.2,108,108,-30.89,-22.0,11.8987862882549,0.730206210827734,135.0
30243,SAINT-CHRISTOL-LES-ALES,30,Non défini,2384.11,2282.61,244,244,-10.82,-1.75,10.811150892251,0.80938870509236,267.0
30254,SAINT-GENIES-DE-COMOLAS,30,Non défini,3162.16,2421.05,109,109,-14.4,-14.34,11.8306531098234,0.76132551441543,257.0
30255,SAINT-GENIES-DE-MALGOIRES,30,Non défini,2201.63,1872.41,99,99,-28.71,-7.94,11.1097618041249,0.785096477498081,181.0
30258,ST GILLES,30,Non défini,2559.31,2116.67,471,471,-13.64,-9.45,11.3123373614958,0.794732973465104,912.0
30259,SAINT-HILAIRE-DE-BRETHMAS,30,Non défini,2397.48,2559.62,162,162,12.49,13.36,10.7391986569952,0.80938870509236,153.0
30263,ST HIPPOLYTE DU FORT,30,Non défini,3262.7,2595.4,204,204,13.19,7.27,9.1174706066722,0.682015020435079,527.0
30269,SAINT-JEAN-DU-GARD,30,Non défini,2777.44,2454.55,223,223,-1.82,-14.41,8.89647105509224,0.837853656044894,328.0
30274,SAINT-JULIEN-LES-ROSIERS,30,Non défini,2231.49,2124.18,151,151,-12.91,-17.48,10.3850979088982,0.797645820748202,127.0
30276,SAINT-LAURENT-D AIGOUZE,30,Non défini,3888.58,3606.56,189,189,0.24,9.42,13.7025609805162,0.784346589928429,159.0
30278,SAINT-LAURENT-DES-ARBRES,30,Non défini,2901.54,2681.67,84,84,-11.55,-19.75,11.0620142504285,0.733161186638149,152.0
30284,SAINT-MARTIN-DE-VALGALGUES,30,Non défini,2570.82,2248.65,184,184,-12.22,5.49,10.1710849000657,0.797645820748202,252.0
30294,SAINT-PRIVAT-DES-VIEUX,30,Non défini,2202.34,2083.33,186,186,-22.74,-10.1,11.2734717765504,0.797645820748202,184.0
30295,SAINT-QUENTIN-LA-POTERIE,30,Non défini,3964.69,3817.55,167,167,21.47,25.22,11.3879388951473,0.835509857794035,116.0
30302,SAINT-VICTOR-LA-COSTE,30,Non défini,3588.83,2727.39,87,87,8.71,-7.63,12.5815303455302,0.791909635598921,51.0
30305,SALINDRES,30,Non défini,2348.55,2230.83,204,204,3.49,2.89,12.2202062201482,0.685794967451431,283.0
30307,LES SALLES DU GARDON,30,Non défini,1612.67,1814.92,158,158,4.6,22.9,8.45183453573513,0.759978880894894,117.0
30312,SAUVETERRE,30,Non défini,3080.43,3052.71,56,56,-0.04,4.12,11.9993296108547,0.714708097003012,75.0
30315,SAZE,30,Non défini,3614.91,3168.19,92,92,3.65,-0.43,12.6389344883532,0.864883127764493,150.0
30321,SOMMIERES,30,Non défini,3742.66,2908.79,248,248,9.36,-3.35,11.924024707082,0.794725835305945,976.0
30326,TAVEL,30,Non défini,2443.45,2647.06,77,77,-4.48,1.78,12.6668598995183,0.791909635598921,249.0
30333,UCHAUD,30,Non défini,2807.66,2689.9,113,113,-8.82,-0.68,13.3329261659386,0.792039871440567,335.0
30334,UZES,30,Non défini,4603.31,3683.0,550,550,-7.15,5.42,12.8532126410619,0.797297566410738,1304.0
30341,VAUVERT,30,Non défini,3467.94,2781.61,370,370,4.9,-7.04,12.6157589895323,0.701475807379057,691.0
30344,VERGEZE,30,Non défini,3687.55,3198.99,291,291,6.98,1.64,14.1360084461278,0.798312513467074,350.0
30350,LE VIGAN,30,Non défini,1896.62,1304.71,271,271,-34.06,-34.2,9.5497785304596,0.789359489450645,437.0
30351,VILLENEUVE LES AVIGNON,30,Non défini,4506.13,3858.97,492,492,1.11,3.23,13.6299342080858,0.808673243115851,2284.0
30356,RODILHAN,30,Non défini,3053.79,2749.48,110,110,0.96,-0.31,12.3890332498411,0.89640542527201,424.0
31004,AYGUESVIVES,31,Non défini,4200.42,2941.46,167,167,7.6,-4.32,12.0089840183316,0.848033433722273,70.0
31022,AUCAMVILLE,31,Non défini,2686.79,2671.11,324,324,-4.29,-5.48,13.0326945213721,0.834366092714885,1779.0
31032,AUSSONNE,31,Non défini,2800.41,2739.16,179,179,-5.56,-4.76,12.7879563835515,0.906971320422598,1124.0
31033,AUTERIVE,31,Non défini,2544.02,2184.47,326,326,-0.17,3.15,11.4178148658322,0.774905299308329,946.0
31035,AUZEVILLE-TOLOSANE,31,Non défini,3317.82,3148.95,109,109,-2.27,1.25,14.0905275393054,0.962970621717494,818.0
31042,BAGNERES-DE-LUCHON,31,Non défini,2862.33,2513.89,454,454,0.26,11.73,10.5126328983508,0.53058750397161,502.0
31044,BALMA,31,Non défini,3545.77,3466.72,556,556,-6.99,-7.46,13.5358505647307,0.905787871496909,2253.0
31048,BAZIEGE,31,Non défini,3081.47,2670.35,166,166,-2.01,-3.91,12.2674417614515,0.86631848728567,152.0
31056,BEAUZELLE,31,Non défini,3068.77,3009.71,169,169,-3.6,-3.28,13.5421485405745,0.91991879500016,2116.0
31065,BERAT,31,Non défini,2290.95,2365.29,136,136,-6.8,1.73,10.2944412459798,0.815560629062395,29.0
31066,BESSIERES,31,Non défini,2370.55,2380.95,245,245,-4.88,-2.97,12.2208079343049,0.833460321027104,241.0
31069,BLAGNAC,31,Non défini,3434.99,3162.99,814,814,-2.06,-1.89,13.6259301169335,0.905439122774844,7985.0
31079,BOULOC,31,Non défini,2668.94,2676.68,313,313,-6.32,-6.08,11.2968102264429,0.826430304202995,244.0
31088,BRAX,31,Non défini,3083.74,3020.78,51,51,2.96,-2.97,11.6541915062045,0.872313282268729,135.0
31091,BRUGUIERES,31,Non défini,2899.58,2808.31,187,187,-6.41,-1.02,12.384022225953,0.853875255848106,886.0
31094,BUZET-SUR-TARN,31,Non défini,2792.89,2628.29,193,193,5.52,1.58,10.3335592764873,0.829162087909061,130.0
31100,CALMONT,31,Non défini,1659.14,1687.5,182,182,-6.73,-9.64,9.97301114300336,0.774905299308329,23.0
31106,CARAMAN,31,Non défini,2531.32,2481.88,78,78,-1.29,-6.24,10.7975536774414,0.777039120962651,337.0
31107,CARBONNE,31,Non défini,2678.38,2298.31,210,210,0.92,-4.48,10.2566179940925,0.740543059590387,425.0
31113,CASTANET TOLOSAN,31,Non défini,3106.76,3135.14,418,418,-3.54,-5.07,13.2386008891419,0.927380203697149,5870.0
31116,CASTELGINEST,31,Non défini,2991.23,2857.34,288,288,-0.64,-3.85,12.3553027268055,0.831613392118371,1149.0
31117,CASTELMAUROU,31,Non défini,4498.41,3410.53,149,149,-1.11,2.7,11.4177718580005,0.865002927587633,137.0
31118,CASTELNAU D ESTRETEFONDS,31,Non défini,2714.25,2594.37,318,318,-3.92,-2.36,11.4447025187931,0.826430304202995,859.0
31135,CAZERES SUR GARONNE,31,Non défini,2049.31,1837.66,253,253,-0.93,5.01,9.7978028450232,0.793824457095361,913.0
31136,CEPET,31,Non défini,2976.53,2786.27,60,60,-10.42,10.28,11.6577176382637,0.853875255848106,93.0
31145,CINTEGABELLE,31,Non défini,2601.81,2339.73,131,131,3.77,7.28,12.5022074579258,0.768863541939168,101.0
31149,COLOMIERS,31,Non défini,2486.33,2614.7,1247,1247,-7.42,-4.13,13.0978693261022,0.873468859731218,8504.0
31150,CORNEBARRIEU,31,Non défini,2943.75,2872.36,274,274,-3.32,-2.46,12.7873904295273,0.905439122774844,2116.0
31157,CUGNAUX,31,Non défini,2891.8,2687.5,628,628,-4.33,-5.15,12.6691464474143,0.89057668179998,2663.0
31160,DAUX,31,Non défini,7643.58,3482.46,90,90,39.9,20.46,11.1416425830126,0.837429402857116,273.0
31163,DREMIL LAFAGE,31,Non défini,3274.13,2771.74,73,73,-17.6,-21.17,13.6823443728411,0.907132782207157,29.0
31165,EAUNES,31,Non défini,2855.44,2603.33,275,275,-4.7,-1.75,12.8297236215099,0.868212950873178,432.0
31169,ESCALQUENS,31,Non défini,3040.48,3037.97,147,147,-6.52,-8.46,13.1176939614535,0.898577186765943,890.0
31181,LE FAUGA,31,Non défini,2602.38,2469.58,115,115,-3.65,17.7,10.5830545429554,0.844370704817637,16.0
31182,FENOUILLET,31,Non défini,3543.67,2498.57,212,212,-6.65,-6.0,12.4883909140608,0.882771950471673,623.0
31184,FLOURENS,31,Non défini,4359.07,3264.95,39,39,-10.25,-5.06,13.6823443728411,0.907132782207157,43.0
31186,FONBEAUZARD,31,Non défini,2601.3,2509.15,92,92,-7.15,-8.92,12.5590369208963,0.889431351931963,591.0
31187,FONSORBES,31,Non défini,2753.39,2659.26,337,337,-3.49,-6.69,11.5353940354651,0.864654674318994,778.0
31188,FONTENILLES,31,Non défini,2728.34,2547.22,160,160,-11.48,-11.83,11.8111987862109,0.844064780972371,70.0
31202,FRONTON,31,Non défini,2431.03,2609.3,313,313,-1.19,-5.04,10.9431419177327,0.826430304202995,522.0
31203,FROUZINS,31,Non défini,2734.3,2670.2,298,298,-4.9,-7.92,12.4978348541433,0.920145090251221,1211.0
31205,GAGNAC SUR GARONNE,31,Non défini,3300.26,2644.6,133,133,-2.64,0.94,12.4524051866666,0.854357444507419,560.0
31228,GRAGNAGUE,31,Non défini,3445.26,3369.26,113,113,20.72,14.21,11.9370375890263,0.865002927587633,66.0
31230,GRATENTOUR,31,Non défini,2846.2,2779.69,148,148,-4.78,-8.88,12.5235909896751,0.890631240216426,480.0
31232,GRENADE SUR GARONNE,31,Non défini,3418.07,2473.91,290,290,-4.2,8.07,11.2427691171055,0.806470571292237,1336.0
31248,LABARTHE SUR LEZE,31,Non défini,2874.06,2788.89,202,202,1.47,-7.04,12.2014943645092,0.76172254762614,301.0
31253,LABASTIDETTE,31,Non défini,2647.91,2644.49,168,168,0.24,2.19,11.6522603768255,0.815560629062395,171.0
31254,LABEGE,31,Non défini,3372.69,3441.12,144,144,-2.1,-0.98,13.4204692685266,0.927380203697149,266.0
31259,LACROIX FALGARDE,31,Non défini,3555.16,3292.86,58,58,7.41,-11.62,12.472616199161,0.891644322903019,167.0
31263,LAGARDELLE SUR LEZE,31,Non défini,2262.42,2503.26,113,113,-11.29,-6.63,12.1179389677046,0.76172254762614,92.0
31271,LANTA,31,Non défini,2216.2,2481.37,62,62,-13.94,-6.71,11.1543514927028,0.777039120962651,76.0
31273,LAPEYROUSE FOSSAT,31,Non défini,3000.76,2999.52,96,96,-12.06,-18.25,13.5452276838164,0.894433297718202,21.0
31282,LAUNAGUET,31,Non défini,3043.58,2750.69,268,268,-6.36,3.57,12.7746722526483,0.889431351931963,1822.0
31287,LAVERNOSE-LACASSE,31,Non défini,2918.88,2494.64,252,252,0.9,2.28,10.5830545429554,0.844370704817637,94.0
31291,LEGUEVIN,31,Non défini,2970.84,2629.03,302,302,-1.94,-2.49,11.7590394238315,0.874649110843093,915.0
31293,LESPINASSE,31,Non défini,2904.5,2528.38,87,87,-17.54,-11.07,12.4659534128403,0.854357444507419,369.0
31297,LEVIGNAC SUR SAVE,31,Non défini,2572.73,2653.56,49,49,-0.75,-6.18,10.9972536304015,0.876449878254069,157.0
31299,LHERM,31,Non défini,2456.89,2498.9,140,140,-12.71,-7.52,11.4177173457937,0.815560629062395,144.0
31303,LONGAGES,31,Non défini,2427.29,2391.63,198,198,-4.05,6.13,10.2944412459798,0.815560629062395,86.0
31324,MARTRES TOLOSANE,31,Non défini,2197.18,1804.17,245,245,12.98,5.67,9.70103903647352,0.745408355377665,181.0
31341,MERVILLE,31,Non défini,2684.47,2474.01,206,206,-5.08,-8.66,11.6482065834061,0.854357444507419,308.0
31345,MIREMONT,31,Non défini,2639.59,2624.0,125,125,4.46,5.44,12.1510364970049,0.868212950873178,16.0
31351,MONDONVILLE,31,Non défini,2805.97,2771.43,258,258,4.84,6.04,12.3017730725305,0.876449878254069,2013.0
31358,MONTASTRUC LA CONSEILLERE,31,Non défini,2606.07,2559.17,81,81,-22.75,-21.4,10.8787893132067,0.865002927587633,193.0
31364,MONTBERON,31,Non défini,2993.7,3058.82,73,73,12.88,0.13,11.5628509016538,0.837470983079431,83.0
31375,MONTESQUIEU VOLVESTRE,31,Non défini,1932.15,1785.24,215,215,7.11,-0.82,8.97893956769206,0.769332654358433,338.0
31381,MONTGISCARD,31,Non défini,2446.22,2313.71,80,80,-5.54,-29.37,11.6810884162828,0.86631848728567,91.0
31389,MONTRABE,31,Non défini,3833.32,3312.5,142,142,5.0,4.06,13.404363741386,0.885861668919644,440.0
31390,MONTREJEAU,31,Non défini,1583.24,1250.0,198,198,21.99,11.73,10.0165473477777,0.766548768829522,756.0
31395,MURET,31,Non défini,2604.52,2243.64,873,873,-5.98,-9.32,11.4714091838406,0.844370704817637,3270.0
31396,NAILLOUX,31,Non défini,2001.23,1858.97,216,216,6.94,-3.98,10.6388296359587,0.779552608283378,468.0
31399,NOE,31,Non défini,2464.94,2421.45,135,135,2.68,-3.14,10.2944412459798,0.815560629062395,66.0
31409,PECHABOU,31,Non défini,3276.76,3223.88,53,53,-3.15,-1.35,12.6882126010135,0.848033433722273,331.0
31410,PECHBONNIEU,31,Non défini,2920.89,2885.37,97,97,-6.23,4.23,11.6960544883139,0.837470983079431,225.0
31417,PIBRAC,31,Non défini,4077.47,3311.17,325,325,3.74,5.54,12.5094739834192,0.872313282268729,1019.0
31420,PINSAGUEL,31,Non défini,2767.83,2716.46,113,113,4.75,-1.6,12.2857198892377,0.891644322903019,247.0
31421,PINS JUSTARET,31,Non défini,2809.6,2903.25,134,134,5.41,7.53,12.4648414431408,0.901976372912582,457.0
31424,PLAISANCE DU TOUCH,31,Non défini,2813.82,2844.11,453,453,-9.51,-7.17,12.7428449554397,0.885055914693858,1469.0
31429,POMPERTUZAT,31,Non défini,5030.77,3284.07,70,70,3.73,3.5,12.9215424785267,0.848033433722273,139.0
31433,PORTET SUR GARONNE,31,Non défini,2993.66,2897.73,275,275,0.79,-1.91,12.7736946621477,0.857100971868637,685.0
31445,QUINT,31,Non défini,3847.68,3560.63,165,165,-5.95,7.94,13.7254821894697,0.907132782207157,869.0
31446,RAMONVILLE ST AGNE,31,Non défini,3289.86,2941.29,504,504,-7.38,-4.61,13.637144086043,0.927380203697149,2965.0
31451,REVEL,31,Non défini,2401.51,1962.7,370,370,-1.86,-5.79,8.96171445955043,0.798023923220869,1339.0
31454,RIEUMES,31,Non défini,1944.23,1961.54,167,167,-6.83,-9.26,10.6218310225181,0.849907818892017,337.0
31455,RIEUX,31,Non défini,2531.55,1960.78,119,119,33.77,-9.42,8.711345084813,0.740543059590387,51.0
31458,ROQUES,31,Non défini,3020.38,2809.17,155,155,-1.07,0.15,12.7316474903867,0.921909326294368,796.0
31460,ROQUETTES,31,Non défini,2722.49,2770.58,91,91,-4.22,-3.03,12.1230846372727,0.901976372912582,221.0
31462,ROUFFIAC TOLOSAN,31,Non défini,3575.16,3798.53,101,101,4.28,9.74,13.3124108288518,0.88991820887769,262.0
31467,ST ALBAN,31,Non défini,3377.32,2823.42,127,127,-4.5,-3.69,12.5333316790867,0.882771950471673,547.0
31480,STE FOY D AIGREFEUILLE,31,Non défini,2944.69,3025.0,65,65,-12.89,-14.18,13.6823443728411,0.907132782207157,18.0
31481,STE FOY DE PEYROLIERES,31,Non défini,2318.38,2326.21,135,135,12.3,-4.65,10.8189911741535,0.798403335839452,103.0
31483,SAINT-GAUDENS,31,Non défini,1666.57,1310.34,622,622,-1.72,-6.09,9.79300031009057,0.79334672372304,2580.0
31484,ST GENIES BELLEVUE,31,Non défini,2770.2,2762.71,46,46,-4.13,-13.12,13.1090591110625,0.894433297718202,196.0
31488,ST JEAN,31,Non défini,2988.56,3022.22,311,311,-7.42,-8.74,13.7088298184973,0.88991820887769,1299.0
31490,ST JORY,31,Non défini,3066.63,2892.31,229,229,0.59,0.62,12.009823473201,0.902704521600846,1505.0
31497,ST LOUP CAMMAS,31,Non défini,3406.42,3334.74,32,32,-3.85,-2.09,11.5628509016538,0.837470983079431,90.0
31499,ST LYS,31,Non défini,2591.06,2531.82,298,298,0.15,-3.61,12.119770374564,0.79122509848883,569.0
31506,ST ORENS DE GAMEVILLE,31,Non défini,3088.66,3081.02,404,404,-4.76,-7.71,13.4508216990141,0.923632535344915,3452.0
31516,ST SAUVEUR,31,Non défini,3071.87,2997.3,71,71,12.12,8.57,11.9792779398054,0.902704521600846,47.0
31517,ST SULPICE SUR LEZE,31,Non défini,2376.82,2287.23,107,107,-9.65,17.29,12.5157104164791,0.784323769913461,179.0
31526,LA SALVETAT ST GILLES,31,Non défini,3150.05,2991.56,233,233,2.55,0.35,12.0653918089818,0.844064780972371,499.0
31533,SAUBENS,31,Non défini,2884.24,3027.4,57,57,-0.59,0.91,12.3345775459813,0.921909326294368,86.0
31541,SEILH,31,Non défini,3186.11,2967.21,169,169,-7.05,-7.18,13.0325378565765,0.889149353758039,1105.0
31547,SEYSSES,31,Non défini,2556.95,2542.37,284,284,-1.3,1.82,12.0377671218552,0.849907818892017,1359.0
31555,TOULOUSE,31,Non défini,3919.61,3355.53,18467,18467,-4.13,-4.45,13.9839274240567,0.836318137591235,225512.0
31557,TOURNEFEUILLE,31,Non défini,3457.14,3209.68,748,748,-6.97,-7.27,13.4332679741653,0.906721807580333,5969.0
31561,L UNION,31,Non défini,3197.53,3222.53,290,290,-6.85,-9.48,14.0306341220142,0.894433297718202,1186.0
31572,VENERQUE,31,Non défini,2628.1,2727.27,115,115,-4.84,2.2,12.1179389677046,0.76172254762614,65.0
31573,VERFEIL,31,Non défini,2688.95,2498.79,196,196,-7.54,-17.7,11.6208520394938,0.777039120962651,234.0
31574,VERNET,31,Non défini,2864.57,2778.76,93,93,-0.01,-5.48,12.1179389677046,0.76172254762614,50.0
31582,VILLEFRANCHE-DE-LAURAGAIS,31,Non défini,2987.33,2750.0,168,168,-9.44,-7.08,11.2970017217239,0.809910533127847,576.0
31584,VILLEMUR SUR TARN,31,Non défini,2114.33,1860.47,269,269,-19.51,-10.51,11.535649400342,0.833460321027104,620.0
31588,VILLENEUVE TOLOSANE,31,Non défini,2789.79,2693.72,254,254,-8.67,-6.19,12.6016414491019,0.89057668179998,1826.0
31592,LARRA,31,Non défini,2435.02,2332.48,121,121,-0.5,-7.67,10.8942857629441,0.806470571292237,31.0
32013,AUCH,32,Non défini,2581.92,1819.93,1046,1046,-3.43,-2.94,10.018327008298,0.831364187380053,5405.0
32107,CONDOM,32,Non défini,1823.63,1437.13,503,503,-9.4,4.43,8.66640071391327,0.737839371439818,637.0
32119,EAUZE,32,Non défini,1579.35,1352.02,252,252,-1.99,-7.1,10.5980655238644,0.725930352460739,402.0
32132,FLEURANCE,32,Non défini,1753.47,1504.94,346,346,-10.65,-4.14,9.39687357805252,0.691979996627435,766.0
32147,GIMONT,32,Non défini,3303.32,2266.67,135,135,50.42,3.7,9.58741065485126,0.82815350787854,451.0
32160,L ISLE JOURDAIN,32,Non défini,3046.85,2576.36,362,362,-3.53,-1.71,11.7512819717718,0.815713343535245,1337.0
32208,LECTOURE,32,Non défini,2108.59,1665.24,242,242,-11.37,-19.37,9.96130386115141,0.697628502601352,480.0
32213,LOMBEZ,32,Non défini,2044.77,2047.06,64,64,9.18,6.53,10.0496796950604,0.811197660250745,376.0
32249,MAUVEZIN,32,Non défini,1464.71,1342.73,73,73,-19.81,-3.25,9.42034686934964,0.819777882599092,242.0
32256,MIRANDE,32,Non défini,1762.81,1666.67,191,191,5.77,-3.14,10.3033241343913,0.73426139773875,773.0
32296,NOGARO,32,Non défini,4113.67,1757.84,119,119,15.39,9.38,9.1955229289148,0.793132525623645,328.0
32307,PAVIE,32,Non défini,1890.5,1818.6,105,105,-14.78,-2.8,10.9809916253054,0.802756004778461,123.0
32410,SAMATAN,32,Non défini,2298.89,2354.65,107,107,2.95,10.67,10.8722863980241,0.79122509848883,275.0
32462,VIC-FEZENSAC,32,Non défini,1765.03,1649.66,207,207,8.97,22.55,9.14793085842535,0.754119813849366,386.0
33001,ABZAC,33,Non défini,1498.22,1410.26,94,94,-25.82,-27.45,12.2806726533992,0.764952625622256,45.0
33003,AMBARES-ET-LAGRAVE,33,Non défini,2985.89,2782.26,648,648,-9.04,-10.57,13.6461353708103,0.800198253452611,865.0
33004,AMBES,33,Non défini,2057.41,1901.46,108,108,-8.73,-18.79,11.157064740344,0.787935632730551,254.0
33005,ANDERNOS-LES-BAINS,33,Non défini,5754.11,5223.01,532,532,-14.33,-8.72,15.6253327363589,0.67733933898782,410.0
33009,ARCACHON,33,Non défini,8507.95,7905.66,1223,1223,-7.65,-3.07,17.0035506126674,0.788494274485112,1436.0
33011,ARES,33,Non défini,5318.58,4945.67,300,300,-10.86,-1.82,15.2063636134197,0.67733933898782,236.0
33012,ARSAC,33,Non défini,3276.08,3436.69,216,216,-0.98,-3.71,14.103889715624,0.816441343072972,12.0
33013,ARTIGUES-PRES-BORDEAUX,33,Non défini,3922.12,3092.0,221,221,-3.25,-12.17,12.6790103891287,0.861505697420013,709.0
33015,ARVEYRES,33,Non défini,2433.22,2434.21,111,111,1.43,-10.04,12.3429682529628,0.837414210014649,49.0
33018,VAL DE VIRVEE,33,Non défini,2737.89,2481.43,166,166,-3.35,-9.91,11.2963900512216,0.806472266185661,79.0
33019,AUDENGE,33,Non défini,4378.42,3796.65,339,339,-2.21,-3.35,13.8204118483441,0.821476405248098,830.0
33022,AVENSAN,33,Non défini,2324.16,2500.0,197,197,-20.15,-20.91,13.8865550958977,0.810829168108961,6.0
33029,LE BARP,33,Non défini,3374.25,3236.49,277,277,-14.21,-11.24,13.6727863130715,0.812437123149066,272.0
33030,BARSAC,33,Non défini,2174.19,2252.69,110,110,26.06,-2.02,10.7493334470149,0.687456641574196,107.0
33032,BASSENS,33,Non défini,3164.28,2917.9,215,215,-7.53,-8.34,13.8522589617255,0.818627631965211,1138.0
33036,BAZAS,33,Non défini,2370.31,2208.82,253,253,-4.01,-7.44,10.0686991445189,0.761451143077524,605.0
33037,BEAUTIRAN,33,Non défini,3095.04,3076.92,87,87,-3.29,-7.11,13.5140068262844,0.660809518837105,37.0
33039,BEGLES,33,Non défini,4065.39,3559.32,901,901,-9.81,-8.65,14.5238993044223,0.870459383676676,3931.0
33042,BELIN-BELIET,33,Non défini,2856.84,2800.46,242,242,-15.03,-11.86,13.2932697391441,0.760450040398714,197.0
33049,BEYCHAC-ET-CAILLEAU,33,Non défini,2967.86,2881.12,179,179,-8.26,-1.96,12.3470567562408,0.80500032348179,5.0
33051,BIGANOS,33,Non défini,4334.81,3687.5,385,385,-1.39,-6.14,14.1201091348972,0.84065152155017,604.0
33056,BLANQUEFORT,33,Non défini,3378.61,3457.84,430,430,-5.6,-10.18,14.3727507666467,0.849774592517782,1008.0
33058,BLAYE,33,Non défini,2667.52,1764.71,193,193,-20.27,-0.1,13.0755706593516,0.780289132700266,1049.0
33063,BORDEAUX,33,Non défini,5128.72,4510.64,9627,9627,-7.59,-9.79,15.9931995588236,0.821385071888653,84641.0
33065,BOULIAC,33,Non défini,4473.59,4281.37,156,156,-0.13,-7.75,16.1790785627789,0.801190734873793,195.0
33067,BOURG,33,Non défini,1773.66,1852.27,152,152,-2.97,-13.56,10.22602034688,0.787935632730551,238.0
33069,LE BOUSCAT,33,Non défini,4826.44,4300.0,926,926,-8.55,-7.36,15.4364462552861,0.794650376355598,1853.0
33075,BRUGES,33,Non défini,3867.23,3684.21,832,832,-2.04,-4.45,14.8309801672015,0.858652553450064,3084.0
33077,CABANAC-VILLAGRAINS,33,Non défini,2622.69,2715.25,128,128,-8.94,-21.52,13.5140068262844,0.660809518837105,15.0
33080,CADAUJAC,33,Non défini,3423.64,3379.55,184,184,-8.02,-7.27,14.48312249546,0.853691553306496,175.0
33081,CADILLAC-SUR-GARONNE,33,Non défini,2349.19,2415.15,91,91,-0.67,4.94,11.0439776773361,0.687456641574196,337.0
33085,CAMBLANES ET MEYNAC,33,Non défini,3893.05,3764.71,119,119,2.96,-11.9,14.4080364313458,0.801190734873793,25.0
33090,CANEJAN,33,Non défini,3523.83,3492.29,73,73,-5.74,-7.62,14.3251767435064,0.886866734605343,162.0
33096,CARBON BLANC,33,Non défini,2929.23,2777.78,143,143,-11.05,-10.98,14.0376497643688,0.818627631965211,329.0
33097,CARCANS,33,Non défini,3900.24,3641.23,246,246,-11.39,-10.05,12.6164187360314,0.737398495495988,87.0
33099,CARIGNAN-DE-BORDEAUX,33,Non défini,3480.08,3479.69,90,90,-10.0,-7.86,14.4080364313458,0.801190734873793,78.0
33104,CASTELNAU-DE-MEDOC,33,Non défini,3110.84,2747.45,228,228,-10.03,-11.58,13.1013011966147,0.737398495495988,383.0
33108,CASTILLON-LA-BATAILLE,33,Non défini,2205.56,1605.77,166,166,4.48,8.08,9.8735489143015,0.75604862314896,621.0
33109,CASTRES GIRONDE,33,Non défini,2734.8,2811.76,57,57,-7.21,-11.63,13.5140068262844,0.660809518837105,81.0
33114,CAVIGNAC,33,Non défini,3411.84,2093.86,128,128,8.78,-3.29,15.4623075379792,0.882237602727634,306.0
33118,CENAC,33,Non défini,3195.35,3172.41,115,115,-21.45,-10.57,14.4080364313458,0.801190734873793,11.0
33119,CENON,33,Non défini,3442.49,3209.45,575,575,-6.47,-10.34,14.1673756470743,0.869919065638064,4850.0
33120,CERONS,33,Non défini,2710.51,2676.15,85,85,11.51,11.64,11.4095176749655,0.687456641574196,46.0
33122,CESTAS,33,Non défini,3610.68,3709.68,443,443,-10.46,-14.2,14.9433173055425,0.776974588320988,203.0
33123,CEZAC,33,Non défini,2452.45,2187.12,175,175,4.64,2.72,12.3429558478109,0.800198253452611,16.0
33125,CISSAC-MEDOC,33,Non défini,2312.81,2303.22,127,127,2.91,0.19,12.6164187360314,0.737398495495988,17.0
33138,COUTRAS,33,Non défini,2148.13,1877.46,450,450,-5.5,-6.45,12.0566247774133,0.729101511997612,688.0
33140,CREON,33,Non défini,2888.25,2847.62,185,185,-0.14,-1.99,13.1814071215637,0.73342892077754,500.0
33143,CUBZAC LES PONTS,33,Non défini,2747.62,2326.53,235,235,-14.63,-1.32,12.3429558478109,0.800198253452611,52.0
33146,CUSSAC-FORT-MEDOC,33,Non défini,2211.33,2391.3,102,102,-0.9,17.16,10.0064906779849,0.681106243931542,22.0
33154,LES EGLISOTTES ET CHALAURES,33,Non défini,1358.26,1353.98,110,110,-1.26,-16.78,10.8428572000708,0.729101511997612,63.0
33162,EYSINES,33,Non défini,3573.1,3514.02,786,786,-7.6,-8.32,14.2839463797787,0.830208855961821,2440.0
33165,FARGUES SAINT HILAIRE,33,Non défini,3223.26,3452.38,130,130,-0.97,-0.71,13.3044862346636,0.80500032348179,334.0
33167,FLOIRAC,33,Non défini,3397.13,3327.5,433,433,-5.97,-5.67,14.2118705946546,0.817783394402487,1587.0
33177,GAILLAN-EN-MEDOC,33,Non défini,2442.12,2440.23,341,341,8.45,14.48,11.3388629976144,0.733906986673915,32.0
33179,GALGON,33,Non défini,5035.53,2880.0,157,157,31.86,20.96,11.3627612673206,0.806472266185661,258.0
33185,GENISSAC,33,Non défini,3067.92,2554.27,137,137,-2.47,-5.24,12.5381260242348,0.837414210014649,103.0
33192,GRADIGNAN,33,Non défini,4203.96,3685.71,1123,1123,-3.15,-5.78,14.9765663885624,0.886866734605343,4136.0
33199,GUJAN MESTRAS,33,Non défini,5093.39,4680.62,776,776,-10.52,-6.39,15.1205491446484,0.767984317905439,883.0
33200,LE HAILLAN,33,Non défini,3619.95,3540.9,421,421,-6.46,-9.71,13.9553873943136,0.859793345557651,1291.0
33203,HOURTIN,33,Non défini,3908.76,3724.2,316,316,0.72,-0.75,13.4708470601171,0.737398495495988,192.0
33207,IZON,33,Non défini,3860.39,2916.67,308,308,-3.76,-5.94,12.3429682529628,0.837414210014649,54.0
33213,LA BREDE,33,Non défini,3411.55,3099.41,147,147,-17.12,-17.35,16.1387261301774,0.660809518837105,177.0
33214,LACANAU,33,Non défini,5568.84,5321.43,532,532,-2.6,0.17,16.3590315190532,0.737398495495988,146.0
33219,LA LANDE DE FRONSAC,33,Non défini,2309.29,2450.0,112,112,-2.13,8.14,12.3429682529628,0.837414210014649,32.0
33225,LANDIRAS,33,Non défini,2762.47,2308.63,217,217,-4.16,-8.57,13.5140068262844,0.660809518837105,49.0
33226,LANGOIRAN,33,Non défini,2374.09,2000.0,174,174,-18.37,-18.84,12.2034599022832,0.852497178199352,188.0
33227,LANGON,33,Non défini,3107.84,2264.69,404,404,3.2,-2.07,11.1275422784681,0.760747873614605,1666.0
33229,LANTON,33,Non défini,4567.46,4228.26,249,249,-12.26,-9.63,14.1265322385444,0.821476405248098,269.0
33233,LARUSCADE,33,Non défini,2554.46,1789.37,164,164,-18.29,-10.53,9.73364580785107,0.661816366079236,40.0
33234,LATRESNE,33,Non défini,4437.81,3701.14,156,156,-4.51,-11.76,13.5991445031108,0.801190734873793,243.0
33236,LEGE-CAP-FERRET,33,Non défini,10845.47,10962.2,483,483,8.34,3.38,15.6644223583166,0.67733933898782,141.0
33238,LEOGNAN,33,Non défini,4208.29,3488.37,264,264,-10.31,-11.05,14.7193146999919,0.853691553306496,217.0
33240,LESPARRE-MEDOC,33,Non défini,2140.34,2062.5,357,357,1.07,7.13,10.8069593555754,0.681106243931542,546.0
33243,LIBOURNE,33,Non défini,3118.09,2551.6,1290,1290,-7.55,-8.4,12.9464531718483,0.798641348168072,3961.0
33248,LISTRAC MEDOC,33,Non défini,3174.17,2521.53,271,271,-6.86,-3.59,12.6164187360314,0.737398495495988,52.0
33249,LORMONT,33,Non défini,2791.31,2618.61,471,471,-6.45,-10.02,14.0267538449464,0.869919065638064,4250.0
33256,LUDON MEDOC,33,Non défini,5039.77,3270.5,247,247,-1.59,-2.7,14.9097609792193,0.810829168108961,140.0
33262,MACAU,33,Non défini,2554.2,2541.32,119,119,-20.0,-17.2,13.1622322587116,0.810829168108961,122.0
33268,MARGAUX CANTENAC,33,Non défini,2281.54,2258.94,156,156,-21.69,-21.04,13.8865550958977,0.810829168108961,48.0
33273,MARTIGNAS SUR JALLE,33,Non défini,3752.0,3672.48,257,257,-8.45,-8.1,13.9447832694076,0.776974588320988,308.0
33274,MARTILLAC,33,Non défini,3328.88,3348.21,131,131,-15.06,-11.59,14.5227712569612,0.853691553306496,72.0
33281,MERIGNAC,33,Non défini,3499.17,3533.0,2663,2663,-10.42,-10.88,14.8043914375546,0.821385071888653,11365.0
33284,MIOS,33,Non défini,4227.2,3870.97,593,593,-6.14,-1.74,14.3135799199734,0.812437123149066,122.0
33293,MONTUSSAN,33,Non défini,2916.59,2913.36,214,214,-5.57,-4.56,13.3569649182713,0.775139839701717,284.0
33312,PAREMPUYRE,33,Non défini,3121.87,3193.55,303,303,-10.02,-10.82,13.3831005067414,0.826753540041363,1039.0
33314,PAUILLAC,33,Non défini,2853.12,1909.64,315,315,0.66,-2.13,10.5849752750086,0.681106243931542,348.0
33318,PESSAC,33,Non défini,4046.11,3780.49,1535,1535,-7.42,-3.45,15.2719060738936,0.791963311466808,4961.0
33321,PEUJARD,33,Non défini,2211.96,2455.34,104,104,-5.3,-11.61,11.2963900512216,0.806472266185661,4.0
33322,LE PIAN MEDOC,33,Non défini,3275.0,3277.78,193,193,-8.3,-11.22,14.103889715624,0.816441343072972,27.0
33324,PINEUILH,33,Non défini,1498.37,1368.42,305,305,-5.01,2.09,11.7776235196861,0.726115226308156,338.0
33327,PODENSAC,33,Non défini,3070.39,2570.18,86,86,-10.04,-7.04,11.8144504162957,0.755029828914568,191.0
33330,POMPIGNAC,33,Non défini,3274.93,3118.03,142,142,-12.51,-8.72,13.0877449609559,0.775139839701717,130.0
33333,LE PORGE,33,Non défini,4785.43,4438.59,147,147,6.95,14.57,14.0425585697103,0.67733933898782,24.0
33334,PORTETS,33,Non défini,2796.12,2695.8,171,171,-5.46,-9.62,13.5140068262844,0.660809518837105,58.0
33337,PREIGNAC,33,Non défini,2293.28,1530.35,202,202,-25.32,-23.04,13.9842198558912,0.687456641574196,187.0
33341,PUGNAC,33,Non défini,2109.96,1958.76,84,84,13.08,-17.37,12.3429558478109,0.800198253452611,47.0
33349,QUINSAC,33,Non défini,3281.71,3377.13,89,89,-6.74,-11.86,14.5227712569612,0.853691553306496,61.0
33352,LA REOLE,33,Non défini,1767.63,1613.46,176,176,-2.08,-1.81,9.54788125717215,0.73139251678027,762.0
33363,SADIRAC,33,Non défini,3498.08,3426.97,166,166,3.14,3.88,12.5431463850139,0.80500032348179,113.0
33366,SAINT-ANDRE-DE-CUBZAC,33,Non défini,3512.8,2613.54,456,456,-2.17,-2.59,12.4280402862833,0.806472266185661,1704.0
33376,SAINT AUBIN DE MEDOC,33,Non défini,4042.04,3850.65,218,218,-7.82,-8.23,13.8865550958977,0.810829168108961,83.0
33381,ST CAPRAIS DE BORDEAUX,33,Non défini,2859.86,2793.04,97,97,-9.04,-7.13,12.6502699124024,0.80500032348179,138.0
33389,SAINT-CIERS-SUR-GIRONDE,33,Non défini,1908.6,1443.18,316,316,-0.42,-16.74,10.1166028011861,0.661208988469835,145.0
33393,ST-DENIS-DE-PILE,33,Non défini,2146.84,1967.21,211,211,-7.66,-3.25,11.7420832289524,0.797299376847924,121.0
33397,SAINTE EULALIE,33,Non défini,2858.0,2936.42,86,86,-8.84,-6.07,12.8797049573739,0.753759865962875,28.0
33402,SAINTE-FOY-LA-GRANDE,33,Non défini,1414.24,1086.96,121,121,-22.55,-3.99,9.37889479599495,0.754320859626895,707.0
33413,ST GERMAIN DU PUCH,33,Non défini,2432.38,2810.41,54,54,-2.22,-6.65,12.3470567562408,0.80500032348179,46.0
33417,SAINTE HELENE,33,Non défini,2955.55,3023.11,133,133,-9.34,-4.4,14.0425585697103,0.67733933898782,26.0
33422,SAINT JEAN D ILLAC,33,Non défini,3577.4,3635.85,319,319,-9.61,-11.56,14.2113963998522,0.776974588320988,517.0
33424,SAINT LAURENT MEDOC,33,Non défini,2207.54,2369.27,300,300,1.21,-7.35,12.3492929786175,0.737398495495988,174.0
33433,SAINT LOUBES,33,Non défini,3068.4,2668.61,294,294,-19.76,-17.36,13.4861799081509,0.753759865962875,292.0
33434,ST LOUIS DE MONTFERRAND,33,Non défini,2815.07,2412.99,61,61,-10.94,-23.82,12.7878109307454,0.826753540041363,85.0
33435,SAINT-MACAIRE,33,Non défini,1893.6,1825.41,63,63,-2.8,-15.07,10.5794454011576,0.760747873614605,243.0
33437,SAINT-MAGNE-DE-CASTILLON,33,Non défini,2442.73,2304.35,144,144,26.74,8.37,9.29810546214788,0.75604862314896,0.0
33438,SAINT-MAIXANT,33,Non défini,2355.55,2350.35,75,75,-1.04,6.83,11.6685351570123,0.755029828914568,21.0
33447,SAINT-MEDARD-DE-GUIZIERES,33,Non défini,2029.96,1839.08,93,93,5.93,-2.91,11.4731371080597,0.764952625622256,152.0
33448,SAINT MEDARD D EYRANS,33,Non défini,4363.5,3597.22,122,122,7.69,-2.87,14.0213742457489,0.853691553306496,120.0
33449,SAINT MEDARD EN JALLES,33,Non défini,3952.19,3636.36,969,969,-7.42,-9.21,14.9301806935548,0.816441343072972,1432.0
33466,SAINT-QUENTIN-DE-BARON,33,Non défini,2613.81,2375.0,202,202,0.48,-2.62,12.4399844659867,0.830114717372542,398.0
33473,SAINT-SAVIN,33,Non défini,2347.49,2194.23,159,159,7.84,5.49,11.0648936757845,0.661816366079236,202.0
33474,SAINT SELVE,33,Non défini,2996.06,3123.61,201,201,-10.37,-15.32,13.5140068262844,0.660809518837105,19.0
33478,ST-SEURIN-SUR-L ISLE,33,Non défini,1596.34,1528.34,194,194,-7.14,-6.79,11.3949126439558,0.729101511997612,196.0
33483,ST SULPICE ET CAMEYRAC,33,Non défini,2994.53,2916.54,250,250,-1.9,-10.77,12.5972367659299,0.775139839701717,123.0
33492,SAINT-YZAN-DE-SOUDIAC,33,Non défini,1855.44,1888.89,116,116,3.48,-6.78,11.5659844653605,0.661816366079236,119.0
33496,SALLEBOEUF,33,Non défini,5297.16,3227.63,73,73,6.91,-2.98,12.6736690564085,0.775139839701717,38.0
33498,SALLES,33,Non défini,3411.82,3416.67,640,640,-12.34,-4.32,12.9037995343785,0.799916313977813,111.0
33501,SAUCATS,33,Non défini,3073.87,3138.4,141,141,-13.16,-7.54,14.3352000614984,0.776974588320988,18.0
33514,SOULAC-SUR-MER,33,Non défini,4295.95,3930.0,289,289,-2.91,10.54,11.3388629976144,0.733906986673915,75.0
33519,LE TAILLAN MEDOC,33,Non défini,3809.9,3523.37,357,357,-4.81,-8.57,14.4566863467112,0.816441343072972,443.0
33522,TALENCE,33,Non défini,4147.38,4047.14,1200,1200,-7.79,-11.7,15.5632179497266,0.826629247516789,10574.0
33523,TARGON,33,Non défini,2634.55,2625.69,152,152,-3.66,5.21,12.988511269253,0.852497178199352,89.0
33527,LE TEICH,33,Non défini,4519.43,4142.19,330,330,-6.71,-4.97,13.9307928040237,0.799916313977813,720.0
33529,LA TESTE-DE-BUCH,33,Non défini,6929.41,5473.33,1228,1228,-3.11,-3.44,14.9750029057509,0.788494274485112,2178.0
33533,TOULENNE,33,Non défini,2355.12,1908.91,162,162,-16.7,-20.88,11.4095176749655,0.687456641574196,56.0
33535,TRESSES,33,Non défini,3494.37,3263.16,157,157,-4.52,-12.84,13.2663819555555,0.753759865962875,115.0
33539,VAYRES,33,Non défini,2418.92,2496.86,110,110,-4.94,-5.85,13.0796246591866,0.837414210014649,164.0
33540,VENDAYS-MONTALIVET,33,Non défini,4817.36,4051.88,376,376,21.55,47.15,11.3388629976144,0.733906986673915,44.0
33550,VILLENAVE D ORNON,33,Non défini,3748.43,3441.86,1237,1237,-7.64,-11.06,14.0753997755786,0.870459383676676,6663.0
33554,YVRAC,33,Non défini,3024.76,2670.45,107,107,-14.58,-19.52,13.308892621376,0.753759865962875,124.0
33555,MARCHEPRIME,33,Non défini,3323.02,3333.29,149,149,-8.9,-7.28,13.8885426281134,0.84065152155017,231.0
34003,AGDE,34,Non défini,4314.13,3750.0,4863,4863,0.38,6.45,13.1168017599106,0.670820819542744,4698.0
34010,ANIANE,34,Non défini,2592.34,2395.05,226,226,19.2,-31.78,12.0257083997784,0.757258044753029,283.0
34022,BAILLARGUES,34,Non défini,3893.86,3888.89,226,226,-2.78,-2.22,15.2022435203535,0.839517053341114,750.0
34023,BALARUC LES BAINS,34,Non défini,4411.16,4195.83,656,656,-0.35,2.12,13.6149116134646,0.686519936758286,1077.0
34024,BALARUC LE VIEUX,34,Non défini,3839.75,3683.81,67,67,-14.29,3.19,13.6135864220806,0.686519936758286,119.0
34025,BASSAN,34,Non défini,2472.69,2432.22,114,114,-6.74,-6.71,11.4149038949,0.792748493606021,73.0
34027,BEAULIEU,34,Non défini,5769.22,4239.68,55,55,9.0,61.67,13.7629802975784,0.714294130231931,53.0
34028,BEDARIEUX,34,Non défini,2014.43,1108.81,398,398,-34.13,-39.67,9.4328422212644,0.729403594860965,1601.0
34031,BESSAN,34,Non défini,2843.59,2714.29,248,248,22.17,13.53,11.7266554358833,0.755299853518639,411.0
34032,BEZIERS,34,Non défini,3205.21,2264.3,4118,4118,-0.37,1.77,11.158278178285,0.769335981731409,18371.0
34033,BOISSERON,34,Non défini,3176.92,3327.25,82,82,-2.8,-2.08,13.8041778183328,0.714294130231931,102.0
34037,BOUJAN-SUR-LIBRON,34,Non défini,2436.72,2410.35,105,105,12.04,-2.47,12.4589396665574,0.792748493606021,409.0
34050,CANDILLARGUES,34,Non défini,3561.32,3411.76,74,74,-11.35,-13.02,15.6634221847521,0.834719000277807,266.0
34051,CANET,34,Non défini,2852.24,2877.36,135,135,3.89,-2.19,11.6135494370864,0.779794572553287,99.0
34052,CAPESTANG,34,Non défini,2456.05,2500.0,191,191,15.38,19.05,9.94841965010262,0.74789057309486,258.0
34057,CASTELNAU LE LEZ,34,Non défini,4470.31,4102.24,856,856,-1.8,-0.18,16.0770736268197,0.877111369155764,9253.0
34058,CASTRIES,34,Non défini,3979.39,3837.5,249,249,-6.36,-3.59,13.6424852392473,0.803333735105813,492.0
34063,CAUX,34,Non défini,2788.45,2574.26,174,174,10.72,-3.08,11.1130324091646,0.792748493606021,115.0
34069,CAZOULS-LES-BEZIERS,34,Non défini,1796.69,1687.17,292,292,-11.77,-14.06,9.65297606223969,0.721409541867715,366.0
34073,CERS,34,Non défini,2948.85,2274.26,84,84,-0.72,-13.0,11.61516668963,0.777541760558459,101.0
34074,CESSENON-SUR-ORB,34,Non défini,1718.28,1660.71,229,229,-16.96,-41.04,9.45710921917283,0.721409541867715,125.0
34077,CLAPIERS,34,Non défini,4804.56,4356.79,114,114,-2.23,-2.74,16.2694697589026,0.861700495885709,298.0
34079,CLERMONT L HERAULT,34,Non défini,2643.01,2193.23,357,357,-20.77,-13.77,12.058377524465,0.729808803754139,2035.0
34081,COLOMBIERS,34,Non défini,2715.49,2814.99,95,95,-3.69,-1.52,11.9815225933908,0.73562277506526,142.0
34087,COURNONSEC,34,Non défini,3462.31,3469.41,129,129,-0.01,-7.23,14.2347433516704,0.765345906556663,95.0
34088,COURNONTERRAL,34,Non défini,3388.64,3146.07,149,149,-14.36,-15.59,13.0104819120777,0.831976111593175,458.0
34090,LE CRES,34,Non défini,4043.41,3937.5,186,186,-7.95,-4.06,16.7724348197997,0.813929892181462,930.0
34095,FABREGUES,34,Non défini,3798.53,3675.0,213,213,-0.33,-3.69,14.3737878110772,0.765345906556663,915.0
34101,FLORENSAC,34,Non défini,2932.59,2854.29,289,289,1.56,8.65,11.4592574222272,0.770375738259154,276.0
34108,FRONTIGNAN,34,Non défini,3800.46,3461.54,899,899,-5.75,-1.68,14.162309525848,0.760145860606934,1759.0
34111,GANGES,34,Non défini,2037.4,1851.5,184,184,-2.88,-14.55,10.6113577452877,0.778201653412278,1192.0
34113,GIGEAN,34,Non défini,3313.21,3150.43,138,138,-3.06,-1.71,13.1257668101625,0.831976111593175,392.0
34114,GIGNAC,34,Non défini,3271.41,3006.31,225,225,-9.36,8.23,12.1263331118991,0.733322740776926,609.0
34116,GRABELS,34,Non défini,3852.82,3604.65,310,310,7.51,6.02,14.9966650134854,0.902696919808795,2125.0
34120,JACOU,34,Non défini,3849.0,3936.17,212,212,-4.16,-2.55,16.2281052104825,0.878196206753608,418.0
34123,JUVIGNAC,34,Non défini,3605.34,3266.2,419,419,-6.86,-7.27,15.2952921147713,0.896547759191674,3837.0
34126,LAMALOU-LES-BAINS,34,Non défini,2491.2,2406.25,197,197,2.28,5.12,10.4435762292727,0.60470595216196,455.0
34127,LANSARGUES,34,Non défini,3620.6,3606.18,118,118,2.45,15.78,13.4601615314769,0.806828455433739,245.0
34129,LATTES,34,Non défini,4655.22,4582.36,599,599,-4.53,-1.38,16.8812008047816,0.862128272638185,3122.0
34134,LAVERUNE,34,Non défini,3651.85,3606.67,101,101,-4.92,-3.82,15.0774360298524,0.779738993007261,239.0
34135,LESPIGNAN,34,Non défini,2402.32,2266.67,220,220,16.79,14.55,11.4888731294299,0.73562277506526,201.0
34140,LIGNAN-SUR-ORB,34,Non défini,2465.75,2484.38,84,84,-7.1,1.97,11.5421812166057,0.806496705962633,108.0
34142,LODEVE,34,Non défini,2258.2,1866.67,333,333,0.07,7.31,9.64555883051623,0.778255390559147,1377.0
34143,LOUPIAN,34,Non défini,3868.11,3498.28,138,138,2.74,1.24,12.1536322875529,0.735939878913962,152.0
34145,LUNEL,34,Non défini,3374.71,2790.23,793,793,-3.13,0.66,15.0067919015704,0.812744398286788,2543.0
34146,LUNEL-VIEL,34,Non défini,3618.54,3157.89,139,139,2.92,-4.02,13.46483311586,0.720309485521179,236.0
34147,MAGALAS,34,Non défini,2225.91,2304.69,228,228,-4.15,4.8,10.8711956862442,0.775493163980927,175.0
34148,MARAUSSAN,34,Non défini,2217.1,2235.63,157,157,-1.4,-6.93,10.3808869068734,0.738461056570042,211.0
34150,MARSEILLAN,34,Non défini,4272.66,4230.15,804,804,6.86,11.98,12.5019174097126,0.770375738259154,879.0
34151,MARSILLARGUES,34,Non défini,3961.78,3181.25,328,328,6.73,2.17,13.8841662846059,0.784346589928429,622.0
34153,LES MATELLES,34,Non défini,3847.79,3789.47,56,56,-17.95,0.57,14.792751327891,0.869508037743109,97.0
34154,MAUGUIO,34,Non défini,4914.0,4593.51,989,989,-4.06,2.48,17.2721596036624,0.834719000277807,2171.0
34155,MAUREILHAN,34,Non défini,2193.68,2048.53,80,80,-14.77,-6.05,10.2627101775745,0.738461056570042,89.0
34157,MEZE,34,Non défini,3902.0,3532.28,490,490,-3.04,1.09,12.7602160306294,0.735939878913962,868.0
34159,MIREVAL,34,Non défini,3324.77,3421.86,97,97,-19.85,2.46,14.7085230510855,0.794531596197255,187.0
34161,MONTADY,34,Non défini,2446.58,2538.1,98,98,2.43,-1.46,10.2627101775745,0.738461056570042,82.0
34162,MONTAGNAC,34,Non défini,2275.82,2142.86,302,302,-4.76,-12.9,11.6604862416558,0.763799297849387,332.0
34163,MONTARNAUD,34,Non défini,3906.96,3178.16,107,107,-5.4,-13.27,14.2288367481886,0.902696919808795,108.0
34165,MONTBAZIN,34,Non défini,3001.49,2741.94,95,95,-7.13,-7.88,12.3631872043859,0.831976111593175,147.0
34166,MONTBLANC,34,Non défini,2586.89,2665.45,255,255,5.89,6.62,11.5235679543154,0.774804882844637,198.0
34169,MONTFERRIER-SUR-LEZ,34,Non défini,4624.66,4571.43,220,220,-12.42,-10.16,15.8814973217571,0.861700495885709,263.0
34172,MONTPELLIER,34,Non défini,4015.65,3457.11,11411,11411,-4.11,-1.33,15.4920785504736,0.862865968925558,118801.0
34176,MUDAISON,34,Non défini,5343.02,4205.26,97,97,-0.16,0.39,15.3686501641342,0.834719000277807,177.0
34178,MURVIEL-LES-BEZIERS,34,Non défini,2604.68,2267.26,165,165,42.29,4.48,11.7601033901875,0.765108289238858,209.0
34183,NISSAN-LEZ-ENSERUNE,34,Non défini,2106.19,1986.39,232,232,7.04,-8.73,10.728938384585,0.738461056570042,252.0
34192,PALAVAS-LES-FLOTS,34,Non défini,5718.15,5214.63,539,539,-1.52,-2.13,16.3318804706972,0.790484719288677,1360.0
34194,PAULHAN,34,Non défini,3005.04,2612.5,209,209,5.2,6.55,11.484308683509,0.813587279734641,231.0
34198,PEROLS,34,Non défini,4526.15,4484.82,250,250,-6.66,-4.83,16.2492468649611,0.84688669129549,665.0
34199,PEZENAS,34,Non défini,3033.25,2500.0,366,366,-9.42,-19.21,10.854304051969,0.78893806792032,1751.0
34202,PIGNAN,34,Non défini,3708.55,3787.88,220,220,0.69,-2.16,14.0024061902333,0.806826660584878,595.0
34203,PINET,34,Non défini,2661.96,2515.18,72,72,-22.12,-2.52,11.424542460691,0.735939878913962,57.0
34207,POMEROLS,34,Non défini,2699.34,2568.26,166,166,-7.62,2.89,11.424542460691,0.735939878913962,84.0
34209,PORTIRAGNES,34,Non défini,3651.47,3317.46,235,235,-8.03,0.15,12.0957491211223,0.774804882844637,128.0
34210,LE POUGET,34,Non défini,2378.55,2121.2,136,136,-21.72,-12.95,12.8294941359785,0.806826660584878,73.0
34213,POUSSAN,34,Non défini,3528.35,3190.86,227,227,-1.67,0.74,13.2584386758121,0.781306093364421,442.0
34217,PRADES-LE-LEZ,34,Non défini,3807.11,3918.37,128,128,-6.76,-5.01,15.3142339765837,0.849103864036509,795.0
34225,PUISSERGUIER,34,Non défini,1795.77,1631.6,250,250,-15.79,-16.34,9.75115236618104,0.74789057309486,192.0
34227,RESTINCLIERES,34,Non défini,4023.61,3927.82,75,75,-3.3,4.69,13.7629802975784,0.714294130231931,97.0
34237,ROUJAN,34,Non défini,2217.08,2119.5,167,167,-2.75,-14.42,10.6483859427856,0.775493163980927,190.0
34239,SAINT-ANDRE-DE-SANGONIS,34,Non défini,2508.79,2484.41,187,187,-13.05,-2.17,11.7749458590322,0.772272999012631,494.0
34240,SAINT-AUNES,34,Non défini,4354.18,4060.48,162,162,-7.47,-13.6,16.0930967940904,0.813929892181462,290.0
34244,SAINT-BRES,34,Non défini,3755.55,3882.0,84,84,-2.21,2.73,14.507813145953,0.806828455433739,291.0
34246,ENTRE-VIGNES,34,Non défini,3794.82,3479.15,57,57,-5.77,-1.71,13.7629802975784,0.714294130231931,96.0
34247,SAINT CLEMENT DE RIVIERE,34,Non défini,6155.34,4531.51,188,188,0.06,-1.02,15.7657886291521,0.869508037743109,254.0
34249,SAINT-DREZERY,34,Non défini,4760.53,3660.56,101,101,-10.93,-15.23,12.8277577826936,0.720309485521179,116.0
34255,SAINT-GELY-DU-FESC,34,Non défini,4978.19,4449.38,378,378,-0.77,4.21,15.8936930261009,0.817730418893888,525.0
34256,SAINT-GENIES-DES-MOURGUES,34,Non défini,3929.06,3732.66,44,44,0.25,-4.52,13.0810116441508,0.720309485521179,90.0
34259,SAINT GEORGES D ORQUES,34,Non défini,3705.65,3175.91,219,219,-11.12,-8.27,14.889314996503,0.779738993007261,597.0
34270,SAINT-JEAN-DE-VEDAS,34,Non défini,4541.41,4073.17,393,393,-4.16,-4.11,15.9730959162448,0.889703272116362,3025.0
34272,SAINT-JUST,34,Non défini,3681.89,3671.79,52,52,-5.31,-5.96,12.9340454989708,0.806828455433739,102.0
34274,SAINT-MARTIN-DE-LONDRES,34,Non défini,3177.65,3386.65,66,66,-4.23,-5.9,12.2862423580104,0.902696919808795,144.0
34276,SAINT-MATHIEU-DE-TREVIERS,34,Non défini,3745.92,3706.32,113,113,-9.67,-9.61,15.6139732797427,0.865757556302966,187.0
34281,SAINT-PARGOIRE,34,Non défini,2833.6,2701.95,179,179,2.45,11.21,11.7060418226469,0.763799297849387,113.0
34289,SAINT-THIBERY,34,Non défini,2691.08,2398.06,218,218,-12.46,10.71,11.1881177548638,0.755299853518639,149.0
34298,SAUVIAN,34,Non défini,3072.83,3055.56,224,224,6.28,9.13,12.7911361969185,0.73562277506526,388.0
34299,SERIGNAN,34,Non défini,2877.88,2943.35,373,373,-9.99,3.96,13.2058689161832,0.777541760558459,1990.0
34300,SERVIAN,34,Non défini,2444.84,2361.11,319,319,-7.91,-5.56,11.1428857876502,0.774804882844637,261.0
34301,SETE,34,Non défini,4197.77,3616.2,2350,2350,-1.03,3.72,13.5213897378151,0.806319030221765,7859.0
34307,SUSSARGUES,34,Non défini,5810.43,4191.42,101,101,0.43,7.08,13.0837760971156,0.720309485521179,166.0
34309,TEYRAN,34,Non défini,5000.63,4210.85,102,102,-0.22,-0.47,14.9016243347916,0.878196206753608,149.0
34310,THEZAN-LES-BEZIERS,34,Non défini,2439.85,2297.01,129,129,-5.45,-4.87,10.743776198867,0.806496705962633,188.0
34320,VAILHAUQUES,34,Non défini,3694.42,4036.56,79,79,18.34,4.37,14.8902228462284,0.817730418893888,46.0
34321,VALERGUES,34,Non défini,4050.7,3543.14,54,54,-5.22,-8.47,13.1200728678807,0.806828455433739,101.0
34324,VALRAS-PLAGE,34,Non défini,4124.28,3788.89,510,510,1.93,6.47,14.0130201153619,0.777541760558459,615.0
34327,VENDARGUES,34,Non défini,6036.18,4320.29,156,156,1.51,5.47,15.578338537396,0.840483961693129,1185.0
34329,VENDRES,34,Non défini,3163.78,3006.62,173,173,-20.55,-8.05,12.1272077179703,0.73562277506526,83.0
34332,VIAS,34,Non défini,3525.98,2949.37,545,545,-7.77,-9.34,12.9700810071409,0.670820819542744,561.0
34333,VIC-LA-GARDIOLE,34,Non défini,5527.18,5008.97,146,146,-3.34,-8.98,15.0131872066522,0.760145860606934,102.0
34336,VILLENEUVE-LES-BEZIERS,34,Non défini,2669.42,2228.45,203,203,-4.84,6.75,12.08495506803,0.777541760558459,431.0
34337,VILLENEUVE-LES-MAGUELONE,34,Non défini,3899.12,3954.17,165,165,-2.68,3.15,15.5390260716598,0.794531596197255,601.0
34341,VILLEVEYRAC,34,Non défini,2643.03,2692.31,127,127,-3.56,-0.58,12.497845594975,0.781306093364421,226.0
34344,LA GRANDE MOTTE,34,Non défini,5674.63,5425.02,1740,1740,0.04,4.88,18.1408497386796,0.725751090722582,2042.0
35001,ACIGNE,35,Non défini,3207.92,3076.38,169,169,-2.89,-2.33,12.882969716766,0.87235928719478,496.0
35004,VAL-COUESNON,35,Non défini,1754.7,1423.31,354,354,12.92,-0.7,9.20429435910415,0.74983489926741,99.0
35006,ARGENTRE-DU-PLESSIS,35,Non défini,2305.73,2136.36,209,209,0.71,2.26,10.5481283934641,0.74495914728127,197.0
35012,BAIN-DE-BRETAGNE,35,Non défini,2172.21,2118.18,371,371,-6.06,-8.82,10.2289629149199,0.813830031143491,815.0
35013,BAINS-SUR-OUST,35,Non défini,1960.79,1811.97,356,356,-19.86,1.5,9.54417423549447,0.813839708276334,57.0
35014,BAIS,35,Non défini,1838.66,1660.4,116,116,-16.98,-14.21,9.24478503467822,0.798987628870633,93.0
35015,BALAZE,35,Non défini,2013.0,1812.08,80,80,-10.69,-0.73,9.40915470501182,0.836888741246552,45.0
35016,BAULON,35,Non défini,2673.08,2130.46,93,93,-8.15,-6.03,11.1757202084577,0.762910060251759,56.0
35023,BEDEE,35,Non défini,2472.46,2550.56,144,144,-7.69,9.55,11.7308985076885,0.841865434993891,163.0
35024,BETTON,35,Non défini,3531.54,3406.85,326,326,-2.98,-3.47,12.4960852917803,0.863562291745939,1270.0
35031,LA BOUEXIERE,35,Non défini,2233.0,2289.52,258,258,5.19,-10.92,10.753274337963,0.87235928719478,141.0
35032,BOURGBARRE,35,Non défini,2539.1,2495.65,143,143,-9.59,-14.92,12.0812753037497,0.84794314289675,136.0
35033,BOURG-DES-COMPTES,35,Non défini,2590.07,2316.91,207,207,-0.1,-2.29,10.4070359092996,0.784409452154932,138.0
35037,BREAL-SOUS-MONTFORT,35,Non défini,2920.58,2583.17,281,281,-10.86,-10.01,12.5201177281869,0.762910060251759,331.0
35039,BRECE,35,Non défini,2648.1,2737.37,54,54,-14.2,9.49,12.8426256228661,0.89266827724348,34.0
35040,BRETEIL,35,Non défini,2256.62,2278.85,91,91,-4.25,-10.02,10.8029032135568,0.870854247984927,136.0
35047,BRUZ,35,Non défini,3261.61,3009.6,589,589,-6.46,-6.71,12.7372514540672,0.877716329139022,2950.0
35049,CANCALE,35,Non défini,4817.48,4258.24,285,285,10.56,3.65,12.2856258024334,0.771518030207021,308.0
35051,CESSON-SEVIGNE,35,Non défini,4034.08,3683.12,578,578,-8.48,-7.92,13.4009099101033,0.890391398718029,2184.0
35055,CHANTEPIE,35,Non défini,3616.71,3186.81,314,314,-1.2,1.56,13.0947836491872,0.855289802334875,1470.0
35059,LA CHAPELLE DES FOUGERETZ,35,Non défini,3026.6,3038.46,206,206,-0.77,-5.27,12.6939617424475,0.911637963276943,401.0
35065,LA CHAPELLE THOUARAULT,35,Non défini,2646.51,2596.2,32,32,8.55,1.02,11.5968936446302,0.870854247984927,20.0
35066,CHARTRES-DE-BRETAGNE,35,Non défini,3222.92,2907.41,243,243,-5.65,-3.77,12.5399045984973,0.881913047114266,1256.0
35068,CHATEAUBOURG,35,Non défini,3558.48,2666.67,201,201,-1.99,4.17,11.7249397928642,0.825260196801466,545.0
35069,CHATEAUGIRON,35,Non défini,3217.47,2837.84,287,287,-2.7,0.87,13.2133299365578,0.835869468285584,741.0
35076,CHAVAGNE,35,Non défini,3423.71,2755.54,151,151,-4.16,-1.26,12.829730416048,0.808326809024429,301.0
35079,CHEVAIGNE,35,Non défini,3140.25,2589.41,50,50,-7.08,-5.68,10.2079835353291,0.863562291745939,62.0
35080,CINTRE,35,Non défini,2594.54,2509.87,77,77,5.38,-4.55,11.5968936446302,0.870854247984927,44.0
35085,COMBOURG,35,Non défini,2419.71,2315.3,411,411,-0.51,1.09,11.6803121330736,0.74983489926741,361.0
35088,CORPS-NUDS,35,Non défini,3450.4,2677.27,132,132,10.66,5.44,12.2522331942166,0.84794314289675,100.0
35090,CREVIN,35,Non défini,2240.33,2294.64,118,118,1.78,-1.86,12.0695618625691,0.826750306140837,113.0
35093,DINARD,35,Non défini,5942.2,5454.55,718,718,-3.26,-2.74,13.3275943448453,0.803628187727086,955.0
35095,DOL DE BRETAGNE,35,Non défini,2951.32,2410.24,314,314,-2.16,-1.89,11.8106880843937,0.803322005401989,816.0
35096,DOMAGNE,35,Non défini,2256.22,2230.23,248,248,-11.78,-6.1,11.0575049864018,0.79141977461789,143.0
35097,DOMALAIN,35,Non défini,1839.29,1831.3,160,160,-6.98,-11.05,9.24478503467822,0.798987628870633,32.0
35099,DOMLOUP,35,Non défini,2570.57,2507.4,209,209,-12.29,-11.98,12.449649629385,0.84794314289675,119.0
35109,ETRELLES,35,Non défini,2468.91,2407.77,107,107,17.71,18.25,10.66768353519,0.74495914728127,150.0
35115,FOUGERES,35,Non défini,2811.95,1964.29,954,954,-3.1,2.02,10.6456536454631,0.806080817113229,4612.0
35116,LA FRESNAIS,35,Non défini,2469.77,2481.34,113,113,-1.64,-1.63,10.3277672259763,0.803322005401989,32.0
35120,GEVEZE,35,Non défini,3216.61,3012.82,179,179,1.12,-5.93,12.860455376012,0.801517683436749,429.0
35121,GOSNE,35,Non défini,1813.66,1746.67,72,72,-32.37,-41.17,10.6273579419213,0.868265893451864,96.0
35123,GOVEN,35,Non défini,2477.15,2333.33,149,149,2.44,-4.27,11.2811925823762,0.808326809024429,203.0
35124,GRAND-FOUGERAY,35,Non défini,2081.26,1555.64,256,256,-5.05,-4.44,9.08864842506566,0.813830031143491,137.0
35125,LA GUERCHE-DE-BRETAGNE,35,Non défini,1912.73,1552.33,220,220,-8.84,-4.99,10.2428463707253,0.774142046088765,584.0
35126,GUICHEN,35,Non défini,2693.53,2472.27,439,439,-18.62,-9.59,11.5640810783862,0.800356672403281,392.0
35127,GUIGNEN,35,Non défini,2208.39,2149.81,287,287,-14.43,-9.71,10.5179940679166,0.800356672403281,144.0
35130,HEDE-BAZOUGES,35,Non défini,2255.84,1842.19,134,134,-16.54,-7.21,11.8172562516337,0.801517683436749,157.0
35131,L'HERMITAGE,35,Non défini,3944.88,2874.83,104,104,-3.76,-2.7,12.2086672911802,0.870854247984927,295.0
35133,IFFENDIC,35,Non défini,2293.58,2119.02,189,189,-0.22,4.84,10.7072897710567,0.819525418903646,73.0
35135,IRODOUER,35,Non défini,3830.59,2309.07,107,107,6.48,2.98,10.5436869013549,0.841865434993891,104.0
35136,JANZE,35,Non défini,2403.42,2431.41,250,250,-4.56,7.54,11.4778564918217,0.798987628870633,845.0
35137,JAVENE,35,Non défini,2179.47,2092.59,113,113,2.26,1.94,9.56189850977803,0.79141977461789,36.0
35139,LAILLE,35,Non défini,2606.31,2666.67,197,197,-0.97,-1.44,12.8943232576302,0.826750306140837,134.0
35150,LECOUSSE,35,Non défini,2164.67,2234.04,100,100,8.51,-5.66,9.56189850977803,0.79141977461789,47.0
35152,LIFFRE,35,Non défini,2814.12,2777.78,312,312,-5.71,-1.01,12.4335306180885,0.868265893451864,593.0
35162,LOUVIGNE-DU-DESERT,35,Non défini,1614.71,1415.24,237,237,0.94,-4.27,8.34473252116264,0.75319497307512,103.0
35167,MARTIGNE-FERCHAUD,35,Non défini,1581.98,1614.38,177,177,-7.62,0.78,11.6806812539735,0.759023285305691,210.0
35168,VAL D'ANAST,35,Non défini,2156.42,2026.67,299,299,35.11,14.57,10.2405617972565,0.811253819078769,125.0
35173,MELESSE,35,Non défini,3055.73,3063.89,207,207,4.99,-0.67,12.3190162771665,0.824769468985645,524.0
35176,GUIPRY-MESSAC,35,Non défini,1910.42,1853.66,405,405,-7.28,-4.42,9.83321120987035,0.784409452154932,246.0
35177,LA MEZIERE,35,Non défini,2906.91,2964.4,124,124,-5.13,-4.2,11.9322091511938,0.899420489979307,273.0
35179,MINIAC-MORVAN,35,Non défini,2515.55,2280.7,220,220,-10.15,-9.92,11.0286284369891,0.695010156009688,108.0
35184,MONTAUBAN-DE-BRETAGNE,35,Non défini,2562.28,2209.6,212,212,-14.54,-2.76,11.8109596527605,0.819525418903646,523.0
35188,MONTFORT-SUR-MEU,35,Non défini,2421.77,2426.47,139,139,-5.91,-3.79,12.1497359310724,0.841865434993891,592.0
35189,MONTGERMONT,35,Non défini,3502.01,3234.95,71,71,-4.18,-7.23,13.1427573683944,0.911637963276943,431.0
35191,LES PORTES DU COGLAIS,35,Non défini,1775.92,1403.85,138,138,12.31,-15.27,9.20429435910415,0.74983489926741,17.0
35193,MONTREUIL-LE-GAST,35,Non défini,2436.8,2487.61,133,133,-2.52,-6.21,11.2055616718526,0.824769468985645,14.0
35195,MONTREUIL-SUR-ILLE,35,Non défini,2508.62,2087.09,71,71,-8.56,-15.47,10.1876013820628,0.825139529524588,97.0
35196,MORDELLES,35,Non défini,2924.35,2897.86,198,198,1.27,0.09,12.6432193195272,0.876206078938798,883.0
35204,NOUVOITOU,35,Non défini,2613.55,2638.89,214,214,-3.92,-2.91,11.9670600770981,0.84794314289675,45.0
35206,NOYAL-CHATILLON-SUR-SEICHE,35,Non défini,2897.48,2766.09,281,281,6.24,-12.56,12.7128093468349,0.848782918544221,1000.0
35207,NOYAL-SUR-VILAINE,35,Non défini,3235.39,2875.91,294,294,-1.94,-3.13,13.2314841218053,0.89266827724348,758.0
35208,ORGERES,35,Non défini,2866.38,2778.15,160,160,-3.55,-2.55,13.1394492053393,0.826750306140837,208.0
35210,PACE,35,Non défini,6207.23,3431.43,342,342,1.26,-1.56,12.7805241849489,0.899420489979307,1213.0
35219,PIPRIAC,35,Non défini,1747.39,1639.75,232,232,-5.08,-13.55,10.1249334742692,0.811253819078769,222.0
35220,PIRE-CHANCE,35,Non défini,3040.56,2604.17,211,211,10.94,7.5,11.6257182425413,0.835869468285584,127.0
35221,PLECHATEL,35,Non défini,2024.58,2094.02,150,150,31.62,-1.8,10.0633224329571,0.784409452154932,11.0
35223,PLELAN-LE-GRAND,35,Non défini,2306.74,2244.9,187,187,1.46,6.39,11.6292536872831,0.819525418903646,158.0
35224,PLERGUER,35,Non défini,2398.55,2336.45,184,184,-3.06,-0.84,10.3277672259763,0.803322005401989,58.0
35226,PLEUGUENEUC,35,Non défini,1999.99,1849.8,92,92,-3.49,-10.17,11.6236666281905,0.820905126499345,59.0
35227,PLEUMELEUC,35,Non défini,2564.79,2583.52,104,104,0.25,6.32,11.2255947885927,0.837183523753336,157.0
35228,PLEURTUIT,35,Non défini,3273.63,3185.19,235,235,-1.2,1.67,13.4541738472662,0.789096099570296,572.0
35236,REDON,35,Non défini,2689.26,2054.02,479,479,-5.2,-1.73,11.4487431546603,0.813839708276334,1652.0
35238,RENNES,35,Non défini,4072.05,3772.73,8047,8047,-4.35,-6.1,14.869841695969,0.845136136985976,48789.0
35239,RETIERS,35,Non défini,2059.71,2000.11,169,169,-6.99,2.39,10.4023752710228,0.798987628870633,248.0
35240,LE RHEU,35,Non défini,2986.95,2992.81,259,259,2.2,1.7,12.9774533664124,0.876206078938798,1041.0
35241,LA RICHARDAIS,35,Non défini,4552.47,3960.78,117,117,-0.98,18.37,12.6057115173706,0.803628187727086,82.0
35243,ROMAGNE,35,Non défini,1897.87,1827.1,80,80,-6.03,-1.39,9.39282762677632,0.87235928719478,39.0
35245,ROMILLE,35,Non défini,2695.03,2482.87,178,178,-12.78,-4.58,11.3402757025772,0.808950117498842,279.0
35250,SAINT-ARMEL,35,Non défini,2778.7,2837.66,64,64,3.19,3.29,12.347284984061,0.84794314289675,164.0
35251,SAINT-AUBIN-D AUBIGNE,35,Non défini,2499.0,2450.0,143,143,-4.88,-7.44,11.7142765805938,0.825139529524588,330.0
35253,SAINT-AUBIN-DU-CORMIER,35,Non défini,2736.15,2530.17,141,141,6.49,0.03,11.0480150558442,0.773959456883133,295.0
35256,SAINT-BRIAC-SUR-MER,35,Non défini,6906.48,6156.06,202,202,-4.57,-6.6,12.6057115173706,0.803628187727086,11.0
35257,MAEN ROCH,35,Non défini,1879.39,1638.89,166,166,-11.75,-11.84,9.73641687464634,0.773959456883133,159.0
35263,SAINT-COULOMB,35,Non défini,4462.7,4437.28,138,138,8.5,23.38,12.1983520649357,0.771518030207021,42.0
35264,SAINT-DIDIER,35,Non défini,2377.08,2329.55,124,124,7.95,3.07,9.56189850977803,0.79141977461789,68.0
35265,SAINT-DOMINEUC,35,Non défini,2356.32,2191.3,138,138,-4.41,5.38,10.1876013820628,0.825139529524588,87.0
35266,SAINT-ERBLON,35,Non défini,3098.55,2753.97,123,123,-10.94,-8.53,12.5182281818287,0.848782918544221,279.0
35273,SAINT-GERMAIN-EN-COGLES,35,Non défini,1687.12,1623.38,120,120,-10.24,-0.16,9.78288054953046,0.773959456883133,54.0
35275,SAINT-GILLES,35,Non défini,2917.1,2918.31,126,126,0.04,-2.19,12.3261767851481,0.837183523753336,329.0
35278,SAINT-GREGOIRE,35,Non défini,3599.65,3630.3,241,241,-1.16,-4.78,13.0902066943926,0.87909446118341,992.0
35281,ST JACQUES DE LA LANDE,35,Non défini,3187.52,3039.82,457,457,-5.3,-1.73,13.1097043835117,0.827879815319175,1756.0
35282,RIVES-DU-COUESNON,35,Non défini,1952.91,1915.89,164,164,1.5,8.36,9.39282762677632,0.87235928719478,7.0
35284,SAINT-JOUAN-DES-GUERETS,35,Non défini,4122.49,3671.57,151,151,-4.94,-7.01,12.8723816556246,0.815223262151379,124.0
35287,SAINT-LUNAIRE,35,Non défini,5050.2,4834.63,130,130,-13.23,5.72,12.6057115173706,0.803628187727086,31.0
35288,SAINT-MALO,35,Non défini,4647.03,4273.85,2729,2729,-11.31,-8.82,13.6200465471946,0.815223262151379,5240.0
35294,SAINTE-MARIE,35,Non défini,1855.81,1721.15,178,178,-1.23,14.02,10.6865753556948,0.740637836252866,13.0
35297,SAINT-MEEN-LE-GRAND,35,Non défini,1712.66,1821.67,252,252,0.99,-0.64,10.6273854939175,0.768380548519088,565.0
35299,SAINT-MELOIR-DES-ONDES,35,Non défini,3875.92,3255.32,194,194,2.34,4.87,11.8914062132137,0.771518030207021,217.0
35306,SAINT-PERE-MARC-EN-POULET,35,Non défini,3375.16,3109.76,91,91,-2.82,0.26,11.7153111161966,0.815223262151379,12.0
35308,MESNIL ROC'H,35,Non défini,2197.9,1988.05,299,299,-4.95,-11.63,11.6236666281905,0.820905126499345,66.0
35319,SAINT-THURIAL,35,Non défini,2202.3,2147.37,231,231,-7.27,-8.25,11.1757202084577,0.762910060251759,79.0
35326,SENS-DE-BRETAGNE,35,Non défini,2072.97,2036.36,111,111,7.93,6.76,10.1876013820628,0.825139529524588,81.0
35327,SERVON-SUR-VILAINE,35,Non défini,2773.03,2714.29,167,167,-1.16,0.61,12.2842954264251,0.89266827724348,172.0
35328,SIXT-SUR-AFF,35,Non défini,1540.39,1500.0,200,200,-18.48,-18.79,9.4266804157006,0.755598606982766,22.0
35331,TALENSAC,35,Non défini,2321.69,2321.9,125,125,-6.37,-4.47,12.2860092270243,0.876206078938798,47.0
35334,THORIGNE-FOUILLARD,35,Non défini,3836.47,3244.18,208,208,-3.63,-4.36,12.7407171024876,0.829567031688668,528.0
35337,TINTENIAC,35,Non défini,2680.64,2500.0,145,145,-5.55,0.0,11.9404612999776,0.820905126499345,304.0
35347,VAL-D'IZE,35,Non défini,1726.01,1830.65,199,199,-13.34,1.78,8.41804718319585,0.825260196801466,58.0
35352,VERN-SUR-SEICHE,35,Non défini,3269.55,2730.76,280,280,-10.83,-12.9,12.5148603920889,0.883117154043036,579.0
35353,VEZIN-LE-COQUET,35,Non défini,3082.54,3088.35,192,192,-0.79,-10.35,13.4288953915676,0.876206078938798,522.0
35356,VIGNOC,35,Non défini,3689.27,2876.19,42,42,1.01,17.72,11.2055616718526,0.824769468985645,45.0
35360,VITRE,35,Non défini,2845.61,2616.96,536,536,-4.11,-7.92,11.3438854281339,0.836888741246552,2568.0
35363,PONT-PEAN,35,Non défini,2754.51,2692.31,89,89,-1.73,-7.8,12.1012783880175,0.877716329139022,322.0
36005,ARDENTES,36,Non défini,1307.99,1312.5,169,169,-15.95,-15.82,9.48665307054341,0.840901207291922,137.0
36006,ARGENTON-SUR-CREUSE,36,Non défini,1617.92,1139.9,336,336,-4.63,-11.3,8.75754392378412,0.694879390811939,840.0
36018,LE BLANC,36,Non défini,1143.89,935.28,359,359,-17.13,-16.09,7.87091347545531,0.741521385839519,870.0
36031,BUZANCAIS,36,Non défini,1478.86,1000.0,264,264,-20.0,-16.28,7.93186925308146,0.66959213216718,226.0
36034,CHABRIS,36,Non défini,1459.11,1324.16,277,277,10.35,0.13,9.41759146169937,0.664545344500994,156.0
36044,CHATEAUROUX,36,Non défini,2043.53,1437.09,1871,1871,-0.42,-3.12,10.3289744913551,0.746338076386611,6929.0
36045,CHATILLON-SUR-INDRE,36,Non défini,996.05,832.61,186,186,6.31,-17.26,8.20209536779343,0.737048687272542,120.0
36046,LA CHATRE,36,Non défini,1257.27,1097.56,225,225,-11.18,-1.46,8.4513462731622,0.699181458098375,717.0
36063,DEOLS,36,Non défini,1486.85,1388.89,265,265,-7.41,-10.75,9.59018590089561,0.746338076386611,268.0
36088,ISSOUDUN,36,Non défini,1535.23,1055.56,531,531,-7.66,-2.77,8.70249264155892,0.750478807928751,1351.0
36093,LEVROUX,36,Non défini,1130.7,1052.08,172,172,-10.91,-3.91,7.42769560702951,0.66959213216718,135.0
36159,LE POINCONNET,36,Non défini,5045.98,1797.75,194,194,-1.51,-0.12,10.042014765499,0.746338076386611,50.0
36202,SAINT-MAUR,36,Non défini,1376.71,1285.71,114,114,-41.08,-6.79,10.042014765499,0.746338076386611,69.0
36228,VALENCAY,36,Non défini,1235.91,1125.0,176,176,1.93,17.61,9.27017012573156,0.664545344500994,118.0
36241,VILLEDIEU-SUR-INDRE,36,Non défini,2251.23,1413.26,115,115,-12.86,12.81,8.53010067442072,0.840901207291922,90.0
37003,AMBOISE,37,Non défini,3337.21,2516.69,677,677,0.38,-5.62,11.8023202453741,0.815331481553097,1717.0
37006,ARTANNES SUR INDRE,37,Non défini,2378.77,2245.76,109,109,-11.02,-20.34,11.0931922789561,0.866953887728898,21.0
37008,ATHEE SUR CHER,37,Non défini,2207.5,2240.89,131,131,-2.31,-6.75,10.1677887646913,0.749123548275985,8.0
37010,AUZOUER-EN-TOURAINE,37,Non défini,1692.07,1838.17,67,67,-3.78,-4.42,10.2741366071361,0.91779283269622,4.0
37014,AZAY LE RIDEAU,37,Non défini,4524.43,2303.37,230,230,7.97,-5.56,10.3018021729029,0.816540677264633,265.0
37015,AZAY SUR CHER,37,Non défini,3030.08,2729.18,162,162,6.98,-2.53,10.1677887646913,0.749123548275985,51.0
37018,BALLAN MIRE,37,Non défini,2834.53,2824.4,250,250,-3.0,0.24,13.0410683227403,0.866953887728898,447.0
37022,BEAUMONT EN VERON,37,Non défini,3680.2,2076.46,371,371,16.47,2.95,9.35407245889366,0.745090559177057,16.0
37027,BLERE,37,Non défini,2953.8,2373.74,231,231,-8.33,0.35,11.474527177105,0.680399208871166,345.0
37031,BOURGUEIL,37,Non défini,1967.15,1630.77,245,245,-7.84,-1.22,9.4307839978429,0.686618199606656,304.0
37050,CHAMBRAY LES TOURS,37,Non défini,2893.92,2777.47,455,455,4.82,0.56,12.7330690478078,0.862161404351476,2577.0
37054,CHANCEAUX-SUR-CHOISILLE,37,Non défini,2509.08,2433.33,80,80,-19.9,-14.47,9.89608066015426,0.849699039337151,41.0
37063,CHATEAU RENAULT,37,Non défini,1922.69,1684.21,164,164,20.63,-4.2,9.09773842996636,0.694534386074504,646.0
37072,CHINON,37,Non défini,2073.51,1782.22,545,545,-1.98,-4.87,10.8149589921255,0.75919820648827,1198.0
37074,CHOUZE SUR LOIRE,37,Non défini,1748.77,1544.3,355,355,3.41,-6.97,9.03689688202504,0.686618199606656,47.0
37077,CINQ MARS LA PILE,37,Non défini,3216.21,2133.33,215,215,-1.98,-12.18,11.3375020260091,0.728446261240613,165.0
37091,LA CROIX EN TOURAINE,37,Non défini,2377.57,2142.86,154,154,5.44,-9.36,10.7199874593865,0.815331481553097,36.0
37104,ESVRES,37,Non défini,2536.96,2435.65,365,365,-8.09,-3.59,12.4926179310521,0.749123548275985,169.0
37109,FONDETTES,37,Non défini,2923.53,2904.76,397,397,-5.12,-6.61,12.3248681627492,0.858829936575243,482.0
37115,DESCARTES,37,Non défini,1309.81,1170.45,267,267,-9.77,-15.73,7.57171939028622,0.751848215289787,318.0
37122,JOUE LES TOURS,37,Non défini,2625.51,2356.03,1211,1211,-2.03,-5.26,12.775783280141,0.901724741377458,4950.0
37123,LANGEAIS,37,Non défini,2482.75,2132.87,465,465,-7.07,4.47,11.271787331843,0.728446261240613,367.0
37124,LARCAY,37,Non défini,4618.27,3089.44,161,161,20.45,17.49,12.7423042209267,0.867413104872755,33.0
37130,LIGUEIL,37,Non défini,1893.89,1374.2,165,165,7.55,-10.54,7.80094079908355,0.751848215289787,194.0
37132,LOCHES,37,Non défini,2394.37,1963.86,333,333,2.96,10.84,10.7764992332871,0.737048687272542,681.0
37139,LUYNES,37,Non défini,3180.41,2676.41,248,248,1.0,10.03,11.164886145472,0.866982563026638,187.0
37151,LA MEMBROLLE-SUR-CHOISILLE,37,Non défini,2620.81,2424.24,105,105,-17.67,-25.3,12.6364510217896,0.872443134286714,199.0
37152,METTRAY,37,Non défini,4432.78,3233.08,79,79,23.39,11.33,11.9734183734807,0.872443134286714,16.0
37153,MONNAIE,37,Non défini,2623.32,2265.44,183,183,-5.96,-7.91,11.3673479313291,0.828213615887506,73.0
37154,MONTBAZON,37,Non défini,2620.67,2590.6,219,219,-7.89,6.38,12.991594970676,0.850855644638107,393.0
37156,MONTLOUIS-SUR-LOIRE,37,Non défini,2580.39,2444.81,481,481,-7.72,-4.92,13.2403516494717,0.91779283269622,479.0
37159,MONTS,37,Non défini,2520.65,2398.9,298,298,-8.2,-2.92,11.8944937366231,0.901724741377458,133.0
37163,NAZELLES-NEGRON,37,Non défini,2404.54,2174.9,188,188,-8.69,0.57,10.2741366071361,0.91779283269622,67.0
37167,NEUILLE PONT PIERRE,37,Non défini,1916.38,2085.82,209,209,25.96,-2.42,10.6300116057427,0.849699039337151,164.0
37172,NOTRE-DAME-D OE,37,Non défini,2707.57,2683.42,94,94,1.75,-4.53,12.6440966184013,0.872443134286714,132.0
37179,PARCAY-MESLAY,37,Non défini,3722.64,2811.35,101,101,-8.82,4.86,11.9734183734807,0.872443134286714,25.0
37195,LA RICHE,37,Non défini,2849.33,2810.05,573,573,-5.72,-0.9,13.2048340761127,0.862161404351476,2312.0
37203,ROCHECORBON,37,Non défini,3829.92,3214.77,206,206,4.08,-3.26,13.0408586993834,0.872443134286714,143.0
37208,SAINT AVERTIN,37,Non défini,2979.41,2876.89,467,467,-7.13,-5.09,13.4974567968826,0.867413104872755,934.0
37211,SAINT BRANCHS,37,Non défini,2505.51,2307.69,163,163,7.93,17.43,9.89098944391297,0.850855644638107,37.0
37214,SAINT CYR SUR LOIRE,37,Non défini,3251.46,3092.11,731,731,-9.58,-6.3,13.4980817437319,0.872443134286714,2525.0
37225,SAINT MARTIN LE BEAU,37,Non défini,2276.62,2296.3,283,283,-3.14,-1.08,10.7199874593865,0.815331481553097,79.0
37226,SAINTE MAURE DE TOURAINE,37,Non défini,2313.02,1858.87,247,247,2.46,25.05,9.6506599203433,0.781915362465878,365.0
37233,SAINT-PIERRE-DES-CORPS,37,Non défini,3044.79,2215.91,467,467,-5.7,-13.27,12.4337503706006,0.847145670183448,1061.0
37243,SAVONNIERES,37,Non défini,2466.6,2641.76,185,185,-8.78,-7.85,11.0931922789561,0.866953887728898,56.0
37245,SEMBLANCAY,37,Non défini,2759.28,2500.0,89,89,-10.03,9.0,9.89608066015426,0.849699039337151,33.0
37250,SORIGNY,37,Non défini,2816.28,2466.67,104,104,-9.66,-6.08,8.84905126072064,0.816540677264633,71.0
37261,TOURS,37,Non défini,3640.76,2999.5,5533,5533,-13.89,-7.87,13.5054225262859,0.862161404351476,37946.0
37263,TRUYES,37,Non défini,2617.24,2400.0,115,115,10.14,12.94,10.1677887646913,0.749123548275985,51.0
37266,VEIGNE,37,Non défini,3210.95,2613.31,349,349,-10.24,-2.65,13.582896878275,0.850855644638107,154.0
37267,VERETZ,37,Non défini,2700.55,2396.96,211,211,-11.14,-3.94,12.7423042209267,0.867413104872755,48.0
37270,VERNOU-SUR-BRENNE,37,Non défini,2282.98,2206.62,364,364,-12.06,-11.16,11.330994059247,0.828213615887506,127.0
37273,LA VILLE-AUX-DAMES,37,Non défini,2514.52,2531.65,181,181,6.89,-8.77,13.2058191355933,0.847145670183448,126.0
37281,VOUVRAY,37,Non défini,2869.71,2734.38,307,307,-6.3,-7.17,12.5524014057188,0.828213615887506,237.0
38001,LES ABRETS EN DAUPHINE,38,Non défini,2675.95,2579.87,342,342,1.86,4.1,12.1459831517282,0.773539885930671,624.0
38006,ALLEVARD,38,Non défini,3214.43,2238.77,277,277,0.3,-0.12,11.3517831605958,0.768424384541947,684.0
38012,AOSTE,38,Non défini,2516.76,2315.18,156,156,-3.26,6.27,12.1067850538169,0.773539885930671,162.0
38013,APPRIEU,38,Non défini,2745.03,2714.29,186,186,-12.14,-8.44,11.9626800155914,0.746804043702364,176.0
38022,LES AVENIERES VEYRINS-THUELLIN,38,Non défini,2431.6,2140.44,301,301,-3.47,-6.73,11.3702697382689,0.808275556004026,318.0
38034,BEAUREPAIRE,38,Non défini,2201.15,1910.05,211,211,-14.85,-12.83,9.27993300830569,0.796400772177387,1194.0
38039,BERNIN,38,Non défini,4819.65,4396.92,88,88,0.5,0.63,15.4740643375809,0.823528190279797,201.0
38045,BIVIERS,38,Non défini,6069.05,5405.02,94,94,-2.3,6.14,15.6323434265466,0.871355536581708,85.0
38052,LE BOURG-D'OISANS,38,Non défini,4980.91,3398.79,155,155,12.25,35.31,11.8979102754725,0.828184607851445,218.0
38053,BOURGOIN-JALLIEU,38,Non défini,3159.36,2660.71,1246,1246,-3.92,1.51,13.0853090011005,0.775937255099257,5489.0
38058,BREZINS,38,Non défini,2349.55,2452.08,86,86,0.18,3.74,11.1456318528249,0.757670006765082,43.0
38059,BRIE-ET-ANGONNES,38,Non défini,4235.65,3597.7,92,92,2.21,-9.85,15.0307777724322,0.869101999640907,132.0
38061,LA BUISSE,38,Non défini,3104.97,2927.59,126,126,7.03,-21.56,13.6309484529572,0.773475777425978,246.0
38064,CESSIEU,38,Non défini,2983.16,2634.62,186,186,-18.86,-4.24,13.9169944952213,0.753435778056036,58.0
38065,CHABONS,38,Non défini,2532.47,2484.5,71,71,15.44,20.16,11.1456318528249,0.757670006765082,53.0
38071,CHAMP-SUR-DRAC,38,Non défini,2925.57,2926.83,70,70,-13.24,-0.04,12.6129282718483,0.783535349395966,136.0
38072,CHANAS,38,Non défini,2670.76,2400.0,144,144,-4.56,-10.16,12.4083067148931,0.738608858451345,158.0
38075,CHAPAREILLAN,38,Non défini,2762.87,2786.63,113,113,-19.39,8.6,12.2194295348392,0.835013661235198,117.0
38085,CHARVIEU-CHAVAGNEUX,38,Non défini,3173.13,3273.94,177,177,3.46,-4.05,14.3904974959665,0.799537931409693,196.0
38087,CHASSE-SUR-RHONE,38,Non défini,3028.3,2748.99,124,124,-14.89,-8.37,13.8018714685683,0.830038728242211,331.0
38095,CHATTE,38,Non défini,2213.03,2195.12,126,126,-15.64,-11.91,10.195090222537,0.734633065849982,99.0
38097,CHAVANOZ,38,Non défini,3437.52,3133.62,106,106,-12.02,-11.99,13.9949067024038,0.807044113332585,188.0
38100,LE CHEYLAS,38,Non défini,2728.1,2630.65,69,69,5.75,-6.0,12.7644858697561,0.835013661235198,31.0
38105,CHIRENS,38,Non défini,2755.82,2668.8,114,114,-7.92,13.67,11.5697817411947,0.756363274052623,99.0
38110,CHUZELLES,38,Non défini,3585.51,3308.83,172,172,-5.41,-12.63,14.2684789308399,0.732123437092558,67.0
38111,CLAIX,38,Non défini,3480.0,3497.8,210,210,-5.5,-5.56,14.5208565273393,0.800042012038786,643.0
38124,CORBELIN,38,Non défini,2065.76,2001.82,173,173,-14.27,-17.17,11.6071064859112,0.773539885930671,153.0
38126,CORENC,38,Non défini,6569.1,5114.12,175,175,4.9,9.24,15.6477833116023,0.871355536581708,312.0
38130,LA COTE-SAINT-ANDRE,38,Non défini,2826.7,2331.7,249,249,1.04,11.23,11.9917976655271,0.787667550426312,1459.0
38131,LES COTES-D'AREY,38,Non défini,2780.55,2730.37,109,109,-2.82,-11.26,12.6662121249661,0.765304016801239,73.0
38133,COUBLEVIE,38,Non défini,3196.27,3276.32,141,141,-11.7,-9.78,14.353740091325,0.773475777425978,368.0
38138,CREMIEU,38,Non défini,3660.46,2987.5,143,143,0.68,-2.45,13.4149282010547,0.811314564609603,996.0
38140,CROLLES,38,Non défini,4451.23,3651.28,404,404,-1.42,-3.35,15.432900111899,0.823528190279797,787.0
38144,DIEMOZ,38,Non défini,3607.51,3679.01,63,63,-1.63,-7.06,13.6653297358719,0.787216795847152,67.0
38148,DOLOMIEU,38,Non défini,2758.51,2218.28,131,131,-12.49,-17.15,13.6745652731715,0.739932663195415,49.0
38150,DOMENE,38,Non défini,4425.8,3553.03,209,209,22.99,4.98,13.6148346595267,0.765927911077901,979.0
38151,ECHIROLLES,38,Non défini,2222.7,1805.46,794,794,-11.66,-13.18,13.5152686647121,0.802734625962886,3436.0
38157,ESTRABLIN,38,Non défini,3755.63,3203.53,165,165,10.26,5.14,13.0299303945009,0.765304016801239,115.0
38158,EYBENS,38,Non défini,3070.46,3089.42,342,342,-1.45,2.45,14.6180740163794,0.846949767201237,1327.0
38160,EYZIN-PINET,38,Non défini,2601.11,2321.43,97,97,-13.11,-19.58,14.0847972859739,0.803498043039334,45.0
38169,FONTAINE,38,Non défini,2457.88,1931.25,687,687,-13.12,-4.19,12.6977453314656,0.814924071133577,3216.0
38170,FONTANIL-CORNILLON,38,Non défini,3148.27,3144.59,105,105,-7.93,-10.78,14.3222701234609,0.79379727884638,341.0
38175,FROGES,38,Non défini,3332.63,3602.82,107,107,18.98,31.01,13.0938276954917,0.774779387321777,199.0
38176,FRONTONAS,38,Non défini,2726.91,2875.8,97,97,-3.93,-13.55,12.430953844229,0.866792255194513,62.0
38179,GIERES,38,Non défini,3817.87,3131.48,209,209,-10.1,-8.56,15.0822416202828,0.869101999640907,1451.0
38181,GONCELIN,38,Non défini,2532.18,2400.0,79,79,-14.14,-27.41,14.3295486223958,0.852140517150566,198.0
38182,LE GRAND-LEMPS,38,Non défini,3249.18,2350.47,115,115,12.63,-13.6,11.1918818358409,0.746804043702364,239.0
38185,GRENOBLE,38,Non défini,2955.16,2586.58,6723,6723,-5.23,-4.11,13.4144922919221,0.852128408185828,55295.0
38189,HEYRIEUX,38,Non défini,3651.54,3386.76,210,210,-7.09,-5.95,14.2666703327456,0.787216795847152,390.0
38193,L'ISLE-D'ABEAU,38,Non défini,3989.18,2676.18,720,720,-1.64,-3.45,13.577319433987,0.866792255194513,1513.0
38194,IZEAUX,38,Non défini,1674.89,1356.32,72,72,-38.97,-50.4,9.83480606009516,0.729773982298272,155.0
38199,JARDIN,38,Non défini,3171.08,3115.14,66,66,1.18,-13.38,12.6662121249661,0.765304016801239,33.0
38200,JARRIE,38,Non défini,5005.35,3754.72,143,143,-1.26,10.93,12.4762143621969,0.849800912096857,261.0
38205,LANS-EN-VERCORS,38,Non défini,4097.26,3705.88,118,118,-6.05,-2.48,13.4191806512243,0.800042012038786,275.0
38214,LUMBIN,38,Non défini,3737.15,3853.99,58,58,16.62,1.61,14.2961512554533,0.823528190279797,104.0
38215,LUZINAY,38,Non défini,5890.63,4228.26,76,76,-2.62,4.52,14.2684789308399,0.732123437092558,79.0
38225,AUTRANS-MEAUDRE EN VERCORS,38,Non défini,3659.79,3442.78,207,207,-12.18,-8.69,10.2858744270693,0.866753080649423,105.0
38229,MEYLAN,38,Non défini,4072.82,3705.81,654,654,-3.18,-4.45,15.4703090133616,0.875443469479366,3021.0
38239,MOIRANS,38,Non défini,2724.47,2615.38,305,305,4.66,-3.12,11.6058337562233,0.761787794214666,958.0
38247,MONTALIEU-VERCIEU,38,Non défini,2222.89,2063.42,134,134,-9.66,-15.5,11.1412969341035,0.626891174842916,321.0
38249,MONTBONNOT-SAINT-MARTIN,38,Non défini,4606.64,4400.0,210,210,0.37,2.17,16.717665006907,0.862794401116899,584.0
38261,MORESTEL,38,Non défini,2608.39,2337.68,157,157,-6.23,-1.95,12.799687084881,0.786864846146256,517.0
38269,LA MURE,38,Non défini,2155.42,1860.78,178,178,-13.87,9.06,11.670834944667,0.738317180963917,807.0
38276,NIVOLAS-VERMELLE,38,Non défini,3225.62,2686.65,119,119,-9.41,-0.56,14.4483258009582,0.807820240378601,147.0
38281,NOYAREY,38,Non défini,3337.52,3098.46,100,100,-5.22,-4.77,12.8305830200394,0.79379727884638,120.0
38292,VILLAGES DU LAC DE PALADRU,38,Non défini,2935.81,2606.53,125,125,-7.71,0.43,14.4470466156278,0.753435778056036,106.0
38298,LE PEAGE-DE-ROUSSILLON,38,Non défini,2274.78,1971.43,264,264,-2.23,-2.64,11.5748615420208,0.68825636023405,989.0
38309,POISAT,38,Non défini,3239.87,3345.87,48,48,-1.2,-1.72,15.0017292411193,0.846949767201237,135.0
38314,PONTCHARRA,38,Non défini,3179.32,3051.11,319,319,5.1,9.74,13.7031969279638,0.776300314682726,642.0
38315,LE PONT-DE-BEAUVOISIN,38,Non défini,2342.57,2189.13,190,190,5.81,-8.5,10.2524112758264,0.780015592583078,670.0
38316,PONT-DE-CHERUY,38,Non défini,2739.68,2645.23,262,262,-7.12,349.19,14.0503726763174,0.799537931409693,852.0
38317,LE PONT-DE-CLAIX,38,Non défini,2284.94,1811.36,342,342,-1.38,1.75,13.0239739401087,0.855548675138962,1481.0
38318,PONT-EVEQUE,38,Non défini,2724.07,2752.33,168,168,2.14,3.09,12.2463408503573,0.789283008138739,440.0
38332,RENAGE,38,Non défini,2009.74,1934.81,71,71,-27.01,-25.81,10.7200148081449,0.729773982298272,272.0
38336,REVENTIN-VAUGRIS,38,Non défini,2697.51,2609.14,55,55,-2.7,-12.04,12.6662121249661,0.765304016801239,44.0
38337,RIVES,38,Non défini,2338.1,2256.25,205,205,-3.49,2.59,12.2971637386363,0.746804043702364,1266.0
38339,ROCHE,38,Non défini,3189.57,3214.29,83,83,1.52,-8.87,13.6653297358719,0.787216795847152,52.0
38340,LES ROCHES-DE-CONDRIEU,38,Non défini,2566.73,2484.79,64,64,-8.26,1.79,12.2670756913958,0.724948114595105,299.0
38344,ROUSSILLON,38,Non défini,1996.34,1940.79,338,338,-3.67,-15.5,11.9852041671834,0.776452695634364,801.0
38348,RUY-MONTCEAU,38,Non défini,3100.42,3088.89,131,131,-3.53,-2.35,13.0718439715616,0.775937255099257,76.0
38349,SABLONS,38,Non défini,2193.7,2328.57,56,56,-14.62,-17.11,12.3634473224129,0.738608858451345,189.0
38352,SAINT-ALBAN-DE-ROCHE,38,Non défini,3269.02,2985.07,76,76,-9.77,-12.68,12.892318911098,0.866792255194513,103.0
38357,SAINT-ANDRE-LE-GAZ,38,Non défini,3439.8,2375.0,123,123,-11.17,-7.85,11.2850730341429,0.773539885930671,80.0
38374,SAINT-CHEF,38,Non défini,2790.9,2778.0,160,160,-6.05,-11.09,11.8367903950194,0.807044113332585,156.0
38377,SAINT-CLAIR-DE-LA-TOUR,38,Non défini,2229.36,2238.77,168,168,-3.5,-14.37,12.1598041347529,0.773539885930671,191.0
38378,SAINT-CLAIR-DU-RHONE,38,Non défini,2682.01,2562.47,81,81,-15.14,-9.17,11.1209573256133,0.724948114595105,99.0
38381,SAINT-DIDIER-DE-LA-TOUR,38,Non défini,2008.5,1934.41,65,65,-32.92,-21.09,13.6745652731715,0.739932663195415,27.0
38382,SAINT-EGREVE,38,Non défini,3657.29,3035.77,481,481,8.56,5.29,14.9789613818752,0.805128040909229,2170.0
38383,SAINT-ETIENNE-DE-CROSSEY,38,Non défini,2574.44,2714.58,77,77,-15.66,-11.04,13.3536573218838,0.773475777425978,119.0
38384,SAINT-ETIENNE-DE-SAINT-GEOIRS,38,Non défini,2109.21,2177.22,151,151,-3.98,1.21,11.1923802658686,0.757670006765082,360.0
38386,SAINT-GEOIRE-EN-VALDAINE,38,Non défini,2254.65,2293.33,80,80,7.35,-8.09,11.25454886842,0.756363274052623,178.0
38388,SAINT-GEORGES-DE-COMMIERS,38,Non défini,4281.7,4050.67,81,81,6.79,25.76,12.3664399322609,0.783535349395966,67.0
38389,SAINT-GEORGES-D'ESPERANCHE,38,Non défini,2911.66,2774.39,127,127,1.53,-18.09,14.2983436808747,0.803498043039334,178.0
38395,PLATEAU-DES-PETITES-ROCHES,38,Non défini,3317.82,2973.88,72,72,-17.09,-29.75,12.7924671557411,0.87782462457848,83.0
38397,SAINT-ISMIER,38,Non défini,4669.4,4513.98,211,211,-4.26,-6.65,15.644405983952,0.861996760695324,509.0
38399,SAINT-JEAN-DE-BOURNAY,38,Non défini,3122.2,2712.11,159,159,7.64,-1.78,12.0711101544087,0.756674464312183,434.0
38400,SAINT-JEAN-DE-MOIRANS,38,Non défini,3716.28,3267.99,108,108,-3.3,3.2,11.1193414262521,0.793675827147606,139.0
38408,SAINT-JUST-CHALEYSSIN,38,Non défini,3285.53,3248.6,90,90,-14.65,-13.96,14.0847972859739,0.803498043039334,94.0
38412,SAINT-LAURENT-DU-PONT,38,Non défini,2330.8,2478.38,182,182,10.92,5.25,11.1301216273463,0.786860630569965,450.0
38416,SAINT-MARCELLIN,38,Non défini,2600.3,2132.03,325,325,-1.25,-4.24,10.9346114550653,0.694885314558216,1896.0
38421,SAINT-MARTIN-D'HERES,38,Non défini,2892.35,2380.95,955,955,-4.17,-3.15,13.4969422857806,0.784543038141064,6047.0
38422,SAINT-MARTIN-D'URIAGE,38,Non défini,4628.52,4112.82,172,172,1.93,1.62,15.4708991014797,0.871603201656268,467.0
38423,SAINT-MARTIN-LE-VINOUX,38,Non défini,3679.28,2719.69,159,159,-2.9,-53.73,13.4224056168672,0.845681551579357,842.0
38425,SAINT-MAURICE-L'EXIL,38,Non défini,2582.28,2509.74,176,176,-1.57,1.87,11.8761083072947,0.68825636023405,195.0
38431,SAINT-NAZAIRE-LES-EYMES,38,Non défini,4049.51,3690.76,124,124,-16.23,-6.33,15.6923616747975,0.823528190279797,132.0
38436,SAINT-PAUL-DE-VARCES,38,Non défini,3376.91,3189.29,45,45,-8.94,-22.32,11.6847342969835,0.849258407234072,64.0
38439,CRETS EN BELLEDONNE,38,Non défini,3241.23,2728.49,148,148,24.64,7.0,11.1411102546891,0.768424384541947,76.0
38449,SAINT-QUENTIN-FALLAVIER,38,Non défini,2719.29,2780.83,178,178,-6.8,-1.97,13.7190665917776,0.80964987388656,97.0
38451,SAINT-ROMAIN-DE-JALIONAS,38,Non défini,3190.81,3016.06,153,153,-14.86,-13.14,13.0037126094971,0.807044113332585,68.0
38454,SAINT-SAUVEUR,38,Non défini,1936.14,1911.39,57,57,-24.9,-28.43,9.99987984631519,0.694885314558216,74.0
38455,SAINT-SAVIN,38,Non défini,2769.2,2912.93,133,133,-9.48,-6.7,13.0718439715616,0.775937255099257,64.0
38457,SAINT-SIMEON-DE-BRESSIEUX,38,Non défini,1826.38,1785.71,175,175,2.86,-18.57,11.2752117587126,0.787667550426312,197.0
38464,SAINT-VICTOR-DE-CESSIEU,38,Non défini,2646.79,2597.7,89,89,4.89,4.84,13.9169944952213,0.753435778056036,22.0
38468,SALAISE-SUR-SANNE,38,Non défini,2227.4,2217.12,162,162,-0.23,-7.26,11.9530360958876,0.68825636023405,118.0
38474,SASSENAGE,38,Non défini,2774.97,2916.03,298,298,-4.08,-5.25,12.4178402670422,0.866753080649423,1468.0
38475,SATOLAS-ET-BONCE,38,Non défini,3381.35,3146.15,35,35,-6.68,-15.93,14.6258298960871,0.792394925433061,81.0
38479,PORTE DES BONNEVAUX,38,Non défini,2344.72,2529.16,146,146,25.93,-4.26,11.8634720720846,0.756674464312183,12.0
38480,SEPTEME,38,Non défini,2941.43,3000.0,99,99,-9.97,-7.52,14.0847972859739,0.803498043039334,79.0
38484,SERPAIZE,38,Non défini,3915.21,3500.0,58,58,-7.54,-7.42,14.0847972859739,0.803498043039334,77.0
38485,SEYSSINET-PARISET,38,Non défini,2615.06,2366.67,422,422,-5.33,-2.55,13.8638342348026,0.848976698328116,1623.0
38486,SEYSSINS,38,Non défini,2947.26,3212.2,310,310,-14.74,-12.1,14.811356602203,0.839195922763064,518.0
38487,SEYSSUEL,38,Non défini,3913.49,3571.43,70,70,-10.35,-10.71,14.2684789308399,0.732123437092558,67.0
38501,TENCIN,38,Non défini,3465.69,3528.06,60,60,6.95,2.18,13.518016837833,0.774779387321777,124.0
38503,LA TERRASSE,38,Non défini,3414.37,3337.66,112,112,-7.59,-1.6,14.6878708777543,0.852140517150566,136.0
38504,THEYS,38,Non défini,3489.82,3115.77,104,104,-13.13,-21.66,13.9215067390788,0.852140517150566,65.0
38507,TIGNIEU-JAMEYZIEU,38,Non défini,3169.86,3164.73,234,234,-11.39,-17.72,15.6063373094972,0.809814848353463,346.0
38509,LA TOUR-DU-PIN,38,Non défini,2551.82,2238.81,322,322,-13.56,-10.01,13.5875015144188,0.739932663195415,1243.0
38511,LE TOUVET,38,Non défini,3832.47,3354.57,141,141,-2.4,-3.77,13.9974840919135,0.852140517150566,274.0
38515,TREPT,38,Non défini,3052.52,2767.66,74,74,-13.29,-4.89,13.0037126094971,0.807044113332585,82.0
38516,LA TRONCHE,38,Non défini,4668.43,3504.68,254,254,-5.83,-5.58,14.7030741545429,0.857157133390544,1511.0
38517,TULLINS,38,Non défini,2739.52,2422.88,260,260,2.89,6.7,13.2516348593987,0.722249459922966,915.0
38519,VALENCIN,38,Non défini,3717.16,3384.62,77,77,-0.49,-16.05,14.6258298960871,0.792394925433061,56.0
38524,VARCES-ALLIERES-ET-RISSET,38,Non défini,3452.16,3516.87,164,164,-2.54,-3.65,14.671372722491,0.849258407234072,467.0
38529,VAULNAVEYS-LE-HAUT,38,Non défini,3482.84,3482.67,127,127,-0.4,-0.77,13.2529649747067,0.849800912096857,525.0
38530,VAULX-MILIEU,38,Non défini,3324.98,2926.13,109,109,-6.4,-2.33,14.952433105334,0.740343571139764,109.0
38537,LA VERPILLIERE,38,Non défini,3209.0,2809.52,255,255,-1.31,-10.7,13.6916618286239,0.80964987388656,641.0
38538,LE VERSOUD,38,Non défini,3662.86,3535.08,132,132,2.68,2.31,13.9344901956666,0.828184607851445,365.0
38543,VEZERONCE-CURTIN,38,Non défini,3816.98,2297.3,99,99,7.94,-1.42,11.6543476511713,0.808275556004026,62.0
38544,VIENNE,38,Non défini,3881.92,2752.14,1089,1089,4.62,9.09,12.3097193639562,0.789283008138739,6803.0
38545,VIF,38,Non défini,3737.35,3564.52,241,241,5.82,-2.95,13.7106967769885,0.783535349395966,744.0
38547,VILLARD-BONNOT,38,Non défini,3225.67,2896.1,323,323,8.06,6.05,13.1767752025566,0.791789271881098,760.0
38548,VILLARD-DE-LANS,38,Non défini,3672.28,3496.99,520,520,-8.56,-10.9,14.6135651603018,0.81719849896937,402.0
38553,VILLEFONTAINE,38,Non défini,2297.43,2380.8,343,343,-7.84,-6.46,13.1359338332228,0.740343571139764,446.0
38557,VILLETTE-D'ANTHON,38,Non défini,3754.56,3753.4,113,113,-10.33,-11.38,16.9076295439408,0.748881252122556,131.0
38559,VINAY,38,Non défini,4459.17,2702.85,290,290,12.92,23.88,9.96727610180843,0.710878536930949,623.0
38562,VIZILLE,38,Non défini,2846.3,2222.19,278,278,3.47,4.21,11.3518591240179,0.793432348975661,1691.0
38563,VOIRON,38,Non défini,3062.17,2387.34,911,911,-7.23,-5.58,12.3030981072674,0.793675827147606,5826.0
38565,VOREPPE,38,Non défini,4685.88,3203.6,252,252,-0.62,2.46,13.1314131590672,0.763394775903549,1113.0
39013,ARBOIS,39,Non défini,1929.74,1788.59,189,189,-0.48,-3.12,9.83730370012129,0.826564006221744,649.0
39097,CHAMPAGNOLE,39,Non défini,6920.37,2333.65,399,399,29.94,18.63,10.9191014258581,0.754088047864044,1277.0
39189,DAMPARIS,39,Non défini,2591.08,1704.65,138,138,-22.34,-5.34,9.27178357889519,0.777197325365942,88.0
39198,DOLE,39,Non défini,2250.95,1843.75,1170,1170,-5.45,-6.96,10.788845931505,0.806354185941019,3859.0
39233,FOUCHERANS,39,Non défini,1771.03,1643.29,111,111,-21.66,-20.45,11.0198372856752,0.806354185941019,143.0
39286,LAVANS-LES-SAINT-CLAUDE,39,Non défini,1290.47,1170.54,69,69,-31.59,-48.74,9.0015244098974,0.792869455092882,163.0
39300,LONS LE SAUNIER,39,Non défini,3166.62,1937.74,847,847,8.57,17.73,10.384476191634,0.73862503746589,4817.0
39333,MOIRANS-EN-MONTAGNE,39,Non défini,4603.23,3195.38,104,104,105.04,94.18,9.48637842866382,0.73099859958078,383.0
39362,MONTMOROT,39,Non défini,3533.51,1890.94,131,131,-6.9,13.62,10.9265753846718,0.765877283646525,438.0
39367,MORBIER,39,Non défini,2950.2,2897.35,170,170,18.07,68.29,13.1283827650501,0.804064382630663,386.0
39368,HAUTS DE BIENNE,39,Non défini,3176.79,1700.74,422,422,10.56,5.07,12.4068510926402,0.818854515728691,1164.0
39434,POLIGNY,39,Non défini,2982.38,2159.09,239,239,25.8,-2.95,9.09683321840684,0.808365641497458,1261.0
39470,LES ROUSSES,39,Non défini,4081.28,3528.57,352,352,-0.55,4.55,17.2096928193055,0.800560102695498,794.0
39475,SAINT-AMOUR,39,Non défini,1410.55,1551.72,142,142,-53.85,0.28,9.4105136971315,0.766622642716246,511.0
39478,SAINT-CLAUDE,39,Non défini,1530.9,981.6,669,669,5.78,-18.76,8.96754295336484,0.761542654583603,1885.0
39491,COTEAUX DU LIZON,39,Non défini,1849.0,1232.88,63,63,-33.02,-34.33,9.29024138480834,0.792869455092882,176.0
39500,SALINS LES BAINS,39,Non défini,1732.12,1240.0,227,227,-13.2,-29.14,8.88792835525537,0.771638346978117,666.0
39526,TAVAUX,39,Non défini,1595.99,1631.58,140,140,-6.62,-6.63,10.2649082045441,0.758913200933734,241.0
40001,AIRE-SUR-L'ADOUR,40,Non défini,1786.3,1640.29,303,303,-10.05,4.93,10.2684254429528,0.795392967259855,1255.0
40004,ANGRESSE,40,Non défini,6461.9,5000.0,76,76,0.0,2.6,16.0807424016055,0.717725631469495,138.0
40036,BENESSE-MAREMNE,40,Non défini,4134.05,3828.12,284,284,-7.29,-6.85,13.9194581233068,0.824627986709261,457.0
40046,BISCARROSSE,40,Non défini,4114.43,3750.21,988,988,-11.69,-7.78,13.2907613795318,0.789884149753794,1441.0
40065,CAPBRETON,40,Non défini,6734.45,6543.04,695,695,-9.12,-4.63,16.9327181768509,0.717725631469495,619.0
40075,CASTETS,40,Non défini,2660.86,2625.0,154,154,-34.38,-19.64,11.6940089375934,0.688441961067949,119.0
40088,DAX,40,Non défini,3313.23,2597.87,1325,1325,-2.75,-2.99,11.7297062923495,0.779096744717317,4572.0
40117,GRENADE-SUR-L'ADOUR,40,Non défini,1670.47,1732.45,149,149,-0.34,12.13,8.70680251143962,0.793722537602999,216.0
40119,HAGETMAU,40,Non défini,2052.5,1681.96,166,166,-11.01,-14.51,10.4129036604884,0.734878185318775,451.0
40133,LABENNE,40,Non défini,4283.28,4172.89,291,291,-13.28,-7.51,15.7888316833488,0.717725631469495,444.0
40134,LABOUHEYRE,40,Non défini,3527.32,2210.08,91,91,2.74,0.42,11.1066783118585,0.760450040398714,156.0
40150,LEON,40,Non défini,4553.01,4069.77,164,164,-9.64,4.65,12.961945287436,0.793571853347635,81.0
40168,MAGESCQ,40,Non défini,3924.52,3272.16,202,202,11.22,9.36,12.595737243498,0.824627986709261,52.0
40184,MIMIZAN,40,Non défini,4171.76,3610.34,530,530,-1.09,-7.16,13.3035291902026,0.549180277548044,468.0
40192,MONT-DE-MARSAN,40,Non défini,2639.58,2133.56,1050,1050,-4.46,-4.98,10.9545620326505,0.820850206184516,5608.0
40197,MORCENX-LA-NOUVELLE,40,Non défini,2165.99,2083.33,256,256,-0.21,-4.43,10.3818592858874,0.735977917443424,155.0
40202,NARROSSE,40,Non défini,2732.82,2680.41,111,111,-5.4,-5.4,11.3335741354993,0.843220436672191,53.0
40209,ONDRES,40,Non défini,4702.87,4397.26,233,233,-1.12,1.0,13.7147646845003,0.818171298569001,477.0
40217,PARENTIS EN BORN,40,Non défini,3050.9,3175.49,396,396,-0.46,-5.34,13.1262045687917,0.772289073280854,325.0
40224,PEYREHORADE,40,Non défini,2113.36,2100.33,128,128,-6.23,-15.08,12.6515135947066,0.703690338722093,377.0
40230,PONTONX-SUR-L ADOUR,40,Non défini,2491.15,2308.89,98,98,-5.03,12.28,10.930596330678,0.843220436672191,111.0
40233,POUILLON,40,Non défini,2046.48,2145.16,188,188,9.07,0.18,12.4501385781827,0.703690338722093,142.0
40243,RION-DES-LANDES,40,Non défini,2272.77,2116.72,245,245,-3.38,-4.19,11.2725774857696,0.735977917443424,66.0
40261,ST-GEOURS-MAREMNE,40,Non défini,3642.59,3800.0,150,150,9.58,5.56,12.595737243498,0.824627986709261,46.0
40273,ST-MARTIN-DE-SEIGNANX,40,Non défini,4405.42,3973.17,287,287,-5.82,-3.17,13.9659924068186,0.864481705024336,400.0
40279,ST-PAUL-LES-DAX,40,Non défini,3161.47,2786.04,701,701,-0.5,1.31,12.6949589458267,0.843220436672191,1360.0
40281,SAINT-PIERRE-DU-MONT,40,Non défini,2496.44,2243.84,357,357,-2.33,2.29,11.3179877712319,0.827909576011279,777.0
40282,SAINT-SEVER,40,Non défini,2587.83,1879.02,254,254,1.3,2.57,10.2478516423861,0.827909576011279,398.0
40283,ST-VINCENT-DE-PAUL,40,Non défini,2702.03,2340.45,152,152,-8.08,-6.69,11.8262530477002,0.843220436672191,124.0
40284,ST-VINCENT-DE-TYROSSE,40,Non défini,3618.88,3488.89,492,492,-4.87,2.63,13.7138134493061,0.824627986709261,756.0
40287,SANGUINET,40,Non défini,3880.45,3765.71,197,197,-0.02,-8.71,13.7164702134701,0.767984317905439,87.0
40296,SEIGNOSSE,40,Non défini,6754.63,6317.83,387,387,-2.73,-0.07,16.0740115625054,0.66546723985196,421.0
40304,SOORTS-HOSSEGOR,40,Non défini,10570.12,9815.76,368,368,4.49,8.87,17.4369096401246,0.66546723985196,230.0
40310,SOUSTONS,40,Non défini,4266.09,3941.18,596,596,-9.99,-5.07,13.0121951492954,0.793571853347635,449.0
40312,TARNOS,40,Non défini,4327.59,4092.79,427,427,-6.25,-2.92,13.8546595267296,0.818171298569001,563.0
40313,TARTAS,40,Non défini,1930.77,1769.23,210,210,-9.87,-10.68,10.8632582083805,0.717386200508769,341.0
40317,TOSSE,40,Non défini,4842.56,4646.46,136,136,-5.64,10.24,13.3725321619561,0.793571853347635,134.0
40331,VILLENEUVE-DE-MARSAN,40,Non défini,2074.98,2002.19,133,133,2.9,15.9,11.2530686965157,0.717926551673053,205.0
40332,YCHOUX,40,Non défini,3026.99,2800.0,160,160,-2.48,-4.68,12.2046274895047,0.772289073280854,13.0
41018,BLOIS,41,Non défini,2359.96,1920.51,1834,1834,-5.45,-6.15,11.5943383799936,0.83594421285595,8626.0
41031,CELLETTES,41,Non défini,1990.2,1953.94,201,201,-14.96,-13.41,10.6191934634199,0.74683620718877,62.0
41032,CHAILLES,41,Non défini,2620.17,2032.11,156,156,-7.41,-4.39,10.4120283421109,0.845369046595951,24.0
41047,LA CHAUSSEE SAINT VICTOR,41,Non défini,2987.02,2221.64,153,153,9.89,18.21,11.7865249477833,0.880893179566236,436.0
41055,VALLOIRE-SUR-CISSE,41,Non défini,2217.62,1666.67,125,125,-7.89,-18.58,10.4120283421109,0.845369046595951,37.0
41059,LE CONTROIS-EN-SOLOGNE,41,Non défini,1764.8,1574.85,652,652,-6.77,-9.83,8.40113294587987,0.756853236806698,301.0
41067,COUR CHEVERNY,41,Non défini,1932.98,1724.14,157,157,-7.37,-12.89,10.9192447283545,0.74683620718877,156.0
41097,GIEVRES,41,Non défini,1466.73,1087.5,224,224,-16.37,-21.7,9.11590661738237,0.664545344500994,4.0
41104,HUISSEAU SUR COSSON,41,Non défini,2764.34,2233.33,153,153,3.22,7.55,10.6191934634199,0.74683620718877,35.0
41106,LAMOTTE BEUVRON,41,Non défini,2351.18,1740.86,182,182,-22.93,-3.25,10.7755360516975,0.699348045180734,172.0
41136,MER,41,Non défini,1709.68,1622.87,233,233,-5.15,-4.98,9.72314789595977,0.736690355103189,447.0
41142,VALENCISSE,41,Non défini,1684.18,1769.34,142,142,-11.53,1.84,10.4120283421109,0.845369046595951,5.0
41149,MONTOIRE-SUR-LE-LOIR,41,Non défini,1868.03,1475.41,270,270,-5.94,4.15,8.68089822061548,0.76268822790255,431.0
41150,MONT PRES CHAMBORD,41,Non défini,2129.65,1861.69,242,242,-13.59,-7.07,10.6191934634199,0.74683620718877,85.0
41151,MONTRICHARD VAL DE CHER,41,Non défini,2227.48,1716.81,352,352,27.98,-2.27,9.89757319830309,0.541207779355514,759.0
41158,NAVEIL,41,Non défini,1710.46,1652.42,87,87,-12.44,-2.71,9.9062157583182,0.838427939821193,9.0
41161,NOUAN LE FUZELIER,41,Non défini,3444.87,1805.88,319,319,16.97,-15.73,8.26164833729736,0.7893622852969,75.0
41164,NOYERS SUR CHER,41,Non défini,1730.94,1514.84,249,249,9.09,18.0,9.94803597069982,0.541207779355514,55.0
41167,VEUZAIN-SUR-LOIRE,41,Non défini,1831.51,1600.0,274,274,-10.4,-6.13,10.3695568289979,0.680399208871166,118.0
41173,BEAUCE LA ROMAINE,41,Non défini,1319.15,1305.73,266,266,-5.04,-3.28,9.03001516737422,0.752074395965694,69.0
41185,PRUNIERS-EN-SOLOGNE,41,Non défini,1540.09,1633.88,172,172,8.86,-11.84,10.3927393020807,0.882432156115488,7.0
41194,ROMORANTIN-LANTHENAY,41,Non défini,1776.89,1504.76,1062,1062,0.16,-2.71,10.0813310021744,0.699348045180734,1659.0
41198,SAINT AIGNAN,41,Non défini,1589.65,1358.49,116,116,5.48,-11.81,8.37455956368077,0.641459189922359,222.0
41211,SAINT GEORGES SUR CHER,41,Non défini,1865.67,1723.56,354,354,-12.89,3.41,10.1879343343597,0.680399208871166,47.0
41212,SAINT GERVAIS LA FORET,41,Non défini,2124.17,2022.22,153,153,-4.27,-8.38,11.2305998157885,0.845369046595951,116.0
41220,SAINT LAURENT NOUAN,41,Non défini,1784.37,1622.64,235,235,4.46,-6.7,10.6048303171926,0.751211044373173,105.0
41226,SAINT OUEN,41,Non défini,1659.09,1635.51,88,88,-14.38,1.58,9.03001516737422,0.752074395965694,30.0
41232,SALBRIS,41,Non défini,1903.82,1376.81,392,392,11.87,3.98,8.58291001813987,0.7893622852969,204.0
41242,SELLES SUR CHER,41,Non défini,2370.29,1553.64,334,334,32.06,26.92,8.5306053773774,0.641459189922359,237.0
41269,VENDOME,41,Non défini,2849.08,1977.95,794,794,1.46,1.1,10.6020509571173,0.838427939821193,2346.0
41276,VILLEBAROU,41,Non défini,2044.63,1900.73,120,120,-8.43,2.25,11.0622667229397,0.880893179566236,117.0
41280,VILLEFRANCHE-SUR-CHER,41,Non défini,1520.62,1456.04,256,256,33.63,11.71,9.27577315811062,0.699348045180734,78.0
41295,VINEUIL,41,Non défini,4917.62,2308.82,352,352,6.84,4.58,11.3823874441882,0.845369046595951,365.0
42005,ANDREZIEUX-BOUTHEON,42,Non défini,2898.11,2485.33,478,478,-5.81,-6.8,11.7702980761162,0.661027914380003,1204.0
42011,BALBIGNY,42,Non défini,1801.45,1750.0,131,131,-15.76,-2.12,11.5664355120106,0.746388654814936,328.0
42019,BOEN-SUR-LIGNON,42,Non défini,1752.49,1570.8,187,187,-7.96,-10.51,8.49037458137735,0.728256384550848,645.0
42022,BONSON,42,Non défini,2355.18,2394.74,117,117,-5.41,-6.63,10.9913117156449,0.661027914380003,109.0
42023,BOURG-ARGENTAL,42,Non défini,1531.64,1443.59,199,199,-31.6,-26.27,8.27381920042659,0.693901564316999,579.0
42044,LE CHAMBON-FEUGEROLLES,42,Non défini,3158.87,1947.37,410,410,10.65,15.4,8.84624598417589,0.703538436172054,1318.0
42046,CHAMPDIEU,42,Non défini,2135.94,2256.14,96,96,2.71,21.42,8.35706311518921,0.785441318008925,87.0
42052,CHARLIEU,42,Non défini,3118.14,1937.5,240,240,8.72,28.49,8.25065427350607,0.750111555697136,1420.0
42056,CHAVANAY,42,Non défini,3540.72,2458.62,204,204,6.51,23.96,12.7955991489645,0.711837951809134,271.0
42059,CHAZELLES SUR LYON,42,Non défini,2570.72,2399.84,208,208,5.47,-4.01,8.94597837815829,0.72335136842881,1002.0
42069,COMMELLE-VERNAY,42,Non défini,1812.83,1852.94,122,122,-8.38,-16.5,8.31473624845323,0.712045850847372,17.0
42071,LE COTEAU,42,Non défini,2965.44,1773.94,482,482,22.31,14.29,9.69650864950619,0.746296770282382,1702.0
42092,L ETRAT,42,Non défini,2638.75,2623.53,243,243,-3.39,-12.2,11.7401919404184,0.76703837998562,384.0
42094,FEURS,42,Non défini,2424.95,1986.3,450,450,-5.22,-0.95,10.4333873508635,0.71866634734154,1894.0
42095,FIRMINY,42,Non défini,1958.96,1507.14,689,689,3.17,-12.72,9.4067434141949,0.678834020026707,3696.0
42097,LA FOUILLOUSE,42,Non défini,2543.15,2387.32,175,175,-10.74,-16.44,9.95869934068808,0.721236393039321,612.0
42099,FRAISSES,42,Non défini,1950.64,1826.92,112,112,-6.61,-6.22,9.67938804574835,0.725762983259745,348.0
42103,LA GRAND-CROIX,42,Non défini,2856.26,2162.95,162,162,-13.31,-18.4,10.3912190574117,0.696105870495116,393.0
42110,L HORME,42,Non défini,3017.27,2429.91,259,259,1.14,4.34,10.3119131809651,0.696105870495116,446.0
42123,LORETTE,42,Non défini,2314.88,2312.52,188,188,-27.88,-11.58,10.2465004887205,0.669767098591454,433.0
42127,MABLY,42,Non défini,1933.45,1877.86,569,569,2.54,-6.75,8.33838840945109,0.756728949240188,123.0
42147,MONTBRISON,42,Non défini,2743.45,2142.86,618,618,-1.72,-10.71,10.1588491204613,0.76387718589083,4433.0
42149,MONTROND-LES-BAINS,42,Non défini,3566.15,2418.6,281,281,-3.26,-3.08,11.2510302885113,0.707406085674671,906.0
42165,PANISSIERES,42,Non défini,1356.84,1315.32,227,227,-26.66,-33.08,8.39506673529512,0.629012612120549,424.0
42168,PELUSSIN,42,Non défini,2394.07,2500.64,208,208,31.75,8.75,10.0286176871926,0.811214916515392,439.0
42170,PERREUX,42,Non défini,2626.0,2356.32,129,129,21.18,17.82,8.10106512404164,0.807502504704537,84.0
42176,POUILLY-LES-NONAINS,42,Non défini,2868.74,2275.76,60,60,-0.58,-2.22,8.31473624845323,0.712045850847372,16.0
42177,POUILLY-SOUS-CHARLIEU,42,Non défini,1550.91,1738.39,130,130,10.73,13.87,7.99650783966112,0.807502504704537,224.0
42182,RENAISON,42,Non défini,2331.77,1919.91,214,214,-9.23,-11.93,8.16843058604698,0.712045850847372,234.0
42183,LA RICAMARIE,42,Non défini,1375.37,990.74,289,289,-47.24,-35.09,8.67158953510801,0.669896964154182,809.0
42184,RIORGES,42,Non défini,1889.0,1740.4,598,598,-8.67,-12.45,9.81630644271266,0.756728949240188,991.0
42186,RIVE-DE-GIER,42,Non défini,2431.48,2071.13,461,461,-10.0,-8.26,9.71577181579321,0.701462060143612,2097.0
42187,ROANNE,42,Non défini,2536.87,1513.99,2493,2493,-2.55,-1.8,9.53825679934804,0.746296770282382,13287.0
42189,ROCHE-LA-MOLIERE,42,Non défini,2278.3,2228.48,375,375,-10.46,7.83,10.7652152526697,0.619532785347112,993.0
42207,SAINT-CHAMOND,42,Non défini,2290.57,1810.34,1165,1165,-2.52,-16.99,11.5480745574897,0.699902119493483,4231.0
42211,SAINT-CYPRIEN,42,Non défini,2529.6,2326.79,75,75,-6.93,-22.29,10.8456210518567,0.722737981322591,144.0
42218,SAINT-ETIENNE,42,Non défini,2354.03,1393.26,9389,9389,-5.1,-7.46,9.88443609352133,0.750207659259828,53838.0
42222,SAINT-GALMIER,42,Non défini,2856.95,2922.22,229,229,18.59,3.25,10.4465527308856,0.656612178229425,933.0
42223,SAINT GENEST LERPT,42,Non défini,2539.0,2382.94,248,248,-7.16,-11.46,9.91886436547189,0.712650732471598,807.0
42224,SAINT-GENEST-MALIFAUX,42,Non défini,2046.08,1924.53,108,108,-32.35,1.43,9.6807525534416,0.739536201810251,405.0
42225,GENILAC,42,Non défini,3026.61,2896.89,133,133,-11.08,5.22,11.4277780803685,0.792516103572122,114.0
42234,SAINT-HEAND,42,Non défini,2339.49,2215.53,103,103,-11.9,-7.53,10.0676079942259,0.711743866392641,354.0
42237,SAINT-JEAN-BONNEFONDS,42,Non défini,3253.88,2500.0,185,185,9.52,-16.69,11.1045111141225,0.758762641507302,556.0
42256,SAINT-MARCELLIN-EN-FOREZ,42,Non défini,2615.02,2697.92,276,276,12.37,8.35,9.89911745587846,0.740458806845887,345.0
42259,SAINT-MARTIN-LA-PLAINE,42,Non défini,2445.12,2641.38,112,112,-11.65,-3.41,10.7310753804605,0.792516103572122,225.0
42271,SAINT-PAUL-EN-JAREZ,42,Non défini,2985.82,2169.47,100,100,-21.12,-13.99,12.7374209352512,0.699902119493483,380.0
42275,SAINT-PRIEST-EN-JAREZ,42,Non défini,2523.25,2552.24,260,260,-2.9,-7.62,11.5764029110013,0.771647901961229,1116.0
42279,SAINT-JUST-SAINT-RAMBERT,42,Non défini,2888.19,2694.47,584,584,-10.18,-3.98,10.9563598604791,0.608184222360017,1645.0
42285,SAINT-ROMAIN-LE-PUY,42,Non défini,2133.71,2157.89,283,283,-15.93,-8.07,10.1758663589134,0.669896560116284,260.0
42299,SAVIGNEUX,42,Non défini,3345.65,2516.23,163,163,6.72,-6.89,10.9217912457679,0.785441318008925,321.0
42302,SORBIERS,42,Non défini,2955.36,2832.35,243,243,13.29,6.09,11.7663999170949,0.765748261688176,516.0
42304,SURY-LE-COMTAL,42,Non défini,2133.59,2114.29,231,231,-8.4,7.22,9.45092489240139,0.669896560116284,767.0
42305,LA TALAUDIERE,42,Non défini,2731.19,2708.76,263,263,-1.07,5.24,11.3201867506534,0.754995786201645,931.0
42316,UNIEUX,42,Non défini,2106.11,1991.67,405,405,-9.32,3.44,9.82959921180516,0.627778176673705,794.0
42323,VEAUCHE,42,Non défini,2946.07,2474.15,426,426,-10.46,-10.28,11.4504627322913,0.722737981322591,747.0
42330,VILLARS,42,Non défini,1654.01,1327.11,332,332,-11.97,-7.1,10.1672449783376,0.76703837998562,968.0
42332,VILLEREST,42,Non défini,1991.08,2101.56,179,179,3.61,3.52,8.55709617012993,0.712045850847372,105.0
43012,AUREC-SUR-LOIRE,43,Non défini,2339.97,2173.91,246,246,-1.94,-11.68,9.340819350462,0.680608176008177,481.0
43020,BAS-EN-BASSET,43,Non défini,2321.08,2109.09,303,303,-2.46,-5.75,8.90507793798197,0.714350323259303,434.0
43025,BEAUZAC,43,Non défini,1903.89,1915.38,207,207,3.79,-0.3,8.47670921100917,0.660513715248082,176.0
43040,BRIOUDE,43,Non défini,1593.82,1398.6,275,275,0.55,-11.29,8.23083979943758,0.755532018564937,1369.0
43041,BRIVES-CHARENSAC,43,Non défini,1995.4,1685.09,178,178,-20.26,-23.24,9.59179677883167,0.738211954712354,761.0
43046,CHADRAC,43,Non défini,2343.76,1962.98,83,83,-6.03,-8.92,9.82059047789589,0.761011060367628,157.0
43051,LE CHAMBON SUR LIGNON,43,Non défini,2058.2,1708.27,335,335,-8.02,5.42,8.59027799055903,0.641800733203513,231.0
43078,COUBON,43,Non défini,2722.8,2315.89,133,133,22.08,37.43,8.88720400617742,0.738211954712354,112.0
43087,DUNIERES,43,Non défini,2128.85,2041.67,161,161,17.71,17.56,7.84354628455208,0.707316360999542,483.0
43089,ESPALY-SAINT-MARCEL,43,Non défini,2876.56,2239.58,147,147,19.7,35.55,9.40856376116501,0.804056633727164,493.0
43112,LANGEAC,43,Non défini,1422.08,1438.97,190,190,7.88,23.5,8.37762257590041,0.63479720302711,649.0
43137,MONISTROL-SUR-LOIRE,43,Non défini,2295.13,2173.91,315,315,-10.7,-5.16,9.58705019807148,0.660513715248082,1397.0
43152,POLIGNAC,43,Non défini,2336.13,2135.15,281,281,0.67,6.11,9.34427944015781,0.715971369838888,58.0
43157,LE PUY EN VELAY,43,Non défini,2656.9,1678.75,1261,1261,-10.29,-1.71,9.2724525113289,0.731067966684362,7245.0
43162,RETOURNAC,43,Non défini,1727.17,1666.67,362,362,5.88,-2.03,7.94213480923211,0.689070303925966,306.0
43177,SAINT-DIDIER-EN-VELAY,43,Non défini,2435.98,2143.33,87,87,3.44,14.31,8.10353762482143,0.725417578079768,459.0
43184,SAINT-FERREOL-D AUROURE,43,Non défini,2581.92,2834.41,55,55,16.92,47.39,9.13121824618711,0.749469145987451,130.0
43185,SAINTE-FLORINE,43,Non défini,1391.73,1266.1,198,198,-22.46,1.86,8.3999937573023,0.672633363800181,203.0
43190,SAINT-GERMAIN-LAPRADE,43,Non défini,2116.71,2106.46,136,136,16.03,11.78,9.10784201214029,0.761011060367628,73.0
43200,SAINT-JULIEN-CHAPTEUIL,43,Non défini,2463.87,1924.26,221,221,-10.54,6.17,9.46083105136253,0.795216228499847,205.0
43205,SAINT-JUST-MALMONT,43,Non défini,2200.57,2036.6,166,166,-3.54,-8.23,8.3707398934789,0.749469145987451,436.0
43211,SAINT-MAURICE-DE-LIGNON,43,Non défini,2075.03,1973.68,124,124,5.9,-10.62,7.98659275955409,0.762654916162474,349.0
43213,SAINT-PAL-DE-MONS,43,Non défini,2458.82,2329.27,204,204,1.83,58.09,7.82892469516103,0.725417578079768,221.0
43216,SAINT-PAULIEN,43,Non défini,1838.14,1635.8,160,160,0.95,17.94,8.97213799254487,0.715971369838888,282.0
43224,SAINTE-SIGOLENE,43,Non défini,1770.81,1729.58,200,200,-4.36,-11.58,8.36933632276909,0.676138531062524,650.0
43244,TENCE,43,Non défini,2049.9,1974.65,221,221,-6.32,29.49,8.15150001202301,0.641800733203513,309.0
43251,VALS-PRES-LE-PUY,43,Non défini,1800.87,1757.58,149,149,-2.76,17.17,9.74450941718977,0.799544347209168,496.0
43268,YSSINGEAUX,43,Non défini,3149.5,2323.54,412,412,27.55,10.71,9.55445971898213,0.596383208637243,1199.0
44001,ABBARETZ,44,Non défini,1802.99,1717.39,110,110,-0.83,-16.04,10.3196984907397,0.752679327664632,49.0
44002,AIGREFEUILLE SUR MAINE,44,Non défini,2921.63,2809.92,101,101,1.6,-2.32,12.0136947039318,0.828849218275054,108.0
44003,ANCENIS-SAINT-GEREON,44,Non défini,2800.72,2429.24,478,478,-11.05,-16.45,11.6432166630833,0.819782379304081,1094.0
44005,CHAUMES-EN-RETZ,44,Non défini,3513.01,2682.93,504,504,-5.62,-5.31,11.3979556128534,0.802483793754704,84.0
44007,AVESSAC,44,Non défini,1545.07,1531.72,133,133,-8.86,-16.09,10.6865753556948,0.740637836252866,48.0
44009,BASSE-GOULAINE,44,Non défini,3693.28,3592.56,187,187,-3.5,-8.55,13.316883533137,0.886022920577132,334.0
44010,BATZ-SUR-MER,44,Non défini,5212.16,4740.0,226,226,-14.78,-0.46,14.17832170354,0.787978270241209,97.0
44012,LA BERNERIE EN RETZ,44,Non défini,4631.9,4285.71,218,218,-14.29,-3.96,12.7350672128991,0.80373727369562,65.0
44013,BESNE,44,Non défini,2415.17,2320.83,141,141,8.64,0.57,11.2949481836162,0.746424655074166,21.0
44014,BIGNON (LE),44,Non défini,2679.0,2865.41,215,215,-9.35,-11.63,12.6895219612357,0.833468872491871,57.0
44015,BLAIN,44,Non défini,2301.62,2126.67,483,483,-7.44,-13.18,11.9101795678601,0.825946694564999,486.0
44018,BOUAYE,44,Non défini,3083.54,3081.67,194,194,2.01,-7.55,13.2490813983651,0.833468872491871,338.0
44020,BOUGUENAIS,44,Non défini,3255.8,3000.0,559,559,-10.0,-9.21,13.9279628368126,0.876875754949342,1125.0
44021,VILLENEUVE-EN-RETZ,44,Non défini,2501.87,2535.21,355,355,8.24,-6.2,12.16053245554,0.797271165759839,43.0
44022,BOUSSAY,44,Non défini,2091.8,1758.75,231,231,-19.1,-25.16,12.0863081193873,0.792335367132167,15.0
44023,BOUVRON,44,Non défini,2164.91,2347.74,132,132,12.73,3.67,10.6865753556948,0.740637836252866,69.0
44024,BRAINS,44,Non défini,2983.07,2766.87,89,89,-10.32,-11.64,12.5901247098121,0.876875754949342,17.0
44025,CAMPBON,44,Non défini,2502.06,2413.79,192,192,-1.94,-13.96,11.3979556128534,0.802483793754704,70.0
44026,CARQUEFOU,44,Non défini,4086.82,3462.06,632,632,-3.69,-5.13,15.7299776463004,0.887715283926216,1634.0
44027,CASSON,44,Non défini,2537.14,2240.54,116,116,-33.78,-21.32,12.1982263234057,0.87236657345074,6.0
44028,CELLIER (LE),44,Non défini,3224.34,2588.24,180,180,-14.59,-19.57,13.3320041798325,0.887715283926216,73.0
44029,DIVATTE-SUR-LOIRE,44,Non défini,2852.1,2605.08,411,411,-8.0,-7.99,12.0817715046993,0.81290939152836,116.0
44030,LA CHAPELLE DES MARAIS,44,Non défini,2443.45,2387.1,262,262,4.88,8.5,12.466565751668,0.776499432759913,94.0
44032,CHAPELLE-HEULIN (LA),44,Non défini,3124.46,2912.0,186,186,5.48,-4.16,12.7500808715781,0.886022920577132,47.0
44033,LA CHAPELLE LAUNAY,44,Non défini,2557.33,2553.19,112,112,-7.36,-9.89,11.3979556128534,0.802483793754704,34.0
44035,CHAPELLE-SUR-ERDRE (LA),44,Non défini,3492.12,3416.67,559,559,-8.09,-11.51,13.8621007992421,0.874062230354912,1138.0
44036,CHATEAUBRIANT,44,Non défini,2170.74,1950.35,437,437,-0.98,0.85,9.94504424258322,0.794008157195198,1552.0
44037,CHATEAU-THEBAUD,44,Non défini,2651.71,2453.42,185,185,-16.78,-17.96,11.9971408796514,0.828849218275054,64.0
44038,CHAUVE,44,Non défini,3029.86,2788.51,216,216,-3.01,1.55,11.3979556128534,0.802483793754704,28.0
44041,CHEVROLIERE (LA),44,Non défini,2672.07,2797.87,380,380,-4.75,-4.58,12.6895219612357,0.833468872491871,54.0
44043,CLISSON,44,Non défini,3217.2,2911.51,388,388,-9.95,-15.48,12.3467509596906,0.840801296263869,633.0
44045,CORDEMAIS,44,Non défini,2773.42,2511.01,171,171,-11.89,-5.87,12.5510519628867,0.753746451498554,35.0
44046,CORSEPT,44,Non défini,2731.28,2756.46,134,134,-10.86,1.28,13.1002103140075,0.79316267177402,17.0
44047,COUERON,44,Non défini,3234.21,3205.13,852,852,-0.9,-2.53,13.0139820721686,0.874036414871082,1820.0
44048,COUFFE,44,Non défini,2304.9,2055.56,125,125,-12.2,-9.56,10.4360785551747,0.819782379304081,24.0
44049,LE CROISIC,44,Non défini,5248.65,4577.65,347,347,-4.19,-1.66,13.6857749875391,0.787978270241209,293.0
44050,CROSSAC,44,Non défini,2191.75,1992.19,186,186,-7.03,-18.47,11.2949481836162,0.746424655074166,17.0
44051,DERVAL,44,Non défini,2381.56,2127.66,283,283,14.44,9.04,11.7235963247066,0.752679327664632,243.0
44052,DONGES,44,Non défini,2246.25,2108.57,467,467,-12.75,-4.92,12.2595554523613,0.776499432759913,207.0
44053,DREFFEAC,44,Non défini,2743.41,2303.37,92,92,-11.12,6.45,11.2949481836162,0.746424655074166,21.0
44054,ERBRAY,44,Non défini,1620.72,1621.11,167,167,1.32,2.91,8.92679845218568,0.794008157195198,36.0
44055,LA BAULE-ESCOUBLAC,44,Non défini,6966.42,6333.33,1841,1841,-5.0,-0.76,16.1484325551695,0.763585159992635,1894.0
44056,FAY DE BRETAGNE,44,Non défini,2451.24,2439.02,281,281,-6.05,4.39,12.1922368303784,0.825946694564999,124.0
44057,FEGREAC,44,Non défini,1702.86,1602.56,201,201,-11.24,2.57,10.6865753556948,0.740637836252866,17.0
44061,FROSSAY,44,Non défini,2426.86,2388.76,297,297,-13.61,-11.3,11.3979556128534,0.802483793754704,25.0
44063,GETIGNE,44,Non défini,2786.57,2368.42,243,243,-12.39,-9.72,11.0419858023809,0.840801296263869,64.0
44064,GORGES,44,Non défini,2584.94,2575.42,362,362,-1.66,-11.41,12.7532194991983,0.81290939152836,123.0
44066,GRANDCHAMP-DES-FONTAINES,44,Non défini,3083.96,2962.26,275,275,-13.11,-9.44,12.1982263234057,0.87236657345074,0.0
44067,GUEMENE PENFAO,44,Non défini,1648.32,1517.86,467,467,-18.7,-13.55,9.19668748298782,0.8147292315334,354.0
44068,GUENROUET,44,Non défini,2205.77,2006.54,281,281,-9.73,9.3,10.6865753556948,0.740637836252866,35.0
44069,GUERANDE,44,Non défini,3844.53,3613.45,756,756,-8.79,-9.12,13.4542279533195,0.797497246413025,1176.0
44070,HAIE-FOUASSIERE (LA),44,Non défini,2787.9,2880.18,216,216,-4.43,-14.97,11.9971408796514,0.828849218275054,64.0
44071,HAUTE-GOULAINE,44,Non défini,3574.99,3205.13,203,203,-10.71,-10.97,13.2826823558539,0.886022920577132,145.0
44072,HERBIGNAC,44,Non défini,2991.0,2671.89,329,329,-7.26,-6.2,12.5363973679914,0.799490288786645,207.0
44073,HERIC,44,Non défini,2932.15,2653.06,301,301,-8.03,-10.93,11.6125836408614,0.87236657345074,176.0
44074,INDRE,44,Non défini,3254.01,3084.93,139,139,-12.61,-7.45,12.6053837274652,0.874036414871082,324.0
44077,JOUE-SUR-ERDRE,44,Non défini,2306.75,2278.41,165,165,11.64,20.34,9.76407480070224,0.781556841155862,60.0
44079,LANDREAU (LE),44,Non défini,2597.59,2373.33,295,295,-8.38,-18.62,12.3223981217735,0.81290939152836,67.0
44081,LEGE,44,Non défini,1866.13,1796.59,287,287,-11.37,-15.7,10.3365861155927,0.781273609259118,182.0
44082,LIGNE,44,Non défini,3399.02,2554.27,248,248,-8.86,-0.29,13.3320041798325,0.887715283926216,71.0
44083,LIMOUZINIERE (LA),44,Non défini,2464.05,2493.68,138,138,15.78,0.81,11.5418795263029,0.812725467900081,31.0
44084,LOROUX-BOTTEREAU (LE),44,Non défini,3553.42,2962.96,459,459,0.65,-5.78,13.0151977680713,0.81290939152836,264.0
44087,MACHECOUL-SAINT-MEME,44,Non défini,2734.22,2452.97,523,523,-6.96,-0.35,11.8906444343051,0.797271165759839,278.0
44088,MAISDON-SUR-SEVRE,44,Non défini,2370.07,2598.69,257,257,1.21,-6.64,11.9971408796514,0.828849218275054,55.0
44089,MALVILLE,44,Non défini,2625.21,2642.2,151,151,3.39,-9.35,12.5510519628867,0.753746451498554,48.0
44094,MAUVES-SUR-LOIRE,44,Non défini,3098.56,2885.06,108,108,-4.24,-8.17,12.7619598452217,0.902104832937032,106.0
44096,MESANGER,44,Non défini,2447.56,2378.05,319,319,9.21,-9.68,9.74764455655916,0.68305969439769,62.0
44097,MESQUER,44,Non défini,4242.12,3975.0,262,262,-6.89,0.66,12.9822106587994,0.797497246413025,24.0
44098,MISSILLAC,44,Non défini,2643.64,2232.14,241,241,-2.55,-6.58,10.2385107180402,0.829237572751807,75.0
44100,MONNIERES,44,Non défini,2348.65,2527.42,102,102,-12.75,-6.24,11.9971408796514,0.828849218275054,18.0
44101,LA MONTAGNE,44,Non défini,3021.42,3113.97,137,137,-2.13,-1.38,12.6523249599202,0.874036414871082,238.0
44102,MONTBERT,44,Non défini,2593.4,2596.28,152,152,-0.6,-1.14,11.0492981348675,0.744727338553001,28.0
44103,MONTOIR-DE-BRETAGNE,44,Non défini,3196.19,2521.98,225,225,1.73,0.88,13.1338520931082,0.776499432759913,304.0
44108,MOUZILLON,44,Non défini,2606.45,2498.74,287,287,-7.13,-8.64,12.3223981217735,0.81290939152836,64.0
44109,NANTES,44,Non défini,3913.92,3605.26,11375,11375,-6.99,-12.07,14.5041330064935,0.854702561810005,65568.0
44110,NORT SUR ERDRE,44,Non défini,2733.51,2573.84,410,410,-11.5,-12.47,12.2698271923468,0.781556841155862,495.0
44111,NOTRE DAME DES LANDES,44,Non défini,2599.9,2488.89,227,227,6.75,-3.37,11.3256467251967,0.825946694564999,12.0
44113,NOZAY,44,Non défini,2378.71,2093.41,229,229,-6.68,-4.85,11.0369629113579,0.755598606982766,452.0
44114,ORVAULT,44,Non défini,3440.47,3318.5,922,922,-8.11,-10.13,13.7659845416337,0.87236657345074,1839.0
44115,OUDON,44,Non défini,2456.79,2432.43,194,194,-6.52,-9.32,13.3320041798325,0.887715283926216,48.0
44116,PAIMBOEUF,44,Non défini,4282.3,2373.11,187,187,-9.37,-1.49,11.2770872931638,0.734355796201351,385.0
44117,PALLET (LE),44,Non défini,2522.86,2508.27,364,364,-20.19,-0.84,12.0398644695856,0.828849218275054,111.0
44119,PAULX,44,Non défini,2801.41,2350.0,113,113,-2.06,23.42,11.5418795263029,0.812725467900081,49.0
44120,PELLERIN (LE),44,Non défini,2620.13,2615.49,196,196,-8.7,-12.82,13.7954254119348,0.802299280313012,282.0
44122,PETIT MARS,44,Non défini,2698.87,2612.36,129,129,-1.34,-7.76,13.3320041798325,0.887715283926216,27.0
44125,PIRIAC-SUR-MER,44,Non défini,5102.37,4484.11,145,145,-6.87,9.54,12.9822106587994,0.797497246413025,32.0
44126,LA PLAINE-SUR-MER,44,Non défini,4386.8,3858.67,382,382,-6.29,-8.24,13.1002103140075,0.79316267177402,51.0
44127,PLANCHE (LA),44,Non défini,2712.86,2425.98,171,171,-7.0,-4.63,11.9971408796514,0.828849218275054,32.0
44128,PLESSE,44,Non défini,1873.81,1816.67,516,516,-13.97,-1.38,9.84385382134815,0.8147292315334,162.0
44129,PONTCHATEAU,44,Non défini,4409.45,2549.02,610,610,5.15,0.98,11.7738146978304,0.746424655074166,711.0
44130,PONT-SAINT-MARTIN,44,Non défini,4533.31,3111.11,303,303,-3.39,-11.18,12.7127651213634,0.833468872491871,106.0
44131,PORNIC,44,Non défini,5063.79,4800.0,1042,1042,-3.7,7.19,13.8369613121678,0.80373727369562,949.0
44132,PORNICHET,44,Non défini,6561.19,5900.0,952,952,-0.95,0.67,15.6235856662287,0.767759518934589,1225.0
44133,PORT SAINT PERE,44,Non défini,2926.74,2918.99,264,264,-6.22,2.96,14.2233512729746,0.802299280313012,193.0
44135,LE POULIGUEN,44,Non défini,6048.43,5218.18,374,374,-9.08,-6.11,14.8890944429246,0.787978270241209,312.0
44137,PRINQUIAU,44,Non défini,2435.23,2360.47,100,100,-8.89,-4.2,11.3979556128534,0.802483793754704,38.0
44143,REZE,44,Non défini,3291.92,3000.0,1436,1436,-7.69,-11.64,13.352700508869,0.818994339519596,3598.0
44144,RIAILLE,44,Non défini,2017.89,1870.37,148,148,18.43,8.25,9.76407480070224,0.781556841155862,88.0
44145,ROUANS,44,Non défini,2782.21,2906.85,258,258,3.87,12.12,13.1623895275586,0.802299280313012,31.0
44146,ROUGE,44,Non défini,1359.03,1402.88,248,248,-10.41,-2.39,8.92679845218568,0.794008157195198,40.0
44149,SAFFRE,44,Non défini,2184.78,2156.86,199,199,0.56,-14.66,11.3256467251967,0.825946694564999,71.0
44150,SAINT-AIGNAN-GRANDLIEU,44,Non défini,2637.92,2627.12,222,222,-8.03,-13.4,12.6895219612357,0.833468872491871,19.0
44151,SAINT-ANDRE-DES-EAUX,44,Non défini,3401.13,3237.97,225,225,-10.47,-8.9,14.1077287984332,0.763585159992635,106.0
44152,SAINTE ANNE SUR BRIVET,44,Non défini,2530.66,2400.0,180,180,-9.51,2.72,11.2949481836162,0.746424655074166,15.0
44154,SAINT BREVIN LES PINS,44,Non défini,4168.73,3928.57,926,926,-7.19,-7.79,14.0279731126725,0.79316267177402,810.0
44155,SAINT-COLOMBAN,44,Non défini,2277.25,2255.39,369,369,-18.8,-12.58,12.16053245554,0.797271165759839,19.0
44156,CORCOUE-SUR-LOGNE,44,Non défini,2002.18,1906.75,274,274,-9.2,-14.67,11.5418795263029,0.812725467900081,38.0
44158,SAINT-ETIENNE-DE-MONTLUC,44,Non défini,3275.06,3166.67,299,299,8.77,-7.15,12.4876135111365,0.880502006860811,318.0
44161,SAINT-GILDAS-DES-BOIS,44,Non défini,1884.42,1841.09,178,178,-9.92,-12.89,10.6865753556948,0.740637836252866,97.0
44162,ST-HERBLAIN,44,Non défini,2787.33,2745.72,1659,1659,-10.0,-11.37,13.7353544677149,0.845739239477516,4658.0
44163,VAIR-SUR-LOIRE,44,Non défini,1972.54,2124.31,274,274,4.51,6.9,10.7474918235535,0.598851830907992,25.0
44164,SAINT-HILAIRE-DE-CHALEONS,44,Non défini,2392.41,2327.14,126,126,-12.69,-19.49,11.3979556128534,0.802483793754704,15.0
44165,SAINT-HILAIRE-DE-CLISSON,44,Non défini,2361.45,2357.14,104,104,-10.61,-5.71,11.0419858023809,0.840801296263869,5.0
44166,SAINT JEAN DE BOISEAU,44,Non défini,3156.27,2888.89,260,260,-8.03,-9.41,12.6939259632628,0.874036414871082,70.0
44168,SAINT-JOACHIM,44,Non défini,2317.52,2000.0,417,417,-8.39,-10.4,12.466565751668,0.776499432759913,48.0
44169,SAINT-JULIEN-DE-CONCELLES,44,Non défini,3247.62,3037.41,403,403,-5.38,-0.2,13.248598320982,0.890883101564691,98.0
44171,SAINT-LEGER-LES-VIGNES,44,Non défini,2716.42,2781.86,63,63,-8.0,-11.19,12.5901247098121,0.876875754949342,16.0
44172,SAINTE-LUCE-SUR-LOIRE,44,Non défini,3266.61,3295.41,481,481,-6.71,-10.78,13.6295619601247,0.890883101564691,1099.0
44173,SAINT-LUMINE-DE-CLISSON,44,Non défini,2780.15,2580.08,142,142,1.94,27.71,11.9971408796514,0.828849218275054,18.0
44174,SAINT-LUMINE-DE-COUTAIS,44,Non défini,2819.55,2428.13,130,130,-0.51,-5.17,12.16053245554,0.797271165759839,12.0
44175,SAINT-LYPHARD,44,Non défini,3468.74,3162.96,154,154,-3.17,2.26,12.9822106587994,0.797497246413025,47.0
44176,SAINT-MALO-DE-GUERSAC,44,Non défini,3222.91,2343.57,131,131,-1.48,-5.84,12.466565751668,0.776499432759913,18.0
44178,SAINT-MARS-DE-COUTAIS,44,Non défini,2513.02,2515.69,102,102,-8.88,-14.15,13.1623895275586,0.802299280313012,11.0
44179,SAINT-MARS-DU-DESERT,44,Non défini,2437.21,2589.93,147,147,-15.7,-18.6,13.3320041798325,0.887715283926216,66.0
44180,VALLONS-DE-L'ERDRE,44,Non défini,1694.51,1407.47,131,131,-26.19,-8.35,9.46389220629773,0.763430795505517,285.0
44182,SAINT-MICHEL-CHEF-CHEF,44,Non défini,4355.61,4000.0,360,360,-5.0,-5.45,13.5951203230587,0.79316267177402,141.0
44183,SAINT MOLF,44,Non défini,3053.85,2912.01,98,98,-16.61,-10.47,11.982131807201,0.799490288786645,34.0
44184,SAINT-NAZAIRE,44,Non défini,3729.25,3054.77,2874,2874,-1.24,-3.12,12.7753778766812,0.81700024023318,9524.0
44185,SAINT-NICOLAS-DE-REDON,44,Non défini,3024.86,2238.1,285,285,4.44,37.22,10.7180187346721,0.740637836252866,179.0
44186,SAINTE PAZANNE,44,Non défini,2890.83,2978.69,205,205,2.03,0.94,11.8609907185882,0.802483793754704,142.0
44187,SAINT-PERE-EN-RETZ,44,Non défini,3643.63,3174.6,269,269,5.16,6.95,12.0002160314366,0.734355796201351,137.0
44188,ST-PHILBERT-DE-GRAND-LIEU,44,Non défini,3064.51,2683.82,391,391,-11.09,-11.28,12.7604213718318,0.797271165759839,338.0
44189,SAINTE-REINE-DE-BRETAGNE,44,Non défini,2143.0,2121.5,111,111,-13.99,7.91,12.466565751668,0.776499432759913,55.0
44190,ST SEBASTIEN SUR LOIRE,44,Non défini,3470.6,3373.49,883,883,-6.17,-11.77,13.5889545417172,0.885879677586893,2907.0
44192,SAINT-VIAUD,44,Non défini,2632.29,2863.64,163,163,4.25,-9.26,11.5977015583158,0.734355796201351,3.0
44194,SAUTRON,44,Non défini,3431.64,3437.5,253,253,-12.78,-14.77,13.7677808147994,0.880502006860811,570.0
44195,SAVENAY,44,Non défini,2877.25,2773.11,320,320,-0.35,-10.23,13.1387339607057,0.753746451498554,610.0
44198,SORINIERES (LES),44,Non défini,3270.5,3170.73,347,347,-9.5,-7.65,13.6143531648942,0.833468872491871,548.0
44201,SUCE-SUR-ERDRE,44,Non défini,3758.38,3706.62,192,192,-3.78,-0.43,13.6943235180348,0.874062230354912,140.0
44203,LE TEMPLE DE BRETAGNE,44,Non défini,2569.04,2591.47,59,59,-16.08,-8.72,12.5510519628867,0.753746451498554,85.0
44204,THOUARE-SUR-LOIRE,44,Non défini,3973.12,3393.94,278,278,-3.48,-4.68,13.6729990938871,0.902104832937032,1174.0
44205,LES TOUCHES,44,Non défini,2689.4,2460.0,81,81,-8.79,-9.67,10.4360785551747,0.819782379304081,50.0
44209,TREILLIERES,44,Non défini,2959.48,3126.32,260,260,-6.89,-11.42,12.8616604304126,0.87236657345074,204.0
44210,TRIGNAC,44,Non défini,3239.94,2602.2,358,358,-2.42,7.81,12.012347639433,0.81700024023318,421.0
44211,LA TURBALLE,44,Non défini,4624.84,4383.84,374,374,-0.05,0.56,12.8592669719903,0.797497246413025,179.0
44212,VALLET,44,Non défini,2558.31,2610.15,602,602,-10.97,-7.19,12.2175071981938,0.81290939152836,418.0
44213,LOIREAUXENCE,44,Non défini,2124.08,1937.5,451,451,0.76,-1.59,9.51487621784791,0.68305969439769,180.0
44214,VAY,44,Non défini,1832.27,1977.27,194,194,-5.78,28.32,9.52941890765155,0.8147292315334,44.0
44215,VERTOU,44,Non défini,3967.84,3500.0,1169,1169,-7.3,-13.03,13.3954213564777,0.872238651206629,1603.0
44216,VIEILLEVIGNE,44,Non défini,2134.68,2121.5,202,202,-8.52,-16.06,11.0492981348675,0.744727338553001,98.0
44217,VIGNEUX DE BRETAGNE,44,Non défini,2859.58,2797.75,272,272,-7.22,-13.36,13.1540016683829,0.880502006860811,61.0
44223,GENESTON,44,Non défini,2577.75,2505.88,152,152,-8.73,-7.63,11.0492981348675,0.744727338553001,86.0
45004,AMILLY,45,Non défini,2182.82,1796.55,565,565,7.06,-0.19,11.7289868731693,0.76953753917277,409.0
45024,BAULE,45,Non défini,1989.19,2008.06,128,128,3.0,27.22,11.1343621589531,0.86756891387756,25.0
45028,BEAUGENCY,45,Non défini,2471.76,1787.5,427,427,-4.39,0.75,11.718591503757,0.751211044373173,1483.0
45034,BOIGNY-SUR-BIONNE,45,Non défini,2186.87,2093.75,75,75,-6.57,-25.8,12.3803999225663,0.826622438152481,51.0
45053,BRIARE,45,Non défini,1839.84,1502.96,260,260,-8.0,-10.24,9.2288423026045,0.561302933667937,408.0
45061,CEPOY,45,Non défini,1489.67,1479.59,68,68,-8.65,-11.06,9.93113288953891,0.841665395512132,73.0
45067,CHAINGY,45,Non défini,3176.35,2313.73,186,186,0.76,-2.51,14.0361219690556,0.835753889992656,119.0
45068,CHALETTE-SUR-LOING,45,Non défini,1590.86,1482.14,329,329,-13.34,-11.99,12.8652277231814,0.797318445869457,409.0
45075,LA CHAPELLE ST MESMIN,45,Non défini,3330.87,2397.59,352,352,12.57,2.6,14.718411747244,0.835753889992656,959.0
45082,CHATEAUNEUF S LOIRE,45,Non défini,2544.88,1953.33,447,447,-8.16,8.78,13.630927556298,0.804269017197974,1148.0
45083,CHATEAU-RENARD,45,Non défini,1554.82,1363.64,153,153,-26.57,0.41,9.17347380960046,0.735929233298221,328.0
45087,CHATILLON-SUR-LOIRE,45,Non défini,1521.99,1485.71,150,150,14.93,3.67,10.0009099923949,0.644130397578594,325.0
45089,CHECY,45,Non défini,2155.27,2207.6,241,241,-5.63,-10.18,13.6722141623731,0.829328286534861,212.0
45093,CHEVILLY,45,Non défini,1935.03,1926.46,96,96,-6.26,5.29,10.577008859682,0.820453287607857,72.0
45095,CHILLEURS-AUX-BOIS,45,Non défini,1555.59,1538.46,95,95,-13.66,-19.51,9.51390090171279,0.826603217755359,76.0
45098,CLERY-SAINT-ANDRE,45,Non défini,2270.98,2161.8,128,128,-7.77,-2.42,11.1343621589531,0.86756891387756,56.0
45104,CORQUILLEROY,45,Non défini,1807.35,1746.58,187,187,0.12,7.21,11.3392619600923,0.797318445869457,25.0
45108,COULLONS,45,Non défini,1535.9,1520.27,252,252,6.53,8.4,7.90948788578274,0.642907421902042,75.0
45115,COURTENAY,45,Non défini,1848.45,1474.34,267,267,-11.99,-11.98,11.0569541085912,0.684112165053151,418.0
45119,DADONVILLE,45,Non défini,1636.03,1704.55,79,79,-2.74,-8.96,9.51390090171279,0.826603217755359,8.0
45126,DONNERY,45,Non défini,2205.33,2010.05,125,125,-10.68,-7.71,12.6231608303891,0.829328286534861,48.0
45127,DORDIVES,45,Non défini,2314.88,2011.9,140,140,9.57,1.59,9.77857393953712,0.735929233298221,89.0
45142,FAY-AUX-LOGES,45,Non défini,1894.41,1947.37,141,141,-10.89,0.01,11.9889141671208,0.829328286534861,107.0
45145,FERRIERES-EN-GATINAIS,45,Non défini,2233.24,1800.0,195,195,-7.11,-5.81,12.7942823162511,0.791234558005176,187.0
45146,LA FERTE SAINT-AUBIN,45,Non défini,2275.3,2048.59,292,292,-5.35,-6.44,11.7810692155512,0.882432156115488,254.0
45147,FLEURY LES AUBRAIS,45,Non défini,2823.19,2207.79,761,761,-2.49,-7.21,13.0905925736649,0.826622438152481,1664.0
45154,GIDY,45,Non défini,3836.72,2111.24,110,110,2.12,-9.63,11.6552887240968,0.873913229364792,6.0
45155,GIEN,45,Non défini,1687.53,1351.35,645,645,-6.89,-8.11,10.9260926814456,0.744506264716865,1958.0
45169,INGRE,45,Non défini,2742.9,2402.66,409,409,-6.28,-6.15,13.1317394133348,0.873913229364792,369.0
45173,JARGEAU,45,Non défini,1966.49,1849.36,193,193,-15.06,-17.88,13.5885013219894,0.804269017197974,446.0
45179,LAILLY EN VAL,45,Non défini,2167.6,1981.82,164,164,-3.72,-1.78,10.0663079383692,0.751211044373173,67.0
45187,LORRIS,45,Non défini,1513.64,1361.54,148,148,-5.71,-21.38,9.69924743752662,0.841665395512132,232.0
45188,LOURY,45,Non défini,1849.68,1684.67,88,88,-23.46,-25.16,12.6231608303891,0.829328286534861,61.0
45191,LE MALESHERBOIS,45,Non défini,2699.96,1822.22,318,318,-6.29,-3.25,11.6308295374357,0.811313205963325,667.0
45193,MARCILLY-EN-VILLETTE,45,Non défini,2280.45,2212.77,166,166,8.02,-12.89,13.6979441057743,0.876919388270949,19.0
45194,MARDIE,45,Non défini,2200.21,2211.25,165,165,-1.42,1.39,12.6231608303891,0.829328286534861,7.0
45203,MEUNG-SUR-LOIRE,45,Non défini,2176.67,1967.71,282,282,-12.48,-2.9,11.760849555847,0.769344578694638,806.0
45208,MONTARGIS,45,Non défini,2364.42,1560.0,725,725,-3.21,-5.28,11.3792548740103,0.813541220116794,4343.0
45224,NEUVILLE-AUX-BOIS,45,Non défini,2189.28,1933.33,191,191,-6.26,-9.83,10.7015967394829,0.826603217755359,320.0
45229,NOGENT-SUR-VERNISSON,45,Non défini,1414.18,1371.43,128,128,-4.03,-13.82,9.67805913360091,0.744506264716865,208.0
45232,OLIVET,45,Non défini,2876.94,2690.91,1098,1098,-3.04,-1.24,12.8772289383446,0.893530795702563,3383.0
45234,ORLEANS,45,Non défini,3380.74,2631.58,4702,4702,-5.66,-6.96,14.253973683722,0.867037358130573,27399.0
45235,ORMES,45,Non défini,2708.2,2424.24,86,86,-8.31,-7.57,14.0880791179341,0.873913229364792,193.0
45244,OUZOUER-SUR-LOIRE,45,Non défini,1771.56,1623.92,157,157,-10.32,6.71,9.89487196882479,0.646544098270517,45.0
45247,PANNES,45,Non défini,1661.11,1544.82,191,191,0.16,-28.31,9.93113288953891,0.841665395512132,53.0
45248,PATAY,45,Non défini,1628.0,1694.84,139,139,3.01,-2.43,11.3152207309466,0.820453287607857,149.0
45252,PITHIVIERS,45,Non défini,2246.75,1527.78,261,261,-11.73,-16.95,10.9452031030817,0.802811250874668,1523.0
45254,POILLY-LEZ-GIEN,45,Non défini,1827.79,1666.67,215,215,2.56,9.99,9.89487196882479,0.646544098270517,30.0
45258,PUISEAUX,45,Non défini,2554.7,1944.44,148,148,-3.5,-2.0,10.8345064481101,0.802811250874668,400.0
45269,SAINT-AY,45,Non défini,2429.92,2153.85,102,102,3.35,6.59,11.1343621589531,0.86756891387756,83.0
45270,SAINT-BENOIT-SUR-LOIRE,45,Non défini,2268.16,1705.52,181,181,6.84,1.32,12.1600165628041,0.804269017197974,81.0
45272,SAINT-CYR-EN-VAL,45,Non défini,3187.89,2451.28,151,151,-11.59,-5.72,12.9335531511989,0.882432156115488,250.0
45273,SAINT-DENIS-DE-L HOTEL,45,Non défini,2296.83,2140.61,104,104,-4.14,7.46,11.6695865122524,0.809897369301398,198.0
45274,SAINT-DENIS-EN-VAL,45,Non défini,2671.23,2602.45,289,289,-10.27,-3.34,15.596765252117,0.876919388270949,160.0
45282,SAINT-HILAIRE-SAINT-MESMIN,45,Non défini,2536.07,2722.77,123,123,7.04,-0.1,11.8929409285668,0.893530795702563,115.0
45284,ST JEAN DE BRAYE,45,Non défini,2333.68,2197.0,869,869,-4.13,-3.38,12.8081521733148,0.878715822077589,3069.0
45285,ST JEAN DE LA RUELLE,45,Non défini,2214.06,1833.33,416,416,-5.66,-4.07,12.51617093466,0.838155071858313,1331.0
45286,SAINT-JEAN-LE-BLANC,45,Non défini,3392.92,2547.32,354,354,-2.6,1.52,16.001696296914,0.876919388270949,1390.0
45298,SAINT-PRYVE-SAINT-MESMIN,45,Non défini,2795.9,2341.18,193,193,-15.67,-11.32,13.6006093632046,0.86756891387756,334.0
45300,SANDILLON,45,Non défini,2218.61,2155.81,162,162,-10.33,-14.19,14.6773824465977,0.876919388270949,123.0
45302,SARAN,45,Non défini,3631.35,2375.15,417,417,0.56,-0.34,13.0664159091863,0.832110427784017,957.0
45308,SEMOY,45,Non défini,3101.23,2764.17,106,106,24.71,14.25,12.3803999225663,0.826622438152481,33.0
45315,SULLY-SUR-LOIRE,45,Non défini,2315.73,1645.24,322,322,-1.29,-8.92,10.2143418913978,0.646544098270517,590.0
45324,TIGY,45,Non défini,1905.12,1875.0,126,126,4.17,-14.03,12.1600165628041,0.804269017197974,75.0
45327,TRAINOU,45,Non défini,2224.2,2161.96,128,128,15.64,-29.1,12.6231608303891,0.829328286534861,32.0
45333,VENNECY,45,Non défini,2208.82,2247.47,56,56,8.41,2.18,12.3803999225663,0.826622438152481,25.0
45338,VILLEMANDEUR,45,Non défini,1764.76,1741.57,230,230,-7.56,-9.8,13.355806411207,0.797318445869457,258.0
45346,VITRY-AUX-LOGES,45,Non défini,1757.89,1828.12,131,131,-16.43,-9.23,9.12983805124602,0.809897369301398,92.0
46042,CAHORS,46,Non défini,2214.07,1817.54,1164,1164,-3.32,1.6,11.7203652226081,0.8194348628551,3930.0
46102,FIGEAC,46,Non défini,2388.04,1799.34,496,496,-9.67,-10.03,11.4236931223752,0.745952663547371,2392.0
46127,GOURDON,46,Non défini,1585.71,1481.48,415,415,-4.58,-14.89,9.54380811386527,0.688072362019384,578.0
46128,GRAMAT,46,Non défini,1805.41,1725.81,206,206,22.57,17.34,10.1879080243744,0.763421631820188,375.0
46224,PRADINES,46,Non défini,2132.6,2023.78,151,151,2.44,10.67,11.3295244867032,0.903293630556289,144.0
46225,PRAYSSAC,46,Non défini,1964.91,1946.15,178,178,-1.87,-9.32,10.5275733679078,0.668521846046332,166.0
46251,SAINT-CERE,46,Non défini,1943.48,1611.11,202,202,-20.34,-10.15,10.0561181958713,0.710787271838046,752.0
46309,SOUILLAC,46,Non défini,2720.1,1465.08,319,319,-4.7,-5.05,8.66416765786094,0.7268457296227,624.0
47001,AGEN,47,Non défini,2818.63,1875.0,1540,1540,-7.13,-7.98,10.6289893228265,0.803312569473928,11945.0
47004,AIGUILLON,47,Non défini,1501.99,1384.62,265,265,1.54,-0.15,9.52789510434561,0.78106924761851,349.0
47015,ASTAFFORT,47,Non défini,1379.96,1304.35,100,100,-1.47,-10.44,8.92898767196919,0.747474798389969,101.0
47027,BIAS,47,Non défini,1665.37,1742.52,113,113,1.65,12.59,9.19912139891731,0.739082192914246,39.0
47031,BOE,47,Non défini,2502.51,2105.41,180,180,6.69,1.95,11.7052987211381,0.808515142720326,137.0
47032,BON ENCONTRE,47,Non défini,1992.39,1882.02,190,190,-5.12,-7.03,11.9528727083292,0.795506510502946,162.0
47040,BRAX,47,Non défini,2161.25,2246.69,70,70,-2.32,2.71,9.5217793625974,0.803312569473928,24.0
47049,CASSENEUIL,47,Non défini,1383.54,1491.63,118,118,7.45,-43.0,8.95411039505736,0.713905825454976,305.0
47051,CASTELCULIER,47,Non défini,2146.52,2045.45,130,130,-7.9,0.83,10.6629590494881,0.79895087521838,75.0
47052,CASTELJALOUX,47,Non défini,1818.24,1770.03,304,304,-5.6,2.61,10.6341230033082,0.601019685382133,592.0
47065,CLAIRAC,47,Non défini,1090.96,1012.78,179,179,-14.16,-12.23,9.75729969588611,0.789631309497201,248.0
47069,COLAYRAC ST CIRQ,47,Non défini,1976.17,1914.92,185,185,2.13,-8.26,9.77485371896992,0.808515142720326,71.0
47091,ESTILLAC,47,Non défini,2236.57,2332.22,95,95,17.42,6.07,9.77485371896992,0.808515142720326,63.0
47100,FOULAYRONNES,47,Non défini,2294.22,2150.59,280,280,-3.64,-2.35,9.5217793625974,0.803312569473928,92.0
47106,FUMEL,47,Non défini,1601.29,1287.88,315,315,6.8,-3.05,8.58417707710944,0.739082192914246,429.0
47143,LAVARDAC,47,Non défini,1555.56,1544.06,104,104,0.01,9.19,9.48749339856091,0.62623676461082,153.0
47145,LAYRAC,47,Non défini,2121.11,1796.43,180,180,-2.2,0.73,10.0055040910233,0.79895087521838,272.0
47157,MARMANDE,47,Non défini,2417.79,1643.36,936,936,4.38,-3.62,11.1806352829997,0.785584484229234,3541.0
47168,MIRAMONT DE GUYENNE,47,Non défini,1225.08,1054.55,164,164,-13.68,-9.61,9.64008117085591,0.716452067073252,381.0
47175,MONFLANQUIN,47,Non défini,2076.37,1485.71,191,191,-3.87,8.84,8.53736086600744,0.706198872181294,134.0
47179,MONSEMPRON-LIBOS,47,Non défini,1575.21,1671.88,97,97,32.64,31.89,8.43265311164573,0.706198872181294,211.0
47185,MONTAYRAL,47,Non défini,1611.68,1560.98,157,157,-4.04,-1.14,8.42538927476894,0.706198872181294,37.0
47195,NERAC,47,Non défini,1893.56,1631.85,444,444,9.23,2.93,9.55083995724265,0.717999742484365,979.0
47201,LE PASSAGE,47,Non défini,2148.3,1916.67,342,342,-0.86,15.0,11.1931073495906,0.808515142720326,533.0
47203,PENNE D'AGENAIS,47,Non défini,1991.53,1694.44,250,250,-9.0,-10.07,10.0467212831709,0.739082192914246,234.0
47209,PONT-DU-CASSE,47,Non défini,1782.89,1813.95,122,122,-1.7,-4.86,10.4962732749617,0.795506510502946,93.0
47215,PUJOLS,47,Non défini,2306.33,1746.66,167,167,14.01,2.74,10.4962732749617,0.795506510502946,59.0
47225,ROQUEFORT,47,Non défini,2469.38,2333.33,72,72,4.0,12.54,9.5217793625974,0.803312569473928,22.0
47233,SAINTE BAZEILLE,47,Non défini,1462.27,1452.92,168,168,-11.15,1.7,9.8601546931774,0.70835507051997,302.0
47252,SAINTE LIVRADE SUR LOT,47,Non défini,1872.84,1438.46,242,242,-9.01,-5.06,8.64729715499753,0.713905825454976,441.0
47280,SAINT SYLVESTRE SUR LOT,47,Non défini,2160.53,1713.18,146,146,17.31,3.83,10.2103035417749,0.739082192914246,109.0
47310,TONNEINS,47,Non défini,1526.19,1265.52,366,366,-2.37,-4.38,9.09010479560975,0.730677829227289,1234.0
47323,VILLENEUVE SUR LOT,47,Non défini,2046.96,1538.46,1119,1119,0.84,1.54,9.54293498236899,0.739082192914246,4264.0
48009,PEYRE EN AUBRAC,48,Non défini,1517.62,1480.56,241,241,-18.34,-4.92,9.90384240957343,0.743540746020446,133.0
48034,LA CANOURGUE,48,Non défini,1964.96,1658.33,149,149,-18.61,22.84,9.23889845270095,0.738755814911234,160.0
48061,FLORAC TROIS RIVIERES,48,Non défini,1875.9,2049.18,120,120,-6.52,21.17,10.7369504768564,0.783361070703007,184.0
48080,LANGOGNE,48,Non défini,2494.8,1550.25,213,213,12.42,4.64,7.93995139227507,0.67773882840588,544.0
48092,MARVEJOLS,48,Non défini,1920.61,1603.77,220,220,-46.9,18.98,9.87398521203971,0.743540746020446,752.0
48095,MENDE,48,Non défini,2473.88,2266.19,671,671,2.56,5.4,10.0101999640144,0.820975890748203,1862.0
48099,BOURGS SUR COLAGNE,48,Non défini,1908.93,1709.68,124,124,4.29,-4.24,8.48188232995795,0.743540746020446,69.0
48140,ST CHELY D APCHER,48,Non défini,2638.2,1990.56,139,139,16.94,10.48,9.88775001113901,0.760356818326427,865.0
49002,ALLONNES,49,Non défini,2629.88,1823.88,291,291,-2.99,-2.44,8.82513583335657,0.767563220962644,50.0
49007,ANGERS,49,Non défini,4245.17,3285.71,5964,5964,-3.47,-3.71,14.555594060727,0.829492421461721,29741.0
49015,AVRILLE,49,Non défini,3672.47,3000.0,519,519,-2.29,-0.66,14.1638676643962,0.912849460425035,925.0
49018,BAUGE EN ANJOU,49,Non défini,1811.39,1659.26,1046,1046,6.89,-0.44,9.63331980204656,0.668490686885411,437.0
49020,BEAUCOUZE,49,Non défini,3016.82,2851.79,136,136,-6.87,-7.87,11.6379014528593,0.779622540219481,237.0
49021,BEAUFORT-EN-ANJOU,49,Non défini,2029.37,1893.94,325,325,-10.56,-4.34,10.0738919449919,0.758984477280203,416.0
49023,BEAUPREAU-EN-MAUGES,49,Non défini,2386.79,1890.24,1241,1241,-5.49,18.14,9.90853746216999,0.722046413567282,962.0
49026,BECON-LES-GRANITS,49,Non défini,2389.77,2224.84,199,199,2.19,-7.55,9.81486634924099,0.779622540219481,183.0
49027,BEGROLLES-EN-MAUGES,49,Non défini,2205.83,2042.88,125,125,14.23,10.06,9.39046546746007,0.722046413567282,26.0
49035,BOUCHEMAINE,49,Non défini,4311.56,3180.0,186,186,-7.49,-2.15,14.1492889411418,0.829492421461721,163.0
49041,BRAIN-SUR-ALLONNES,49,Non défini,1808.23,1717.74,146,146,-18.03,13.02,8.82513583335657,0.767563220962644,34.0
49048,BRIOLLAY,49,Non défini,2218.18,2347.15,121,121,-9.65,5.62,11.7404483134815,0.830026672210452,96.0
49050,BRISSAC LOIRE AUBANCE,49,Non défini,2405.68,2122.02,634,634,-11.47,-14.48,12.6760392372088,0.744130732589205,377.0
49054,CANDE,49,Non défini,1555.41,1608.7,90,90,-16.84,-7.27,9.04219573788561,0.763430795505517,335.0
49055,CANTENAY-EPINARD,49,Non défini,2554.73,2721.52,100,100,6.89,8.86,13.2641710837916,0.912849460425035,82.0
49060,BELLEVIGNE-LES-CHATEAUX,49,Non défini,2190.13,1562.5,241,241,-19.98,-13.45,8.9833605544185,0.747628328054562,61.0
49063,CHALONNES-SUR-LOIRE,49,Non défini,2935.96,2316.54,325,325,-14.5,-3.99,11.0431446116176,0.770849478966478,684.0
49069,OREE D ANJOU,49,Non défini,2482.04,2298.76,1236,1236,1.69,1.15,,,
49080,LES HAUTS-D ANJOU,49,Non défini,1637.06,1625.0,709,709,-7.14,-9.26,9.73832302739276,0.736522554070093,442.0
49086,TERRANJOU,49,Non défini,2085.96,1871.64,496,496,-3.13,-6.02,10.8271626581551,0.744130732589205,48.0
49092,CHEMILLE-EN-ANJOU,49,Non défini,1742.48,1719.3,1218,1218,-5.44,-8.38,9.5501193408553,0.634802550924246,771.0
49099,CHOLET,49,Non défini,2812.18,2205.93,1977,1977,-3.22,-1.38,11.7261613537093,0.823606058618384,6743.0
49125,DOUE EN ANJOU,49,Non défini,2324.85,1883.12,630,630,-3.15,2.06,9.10169148146612,0.726462953272326,759.0
49127,DURTAL,49,Non défini,1714.69,1415.34,207,207,-8.36,7.95,9.6254890981326,0.724024249701667,192.0
49129,ECOUFLANT,49,Non défini,2564.53,2513.44,121,121,-5.17,-2.68,13.8416659318402,0.830026672210452,225.0
49135,FENEU,49,Non défini,3733.02,2565.22,89,89,13.91,-4.08,11.6115996643094,0.806991145079379,69.0
49138,LES BOIS D'ANJOU,49,Non défini,1816.04,1664.58,246,246,11.4,-1.53,9.52691718767995,0.758984477280203,35.0
49160,INGRANDES-LE FRESNE SUR LOIRE,49,Non défini,1911.33,1908.05,64,64,-17.72,-13.76,9.71490541583676,0.68305969439769,136.0
49163,JARZE VILLAGES,49,Non défini,1609.0,1618.59,119,119,-22.65,-13.68,9.52691718767995,0.758984477280203,63.0
49167,LES GARENNES SUR LOIRE,49,Non défini,2689.71,2758.62,253,253,-3.45,-5.73,12.7586986451052,0.813909845254802,57.0
49176,LE LION D'ANGERS,49,Non défini,2540.46,2283.16,259,259,-5.76,-7.68,10.3967760231738,0.805108973277322,385.0
49180,LONGUE-JUMELLES,49,Non défini,2246.21,1633.33,468,468,-12.21,-6.02,8.86079256533657,0.767563220962644,303.0
49183,VAL D'ERDRE-AUXENCE,49,Non défini,1603.76,1666.67,330,330,-13.6,-14.39,9.21039179713306,0.68305969439769,118.0
49192,MAULEVRIER,49,Non défini,1795.38,1782.18,91,91,-20.58,-10.95,9.39046546746007,0.722046413567282,76.0
49193,LE MAY-SUR-EVRE,49,Non défini,1766.87,1743.9,155,155,21.95,-11.19,10.3011575240599,0.823606058618384,110.0
49194,MAZE-MILON,49,Non défini,2025.95,2033.64,269,269,-4.01,-4.58,11.4463325122279,0.665789369093165,121.0
49200,LONGUENEE-EN-ANJOU,49,Non défini,3105.47,2755.6,274,274,8.74,7.36,12.0703050968851,0.806991145079379,176.0
49201,LA MENITRE,49,Non défini,1650.43,1633.66,90,90,-29.54,-40.78,9.52691718767995,0.758984477280203,97.0
49214,MONTREUIL-JUIGNE,49,Non défini,2735.76,2643.68,158,158,-10.71,-15.14,13.1394456556799,0.806991145079379,223.0
49215,MONTREUIL-BELLAY,49,Non défini,2992.97,1808.26,290,290,29.58,11.78,8.13928443947753,0.747628328054562,289.0
49218,MONTREVAULT SUR EVRE,49,Non défini,1901.94,1679.87,1194,1194,-4.17,4.07,10.3137960153225,0.598851830907992,434.0
49220,MORANNES SUR SARTHE-DAUMERAY,49,Non défini,1573.98,1532.85,493,493,-6.67,5.32,9.44132194711483,0.724024249701667,31.0
49222,MOZE-SUR-LOUET,49,Non défini,2089.56,2010.54,110,110,-20.03,-28.91,11.9332601413378,0.781523670511631,56.0
49223,MURS-ERIGNE,49,Non défini,4497.62,2705.07,215,215,0.01,-4.63,13.7575823143381,0.781523670511631,346.0
49228,NOYANT-VILLAGES,49,Non défini,1161.46,1121.95,748,748,-3.83,-5.59,9.06792092966874,0.668490686885411,106.0
49241,PLESSIS-GRAMMOIRE (LE),49,Non défini,2324.51,2284.45,64,64,-20.21,-18.97,12.4772324870222,0.81433752095957,23.0
49244,MAUGES-SUR-LOIRE,49,Non défini,2369.34,1958.76,1115,1115,4.31,6.1,9.57143980032242,0.634802550924246,605.0
49246,LES PONTS DE CE,49,Non défini,3100.47,2778.02,365,365,-3.61,-10.81,13.6130324198881,0.813909845254802,752.0
49247,POSSONNIERE (LA),49,Non défini,2782.06,2615.89,158,158,-5.33,1.44,11.9332601413378,0.781523670511631,38.0
49248,OMBREE D'ANJOU,49,Non défini,1973.07,1285.88,812,812,6.62,-1.6,8.92749585763067,0.715361074217814,403.0
49259,ROCHEFORT-SUR-LOIRE,49,Non défini,2168.4,2319.51,150,150,-4.05,-15.82,10.5870720494048,0.770849478966478,107.0
49261,GENNES-VAL-DE-LOIRE,49,Non défini,2124.98,1882.26,599,599,-3.53,-3.63,9.05574920514999,0.767563220962644,260.0
49267,SAINT-BARTHELEMY-D ANJOU,49,Non défini,2888.15,2721.08,300,300,-2.92,-4.0,14.1511887743762,0.81433752095957,313.0
49269,SAINT-CHRISTOPHE-DU-BOIS,49,Non défini,2054.03,2045.45,83,83,-10.74,-0.8,11.6709526220045,0.685507592390753,9.0
49271,SAINT-CLEMENT-DE-LA-PLACE,49,Non défini,2850.21,2306.67,92,92,-10.88,6.76,11.6115996643094,0.806991145079379,72.0
49278,STE GEMMES SUR LOIRE,49,Non défini,3325.76,3072.72,166,166,-3.98,-6.05,13.4655457093742,0.813909845254802,167.0
49283,SAINT-GEORGES-SUR-LOIRE,49,Non défini,2457.92,2292.62,136,136,-2.42,-8.86,10.9129835001973,0.770849478966478,234.0
49292,VAL-DU-LAYON,49,Non défini,2033.16,2105.26,235,235,-1.14,27.23,11.1804583003729,0.770849478966478,75.0
49294,SAINT-LAMBERT-LA-POTHERIE,49,Non défini,2339.28,2409.48,165,165,-8.69,-14.69,10.7141858510741,0.779622540219481,38.0
49298,SAINT-LEGER-DE-LINIERES,49,Non défini,3599.94,2679.78,114,114,7.19,3.28,12.2394574965124,0.779622540219481,115.0
49299,SAINT-LEGER-SOUS-CHOLET,49,Non défini,2232.08,2347.67,53,53,-2.66,7.47,11.6709526220045,0.685507592390753,32.0
49301,SEVREMOINE,49,Non défini,1964.21,1947.37,1349,1349,-6.18,-7.27,10.7275891089713,0.685507592390753,383.0
49307,LOIRE-AUTHION,49,Non défini,2436.08,2301.28,597,597,-10.24,-7.95,11.3898085170548,0.665789369093165,341.0
49308,SAINT-MELAINE-SUR-AUBANCE,49,Non défini,2489.15,2430.94,85,85,-8.78,-27.54,12.7586986451052,0.813909845254802,65.0
49323,VERRIERES-EN-ANJOU,49,Non défini,2703.08,2469.53,287,287,-10.26,-7.17,13.1523868560818,0.81433752095957,184.0
49328,SAUMUR,49,Non défini,2962.71,2026.67,1412,1412,3.32,-1.71,10.4732129521137,0.745090559177057,5191.0
49331,SEGRE-EN-ANJOU BLEU,49,Non défini,1899.9,1699.3,927,927,11.19,2.58,9.776700978632,0.715361074217814,1069.0
49332,LA SEGUINIERE,49,Non défini,2145.74,2121.42,115,115,1.25,-4.85,11.6709526220045,0.685507592390753,43.0
49333,SEICHES-SUR-LE-LOIR,49,Non défini,2172.37,1830.21,131,131,-7.35,-12.15,10.2658314437419,0.758984477280203,163.0
49343,LA TESSOUALLE,49,Non défini,2328.52,2226.42,100,100,-0.42,11.32,10.6884830370247,0.823606058618384,28.0
49345,BELLEVIGNE-EN-LAYON,49,Non défini,3537.19,2186.81,1207,1207,6.14,8.32,11.0792495739994,0.744130732589205,119.0
49347,TIERCE,49,Non défini,2280.48,2222.22,188,188,-3.59,-4.76,11.3762760952997,0.830026672210452,291.0
49353,TRELAZE,49,Non défini,2543.31,2431.19,425,425,-2.84,-6.37,13.153454592983,0.796414086332662,832.0
49355,TREMENTINES,49,Non défini,2011.25,2070.2,95,95,8.38,4.22,9.39046546746007,0.722046413567282,52.0
49367,ERDRE-EN-ANJOU,49,Non défini,2055.34,1957.34,342,342,7.77,4.58,9.40612652772508,0.805108973277322,144.0
49373,LYS-HAUT-LAYON,49,Non défini,1598.7,1555.56,788,788,7.78,3.7,8.96061702201955,0.74248391949897,392.0
49377,RIVES-DU-LOIR-EN-ANJOU,49,Non défini,2302.53,2279.28,339,339,-2.48,-12.78,12.4772324870222,0.81433752095957,82.0
49378,VIVY,49,Non défini,1906.14,1799.72,220,220,-3.8,-5.06,8.82513583335657,0.767563220962644,66.0
50002,AGNEAUX,50,Non défini,2342.57,1874.16,181,181,4.86,11.86,11.5890919793585,0.669728382952731,326.0
50003,AGON-COUTAINVILLE,50,Non défini,4608.54,4277.44,169,169,2.05,26.05,12.1363888762367,0.669728382952731,118.0
50025,AVRANCHES,50,Non défini,2545.49,2212.87,400,400,-0.42,-3.54,11.0838689979048,0.754189980831299,1966.0
50031,BARNEVILLE-CARTERET,50,Non défini,3811.19,3571.43,219,219,-10.15,15.21,11.3140244889091,0.790366338904843,195.0
50041,LA HAGUE,50,Non défini,2657.21,2276.01,658,658,-24.89,-1.69,10.2289764227579,0.73038391788926,116.0
50066,JULLOUVILLE,50,Non défini,5268.51,3892.04,213,213,-4.09,33.44,12.3846915476989,0.763744743132222,42.0
50074,BRECEY,50,Non défini,2647.93,1888.89,211,211,49.31,38.89,9.3247367952766,0.671688180771881,109.0
50076,BREHAL,50,Non défini,3580.85,3264.81,179,179,13.3,30.59,12.3736675728736,0.752695275424402,132.0
50082,BRICQUEBEC-EN-COTENTIN,50,Non défini,1965.97,2119.39,460,460,22.94,-28.77,9.5710271602801,0.73038391788926,212.0
50087,BRIX,50,Non défini,3223.75,2656.25,205,205,36.11,45.29,11.0661757535863,0.792647736523097,11.0
50099,CARENTAN LES MARAIS,50,Non défini,1861.96,1694.21,682,682,-9.24,-0.87,10.3132959950221,0.756188975042335,443.0
50129,CHERBOURG-EN-COTENTIN,50,Non défini,3027.47,2343.11,2600,2600,-3.07,-2.11,12.608375135049,0.792647736523097,7011.0
50139,CONDE-SUR-VIRE,50,Non défini,1723.84,1740.35,234,234,19.11,11.19,9.5105439119778,0.669970413857761,40.0
50147,COUTANCES,50,Non défini,2801.08,2191.78,352,352,1.01,6.27,10.1340972073652,0.753224967100566,1461.0
50151,CREANCES,50,Non défini,2039.15,1963.98,112,112,17.17,13.56,9.56393056538318,0.709510587121276,24.0
50165,DONVILLE-LES-BAINS,50,Non défini,3653.66,3494.77,145,145,4.84,-0.84,14.2586679665002,0.752695275424402,186.0
50168,DUCEY LES CHERIS,50,Non défini,3498.91,2132.74,136,136,20.9,18.62,9.55939322043855,0.671416729250617,189.0
50197,GAVRAY-SUR-SIENNE,50,Non défini,1448.34,1452.9,187,187,-8.2,-17.22,8.47317423772614,0.727718839787105,69.0
50215,GOUVILLE-SUR-MER,50,Non défini,2423.16,2620.76,267,267,-4.7,6.61,9.56393056538318,0.709510587121276,44.0
50218,GRANVILLE,50,Non défini,4103.52,3636.36,756,756,-1.3,-3.03,12.5453637774759,0.763744743132222,1547.0
50236,LA HAYE,50,Non défini,1981.96,1749.7,351,351,-1.72,-4.41,9.44227437092324,0.709510587121276,255.0
50256,ISIGNY-LE-BUAT,50,Non défini,1809.72,1487.18,397,397,30.41,23.93,7.0924138927398,0.671688180771881,2.0
50267,LESSAY,50,Non défini,3134.16,2125.0,121,121,2.0,13.07,8.31767987459114,0.790366338904843,44.0
50292,MARIGNY-LE-LOZON,50,Non défini,2123.45,1803.38,241,241,8.2,17.69,9.43505087045323,0.709510587121276,140.0
50341,MONTEBOURG,50,Non défini,2668.13,2163.33,54,54,19.97,18.0,9.90699178169361,0.756188975042335,142.0
50359,MORTAIN-BOCAGE,50,Non défini,2780.52,1147.83,330,330,-15.99,-4.6,7.57042694269317,0.75319497307512,350.0
50391,GRANDPARIGNY,50,Non défini,4942.69,2417.58,251,251,71.92,53.29,7.59754176597119,0.75319497307512,81.0
50393,PERCY-EN-NORMANDIE,50,Non défini,1407.82,1337.14,176,176,-8.75,-1.94,8.47317423772614,0.727718839787105,86.0
50394,PERIERS,50,Non défini,1426.55,1157.89,111,111,-19.12,-14.33,8.49214896955222,0.790366338904843,213.0
50400,PICAUVILLE,50,Non défini,1819.98,1686.43,318,318,10.59,13.45,9.79262466518675,0.769716657808277,161.0
50402,LES PIEUX,50,Non défini,2422.23,2323.23,92,92,7.86,-7.74,9.7988723619775,0.73038391788926,81.0
50410,PONTORSON,50,Non défini,1787.05,1622.81,237,237,3.14,-17.23,9.89857596538437,0.722939077536553,370.0
50412,PORT-BAIL-SUR-MER,50,Non défini,2888.43,2689.83,288,288,-2.19,5.48,9.56393056538318,0.709510587121276,34.0
50419,QUETTREVILLE-SUR-SIENNE,50,Non défini,2363.5,2066.33,259,259,8.09,15.28,9.26503193421187,0.753224967100566,8.0
50444,SAINT-AMAND-VILLAGES,50,Non défini,1831.15,1584.16,219,219,-16.13,7.07,10.1965437077995,0.837735140486573,17.0
50484,SAINT-HILAIRE-DU-HARCOUET,50,Non défini,1885.88,1494.25,353,353,0.1,5.27,8.68495144166392,0.671688180771881,1098.0
50487,SAINT-JAMES,50,Non défini,2767.82,1533.0,324,324,6.07,23.26,9.04792667399463,0.671416729250617,254.0
50492,SAINT-JEAN-D'ELLE,50,Non défini,1705.37,1363.21,238,238,12.33,-9.55,9.5105439119778,0.669970413857761,40.0
50502,SAINT-LO,50,Non défini,2232.26,1666.67,819,819,-7.14,-2.48,10.8144729518487,0.811801713741854,3269.0
50523,SAINTE-MERE-EGLISE,50,Non défini,2836.63,1893.71,273,273,-18.54,-5.25,10.2862009665362,0.756188975042335,57.0
50532,SAINT-PAIR-SUR-MER,50,Non défini,4057.3,3680.56,303,303,4.56,-2.6,12.3460020115071,0.763744743132222,142.0
50546,BOURGVALLEES,50,Non défini,1524.91,1531.89,310,310,4.54,-13.05,9.70784458326963,0.811801713741854,22.0
50550,SAINT-SAUVEUR-VILLAGES,50,Non défini,1593.14,1277.78,296,296,5.38,-16.67,8.31767987459114,0.790366338904843,22.0
50551,SAINT-SAUVEUR-LE-VICOMTE,50,Non défini,1616.85,1746.03,93,93,16.4,16.85,9.79997820094453,0.769716657808277,129.0
50565,SARTILLY-BAIE-BOCAGE,50,Non défini,2508.15,2162.16,171,171,-13.51,-9.43,11.6955403645496,0.752695275424402,141.0
50582,SOURDEVAL,50,Non défini,1530.46,1263.3,471,471,-8.35,-2.76,7.86635552630803,0.758853972089669,127.0
50592,TESSY BOCAGE,50,Non défini,1527.87,1428.77,139,139,5.28,0.26,9.60156810986637,0.837735140486573,156.0
50601,TORIGNY-LES-VILLES,50,Non défini,1720.87,1612.9,357,357,-6.62,7.81,9.59845545978145,0.837735140486573,210.0
50615,VALOGNES,50,Non défini,3381.12,2456.52,283,283,-3.03,12.41,11.4854169870819,0.769716657808277,741.0
50639,VILLEDIEU-LES-POELES-ROUFFIGNY,50,Non défini,2089.04,1923.08,292,292,10.95,5.95,9.4428109729803,0.727718839787105,568.0
51030,AY-CHAMPAGNE,51,Non défini,1917.65,1704.62,326,326,-17.48,-20.72,10.0682164314417,0.75603452918562,383.0
51043,BAZANCOURT,51,Non défini,1971.44,2068.15,73,73,-1.15,-2.23,11.251341847278,0.871493435231845,20.0
51055,BETHENY,51,Non défini,2549.7,2468.75,270,270,2.25,-2.56,12.3638960725666,0.849303099840021,295.0
51058,BEZANNES,51,Non défini,3730.23,3645.1,108,108,17.58,4.29,13.9462723526165,0.933465444822865,1517.0
51108,CHALONS EN CHAMPAGNE,51,Non défini,2124.6,1632.54,1325,1325,1.45,-18.37,11.0898578879046,0.818323528498257,7455.0
51172,CORMONTREUIL,51,Non défini,2786.3,2587.69,156,156,-2.2,-5.21,13.5768073337255,0.919070740142957,467.0
51193,COURTISOLS,51,Non défini,1689.12,1720.43,91,91,10.34,-12.29,8.35426575345871,0.846706871566822,18.0
51217,DORMANS,51,Non défini,2486.6,2075.46,202,202,12.32,19.64,10.6806128983534,0.689338605927057,346.0
51230,EPERNAY,51,Non défini,2701.22,2000.0,915,915,-3.0,2.8,11.3507839012227,0.775425585512643,4407.0
51242,FAGNIERES,51,Non défini,1813.44,1726.52,82,82,1.01,-9.86,10.5209066704661,0.818323528498257,57.0
51248,FERE-CHAMPENOISE,51,Non défini,1695.62,1250.0,137,137,-4.36,-5.66,8.1510054290711,0.826804428303691,125.0
51250,FISMES,51,Non défini,2199.49,2027.96,186,186,18.42,10.47,10.6237172291957,0.816601732333161,474.0
51380,MONTMIRAIL,51,Non défini,2022.61,1645.83,148,148,10.85,2.78,9.0051401761445,0.684693993456778,402.0
51388,MOURMELON LE GRAND,51,Non défini,1918.71,1758.84,119,119,-11.75,-6.81,9.44863177528508,0.791206982407784,261.0
51391,MUIZON,51,Non défini,2142.47,2307.69,44,44,-8.58,-6.34,11.6860328322235,0.845821428529644,7.0
51454,REIMS,51,Non défini,3394.02,2702.82,6330,6330,-1.03,-7.01,13.0958538562695,0.845821428529644,46502.0
51474,SAINT-BRICE-COURCELLES,51,Non défini,2630.12,2421.46,82,82,-11.07,-9.84,12.6274507985435,0.845821428529644,158.0
51506,SAINT-MEMMIE,51,Non défini,1562.82,1544.44,140,140,-14.41,-21.9,11.6981073501905,0.846706871566822,243.0
51507,SAINTE MENEHOULD,51,Non défini,1362.9,1007.33,227,227,-15.13,-23.33,8.46571679397455,0.794089250908824,821.0
51525,SARRY,51,Non défini,2110.02,2006.9,46,46,0.35,-5.04,8.35426575345871,0.846706871566822,37.0
51535,SEZANNE,51,Non défini,1278.17,1223.91,141,141,-26.86,-9.85,9.38372658967901,0.769880718517073,707.0
51559,SUIPPES,51,Non défini,1367.89,1211.11,133,133,-11.9,-9.61,8.70121416021898,0.791206982407784,182.0
51562,TAISSY,51,Non défini,2613.77,2684.27,85,85,5.93,-2.37,10.9463594416083,0.919070740142957,34.0
51573,TINQUEUX,51,Non défini,2539.12,2272.73,280,280,-14.79,-12.05,13.7985626192369,0.914376366157364,646.0
51612,BLANCS-COTEAUX,51,Non défini,1942.33,1623.53,158,158,2.79,-12.85,9.2357767450715,0.826804428303691,228.0
51649,VITRY LE FRANCOIS,51,Non défini,1449.12,1123.19,344,344,-11.55,-7.05,8.96226399742496,0.727646907918764,1688.0
51660,WARMERIVILLE,51,Non défini,2268.27,2266.48,84,84,3.21,-8.69,11.251341847278,0.871493435231845,32.0
51662,WITRY-LES-REIMS,51,Non défini,2946.05,2415.73,113,113,-3.33,-4.4,13.6130237502666,0.871493435231845,208.0
52093,CHALINDREY,52,Non défini,2869.96,1222.39,92,92,16.67,3.06,8.68101258651543,0.66331475702681,149.0
52121,CHAUMONT,52,Non défini,1625.21,1443.18,593,593,-13.52,-8.53,9.38726526626144,0.7975146958249,4439.0
52182,ECLARON-BRAUCOURT-STE-LIVIERE,52,Non défini,1049.26,958.82,92,92,-43.97,-39.73,7.90640021114934,0.796384750851399,101.0
52194,EURVILLE-BIENVILLE,52,Non défini,1128.95,1015.87,122,122,-13.28,-21.25,7.71449744469868,0.796384750851399,115.0
52250,JOINVILLE,52,Non défini,1119.61,865.9,134,134,-23.31,-3.79,7.82650039800309,0.650694695335877,534.0
52269,LANGRES,52,Non défini,2627.97,1410.7,242,242,-9.2,-9.28,9.38458848788694,0.78870297140646,1802.0
52331,LA PORTE DU DER,52,Non défini,1234.27,1200.0,60,60,-6.79,-19.71,8.27029583161057,0.734351636097266,260.0
52353,NOGENT,52,Non défini,1587.81,1096.65,254,254,5.68,11.14,8.1047117694319,0.711740195938902,278.0
52448,SAINT-DIZIER,52,Non défini,1588.94,1275.0,933,933,-5.56,-10.75,10.0516598074895,0.707595674604684,3462.0
52550,WASSY,52,Non défini,1600.98,1450.0,79,79,29.67,56.28,7.83838569697382,0.734351636097266,322.0
53003,AMBRIERES-LES-VALLEES,53,Non défini,1255.59,1275.57,178,178,30.11,19.05,6.77597554644003,0.701139905488439,84.0
53005,ANDOUILLE,53,Non défini,1502.33,1447.12,102,102,-18.15,-1.86,8.39354639426419,0.810313222234191,198.0
53007,ARGENTRE,53,Non défini,1840.8,1941.22,116,116,16.2,0.94,9.44110065794446,0.797006395415339,74.0
53034,BONCHAMP LES LAVAL,53,Non défini,2345.57,2338.51,162,162,5.92,2.58,9.5458249626006,0.779797249365301,50.0
53054,CHANGE,53,Non défini,2439.5,2329.74,162,162,-6.71,1.73,12.0465946291827,0.779797249365301,263.0
53062,CHATEAU-GONTIER-SUR-MAYENNE,53,Non défini,2426.36,1982.52,778,778,1.39,3.53,10.6183444410186,0.770826057577472,1993.0
53077,COSSE LE VIVIEN,53,Non défini,1336.08,1360.0,166,166,-26.25,-22.29,8.48847188359807,0.831445913172218,154.0
53084,CRAON,53,Non défini,1759.75,1549.51,193,193,-5.88,10.68,9.90031651556452,0.660859803966419,462.0
53094,ENTRAMMES,53,Non défini,2177.09,1824.83,46,46,-15.37,-6.98,9.44110065794446,0.797006395415339,70.0
53096,ERNEE,53,Non défini,1624.32,1315.3,363,363,-8.88,-11.52,8.24414604576124,0.752265748777667,560.0
53097,EVRON,53,Non défini,1838.36,1533.77,338,338,-2.26,1.4,8.6407281341187,0.812186555321369,770.0
53103,LE GENEST-SAINT-ISLE,53,Non défini,1892.41,1984.22,108,108,2.66,7.87,9.40915470501182,0.836888741246552,37.0
53107,GORRON,53,Non défini,1248.8,1056.5,187,187,5.33,20.52,7.72096626877835,0.742161672361807,239.0
53119,L'HUISSERIE,53,Non défini,2201.74,2209.62,129,129,-4.99,-0.92,9.44110065794446,0.797006395415339,88.0
53127,LASSAY-LES-CHATEAUX,53,Non défini,1686.31,1266.06,256,256,5.86,11.71,6.77597554644003,0.701139905488439,94.0
53130,LAVAL,53,Non défini,3328.53,2262.53,1916,1916,-2.95,-3.03,11.1582732012419,0.831445913172218,12505.0
53137,LOIRON-RUILLE,53,Non défini,2201.89,1794.87,87,87,11.62,3.99,8.86661207544375,0.831445913172218,35.0
53140,LOUVERNE,53,Non défini,1924.69,1780.51,122,122,-18.08,-17.7,10.4054575842004,0.779797249365301,120.0
53147,MAYENNE,53,Non défini,2492.28,1760.02,443,443,1.69,2.29,10.1437736493946,0.730016341694737,2853.0
53152,MESLAY DU MAINE,53,Non défini,2100.14,1645.57,86,86,2.93,-3.46,8.00173826470102,0.696248002929464,392.0
53161,MONTSURS,53,Non défini,4249.21,1822.43,162,162,36.84,45.86,8.0727335303559,0.797006395415339,172.0
53185,PRE-EN-PAIL-SAINT-SAMSON,53,Non défini,1279.75,1037.14,274,274,-9.77,-11.43,7.27384879237127,0.597904672593706,119.0
53186,QUELAINES-SAINT-GAULT,53,Non défini,1440.05,1516.85,142,142,-7.47,0.8,8.84651493351982,0.660859803966419,57.0
53188,RENAZE,53,Non défini,1113.99,904.28,138,138,-23.4,-16.12,10.1334496288024,0.759023285305691,171.0
53201,SAINT-BERTHEVIN,53,Non défini,2278.99,2102.63,212,212,-3.51,-2.38,11.0706128416336,0.831445913172218,350.0
53247,SAINT-PIERRE-LA-COUR,53,Non défini,1826.65,1844.75,82,82,9.5,2.55,9.40915470501182,0.836888741246552,68.0
53271,VILLAINES LA JUHEL,53,Non défini,1163.96,1127.87,151,151,10.18,10.75,7.25545251515586,0.701139905488439,142.0
54028,AUBOUE,54,Non défini,1459.7,1357.53,116,116,-12.22,-10.04,10.5234341857794,0.731157014859637,367.0
54029,AUDUN-LE-ROMAN,54,Non défini,11126.74,16724.14,160,160,532.38,539.78,12.6276982156153,0.682747651078477,197.0
54039,BACCARAT,54,Non défini,2098.8,1374.89,261,261,-9.14,17.18,9.39558295223101,0.755840736403489,868.0
54076,BLAINVILLE-SUR-L EAU,54,Non défini,1899.85,1956.67,100,100,1.7,6.73,9.51129389969142,0.790952674106325,281.0
54079,BLENOD-LES-PONT-A-MOUSSON,54,Non défini,2084.54,1789.89,118,118,-9.51,-14.67,10.4276794090141,0.745655852002606,274.0
54090,BOUXIERES-AUX-DAMES,54,Non défini,2110.85,1948.98,93,93,-20.27,-11.16,11.0631704556163,0.778258783948721,219.0
54099,VAL DE BRIEY,54,Non défini,2245.64,1825.4,488,488,-1.9,-4.26,13.687945148535,0.787644125291451,999.0
54111,CHALIGNY,54,Non défini,1930.88,1794.52,105,105,-4.45,5.8,10.7759969203809,0.854534210217166,108.0
54115,CHAMPIGNEULLES,54,Non défini,2380.79,1990.74,179,179,5.72,-17.09,10.4435461195365,0.788098670523593,668.0
54116,CHANTEHEUX,54,Non défini,1507.39,1474.85,73,73,-17.22,-22.09,9.77814247902889,0.788851788931924,46.0
54136,CONFLANS-EN-JARNISY,54,Non défini,1541.9,1615.46,95,95,-11.67,-14.61,11.226856719521,0.731157014859637,138.0
54138,COSNES-ET-ROMAIN,54,Non défini,2897.69,2573.35,121,121,-2.55,-16.11,14.9371057547803,0.815080007643167,167.0
54150,CUSTINES,54,Non défini,1693.2,1696.67,77,77,-24.38,-16.12,11.3362023334618,0.757473275404194,162.0
54152,DAMELEVIERES,54,Non défini,3444.93,1758.53,106,106,5.29,-18.97,10.3070227901823,0.790952674106325,167.0
54157,DIEULOUARD,54,Non défini,1596.93,1563.99,224,224,-29.53,-8.13,9.85051356092727,0.818311198525298,369.0
54159,DOMBASLE-SUR-MEURTHE,54,Non défini,2755.66,1913.59,387,387,-0.46,-1.69,10.9250424736518,0.749338679367532,783.0
54174,ECROUVES,54,Non défini,1687.1,1595.74,264,264,-6.62,6.76,10.8852693552653,0.805147749247559,273.0
54184,ESSEY LES NANCY,54,Non défini,2284.36,2054.32,333,333,-5.9,-13.65,12.0869486401526,0.821666934596075,1382.0
54197,FLEVILLE-DEVANT-NANCY,54,Non défini,2275.52,2291.67,86,86,-17.65,-16.58,11.5390730988104,0.806927523278931,63.0
54205,FOUG,54,Non défini,2819.25,1716.42,307,307,31.5,15.0,8.84524873772305,0.806013516089234,213.0
54215,FROUARD,54,Non défini,1929.35,1714.29,292,292,-13.89,-13.82,10.6540724730013,0.757473275404194,885.0
54232,GONDREVILLE,54,Non défini,2428.61,2088.72,132,132,-6.96,-15.1,11.0448295630904,0.854534210217166,137.0
54234,GORCY,54,Non défini,2829.7,2707.75,106,106,-4.36,0.84,14.2727236355561,0.815080007643167,117.0
54254,HAUCOURT-MOULAINE,54,Non défini,2892.64,2643.92,110,110,9.72,6.21,13.1544032512267,0.820770360092605,49.0
54257,HEILLECOURT,54,Non défini,2729.08,2531.91,170,170,-6.59,-7.27,12.5789446367437,0.794255746021488,254.0
54261,HERSERANGE,54,Non défini,2385.62,2072.92,222,222,-1.66,1.27,13.3233879218705,0.729669283012605,193.0
54263,HOMECOURT,54,Non défini,1920.86,1641.1,363,363,-7.46,-10.08,10.4019596350637,0.701068865129787,789.0
54265,HOUDEMONT,54,Non défini,2345.93,2445.66,28,28,-9.62,-5.24,11.5962962640454,0.794255746021488,98.0
54270,HUSSIGNY-GODBRANGE,54,Non défini,2752.7,2967.03,170,170,0.26,14.21,14.8844455808445,0.729669283012605,167.0
54273,JARNY,54,Non défini,2304.49,1711.25,549,549,-5.8,-9.31,10.2362514956183,0.756525435011932,1209.0
54274,JARVILLE LA MALGRANGE,54,Non défini,2406.47,2038.76,299,299,-7.41,2.7,11.687670626417,0.806656808285111,1668.0
54280,JOEUF,54,Non défini,1539.34,1173.6,396,396,-13.33,-15.53,10.0041353974407,0.742055677252575,1159.0
54300,LANEUVEVILLE-DEVANT-NANCY,54,Non défini,2479.49,2305.88,166,166,-0.7,8.77,11.9750816844943,0.806927523278931,418.0
54304,LAXOU,54,Non défini,3423.49,2392.32,540,540,5.36,5.39,11.0924576915468,0.813177161074912,3203.0
54305,LAY-SAINT-CHRISTOPHE,54,Non défini,2768.08,2660.83,84,84,25.78,0.94,10.5571109779571,0.788098670523593,95.0
54314,LEXY,54,Non défini,3243.92,2913.42,107,107,5.95,6.27,15.7133319265834,0.755902498770829,168.0
54318,LIVERDUN,54,Non défini,1911.36,1788.53,275,275,-6.78,-10.94,11.0641869780439,0.773601374299082,212.0
54321,LONGLAVILLE,54,Non défini,3412.85,2586.71,98,98,2.9,-10.7,15.024972586894,0.788121222413562,160.0
54322,LONGUYON,54,Non défini,1846.87,1362.07,269,269,-9.85,-8.61,10.9481867723406,0.636811761582661,763.0
54323,LONGWY,54,Non défini,3075.28,2080.94,563,563,-5.61,-1.85,14.1386235545123,0.788121222413562,1372.0
54328,LUDRES,54,Non défini,2403.55,2358.55,149,149,-0.64,-8.2,11.806443326893,0.794255746021488,185.0
54329,LUNEVILLE,54,Non défini,1999.62,1448.72,845,845,-20.77,-22.69,9.58606996792681,0.76453414031361,4233.0
54339,MALZEVILLE,54,Non défini,2875.33,2069.81,387,387,5.21,-4.15,11.9563890354076,0.857703434410423,1053.0
54357,MAXEVILLE,54,Non défini,3568.68,2054.88,225,225,-6.48,3.64,11.7481190194333,0.802537304854783,1011.0
54367,MEXY,54,Non défini,2312.28,2182.12,99,99,-12.72,-11.43,13.3005423649617,0.729669283012605,33.0
54382,MONT SAINT MARTIN,54,Non défini,2906.63,2457.61,151,151,24.58,8.81,13.8541119484285,0.815080007643167,230.0
54395,NANCY,54,Non défini,3705.81,2476.47,6131,6131,-1.38,-4.12,12.1466580785291,0.855168027696491,57403.0
54397,NEUVES MAISONS,54,Non défini,1812.36,1675.67,261,261,-16.22,-12.55,11.1250504370556,0.81655027315347,671.0
54415,PAGNY SUR MOSELLE,54,Non défini,2410.88,2302.47,117,117,41.19,12.86,10.6660789302847,0.761989124611442,389.0
54425,PIENNES,54,Non défini,1675.05,1460.39,148,148,-18.87,9.53,10.3476384383402,0.674337384615387,265.0
54430,POMPEY,54,Non défini,1852.08,1823.44,100,100,8.3,4.68,10.998146336026,0.773601374299082,615.0
54431,PONT A MOUSSON,54,Non défini,3293.67,2058.82,458,458,-1.25,16.49,10.4987419297692,0.828222993353515,2988.0
54439,PULNOY,54,Non défini,2283.26,2250.94,123,123,-9.2,-7.33,13.6752004737187,0.790784531642576,142.0
54451,REHON,54,Non défini,2447.92,1950.0,216,216,-10.46,-9.91,13.7838376688394,0.755902498770829,325.0
54459,RICHARDMENIL,54,Non défini,2197.39,2250.6,57,57,-3.55,0.4,11.5962962640454,0.794255746021488,78.0
54462,ROSIERES-AUX-SALINES,54,Non défini,2388.1,2097.06,145,145,19.15,2.3,9.64636036724995,0.784942256305262,364.0
54482,SAINT MAX,54,Non défini,3163.25,2086.18,609,609,12.58,-0.91,12.1388585262095,0.814018182509321,2005.0
54483,SAINT-NICOLAS-DE-PORT,54,Non défini,3053.75,2062.95,284,284,9.81,17.21,9.62894486283924,0.791831087106293,1476.0
54493,SAULNES,54,Non défini,2066.94,2000.0,86,86,-2.07,-8.3,13.3005423649617,0.729669283012605,61.0
54495,SAULXURES-LES-NANCY,54,Non défini,2384.58,2202.0,148,148,-7.17,-3.79,13.729451709158,0.823595080199762,93.0
54498,SEICHAMPS,54,Non défini,2619.56,2335.35,114,114,-4.37,0.23,9.44194074131337,0.821666934596075,55.0
54526,TOMBLAINE,54,Non défini,2223.25,2161.92,337,337,-6.19,-7.11,14.1278268992625,0.823595080199762,624.0
54528,TOUL,54,Non défini,2163.66,1711.86,724,724,-1.78,14.12,9.6362695277514,0.806013516089234,3188.0
54533,TRIEUX,54,Non défini,2114.99,2252.38,95,95,-23.11,-2.6,10.1215360000096,0.764943500895466,102.0
54536,TUCQUEGNIEUX,54,Non défini,1745.5,1447.37,90,90,13.56,-25.1,10.7014044382348,0.674337384615387,121.0
54542,VALLEROY,54,Non défini,1687.38,1545.87,88,88,-27.71,-24.74,11.0541684841127,0.731157014859637,177.0
54547,VANDOEUVRE LES NANCY,54,Non défini,2186.41,2000.0,978,978,3.19,0.0,12.0088645691456,0.869866210529579,6748.0
54549,VARANGEVILLE,54,Non défini,1756.82,1755.36,167,167,4.31,-3.45,10.328585111063,0.784942256305262,605.0
54557,BOIS-DE-HAYE,54,Non défini,2559.31,2355.99,55,55,-17.0,-13.69,9.66574213117807,0.813177161074912,51.0
54578,VILLERS LES NANCY,54,Non défini,2369.36,2134.92,491,491,-5.42,-9.11,13.2276844045544,0.854534210217166,2778.0
54580,VILLERUPT,54,Non défini,2718.55,2554.88,807,807,-5.18,-11.43,14.1662553863575,0.710952692137326,455.0
55010,ANCERVILLE,55,Non défini,1521.14,1349.06,239,239,21.64,-4.3,8.44293751883371,0.707595674604684,118.0
55029,BAR LE DUC,55,Non défini,1998.88,1288.66,569,569,-4.76,-5.75,8.8066004690879,0.752642821816069,4105.0
55043,BELLEVILLE SUR MEUSE,55,Non défini,1785.45,1291.67,146,146,-6.73,-14.87,11.9408253718494,0.802650382659503,198.0
55063,BOULIGNY,55,Non défini,1230.4,1178.57,168,168,-8.92,-25.38,10.0275332358766,0.674337384615387,121.0
55122,COMMERCY,55,Non défini,1523.69,1074.07,203,203,-29.07,-39.31,8.2311798580404,0.728962913977194,1176.0
55181,ETAIN,55,Non défini,1954.47,1434.62,143,143,37.87,12.8,8.85580419751224,0.817078646855943,381.0
55186,FAINS-VEEL,55,Non défini,1330.75,1250.0,77,77,-24.36,0.69,7.75932168556599,0.752642821816069,80.0
55291,LIGNY EN BARROIS,55,Non défini,1275.51,876.79,167,167,-12.19,-14.66,7.95310415723461,0.711213239394357,755.0
55351,MONTMEDY,55,Non défini,1810.3,1732.03,113,113,-8.3,15.47,10.5365542163825,0.765147067791334,315.0
55427,REVIGNY SUR ORNAIN,55,Non défini,1603.48,1217.39,143,143,12.72,5.53,7.43689825947176,0.732057756111803,302.0
55463,ST MIHIEL,55,Non défini,979.42,818.18,304,304,-5.84,-36.71,7.84219942809457,0.790202113410923,574.0
55502,STENAY,55,Non défini,3202.7,845.07,222,222,-34.51,1.12,8.05383060889222,0.737120241402338,336.0
55505,THIERVILLE SUR MEUSE,55,Non défini,1457.01,1323.23,47,47,-34.1,-17.87,12.0076819691227,0.802650382659503,199.0
55545,VERDUN,55,Non défini,3201.05,1750.0,825,825,-4.33,-0.58,9.27778144423235,0.79557973156203,4183.0
56001,ALLAIRE,56,Non défini,2046.85,1967.21,216,216,4.37,-7.51,10.4506227334286,0.829237572751807,133.0
56002,AMBON,56,Non défini,5704.81,3152.17,226,226,15.68,2.08,12.1663964663772,0.787728267896502,41.0
56003,ARRADON,56,Non défini,5359.8,5000.0,205,205,3.26,9.26,14.5539885599087,0.774773255889017,190.0
56005,ARZON,56,Non défini,5774.87,5333.33,344,344,-1.9,2.86,13.327733069403,0.784143198871511,88.0
56007,AURAY,56,Non défini,4168.84,3705.88,580,580,1.07,1.93,13.813133636572,0.841807454481918,1967.0
56008,BADEN,56,Non défini,5205.0,4657.32,226,226,-3.63,1.27,13.294006719421,0.774773255889017,69.0
56010,BAUD,56,Non défini,2266.15,2203.7,287,287,-5.96,-0.04,11.2395673391542,0.757433040583134,380.0
56013,BELZ,56,Non défini,3798.4,3600.0,246,246,-2.94,-1.46,13.1972101876349,0.816563354079378,159.0
56015,BERRIC,56,Non défini,2538.67,2552.73,72,72,-19.33,7.14,10.8655299763354,0.788929046328128,40.0
56017,BIGNAN,56,Non défini,2685.99,2117.15,132,132,-0.37,-2.62,10.526592751957,0.757433040583134,67.0
56023,BRECH,56,Non défini,3143.42,3111.85,258,258,-4.11,-5.42,12.6812248731547,0.816563354079378,148.0
56024,BREHAN,56,Non défini,2222.67,1527.78,169,169,-7.88,-5.5,8.59297888633023,0.758156399891194,31.0
56026,BUBRY,56,Non défini,2000.64,1516.85,340,340,-15.04,-4.1,10.7462057597935,0.768302979697574,48.0
56031,CAMORS,56,Non défini,3738.87,2469.51,239,239,7.69,18.97,10.526592751957,0.757433040583134,57.0
56033,CARENTOIR,56,Non défini,1613.88,1502.2,287,287,-13.37,-6.99,9.54417423549447,0.813839708276334,95.0
56034,CARNAC,56,Non défini,6276.15,5882.35,601,601,-0.45,1.81,14.3580003294541,0.714986939107082,249.0
56036,CAUDAN,56,Non défini,2543.58,2586.21,276,276,-1.56,0.28,12.6875408152786,0.810374667994487,248.0
56040,CLEGUER,56,Non défini,2239.1,2058.82,123,123,-4.19,-8.5,11.7397413649986,0.747224849206305,50.0
56041,CLEGUEREC,56,Non défini,1655.14,1386.75,206,206,-12.63,-13.33,12.8651146348987,0.722836679469246,121.0
56042,COLPO,56,Non défini,3074.36,2682.93,126,126,15.95,-6.1,11.0270311804455,0.795566543335937,59.0
56046,CRACH,56,Non défini,5147.71,4270.83,170,170,-8.48,5.64,13.7211664070607,0.841807454481918,75.0
56053,ELVEN,56,Non défini,2388.73,2578.12,301,301,-7.05,-7.68,11.8698853605904,0.788929046328128,213.0
56054,ERDEVEN,56,Non défini,4379.01,3950.67,278,278,-4.82,2.41,12.838219141401,0.816563354079378,97.0
56055,ETEL,56,Non défini,4207.04,4043.85,139,139,-1.27,12.35,13.4710852979924,0.816563354079378,135.0
56057,LE FAOUET,56,Non défini,1648.94,1625.15,261,261,-6.3,1.29,11.671531190253,0.764162173682459,137.0
56058,FEREL,56,Non défini,2575.39,2415.18,248,248,-5.81,-7.23,11.982131807201,0.799490288786645,39.0
56061,LA GACILLY,56,Non défini,1720.53,1693.15,293,293,-0.4,-7.51,10.4675719462225,0.813839708276334,169.0
56063,GESTEL,56,Non défini,2622.37,2615.03,48,48,-4.03,-6.16,11.45956319019,0.758758302367239,37.0
56066,GOURIN,56,Non défini,1736.46,1421.07,238,238,16.27,-0.3,11.3202076611947,0.764162173682459,271.0
56067,GRANDCHAMP,56,Non défini,2922.32,2536.23,274,274,-12.87,-11.23,11.0270311804455,0.795566543335937,96.0
56069,GROIX,56,Non défini,4421.61,4567.9,115,115,-9.56,0.47,14.2560400166161,0.783802204596769,4.0
56070,GUEGON,56,Non défini,1366.51,1376.43,252,252,-17.0,10.11,9.00567113363262,0.774374384408368,37.0
56075,GUER,56,Non défini,2311.73,2008.33,368,368,6.64,6.38,8.72249641509731,0.812870563494835,410.0
56078,GUIDEL,56,Non défini,3999.02,3648.14,377,377,-6.38,2.29,12.6437952495734,0.758758302367239,439.0
56081,GUISCRIFF,56,Non défini,1360.53,1354.17,347,347,19.41,4.64,10.4439654047294,0.764162173682459,22.0
56083,HENNEBONT,56,Non défini,2646.35,2508.86,632,632,-6.16,-3.66,12.8230652531199,0.810374667994487,1568.0
56089,INGUINIEL,56,Non défini,2411.6,1805.56,133,133,-0.96,-8.09,9.55492655914776,0.794518253363095,41.0
56090,INZINZAC-LOCHRIST,56,Non défini,2338.69,2245.33,241,241,-8.0,-5.28,12.370728587375,0.810374667994487,169.0
56091,JOSSELIN,56,Non défini,3136.15,1851.58,114,114,-7.42,-10.41,10.0540621824472,0.774374384408368,169.0
56094,KERVIGNAC,56,Non défini,2867.1,3042.34,193,193,0.11,1.84,12.8282925104078,0.810374667994487,135.0
56096,LANDAUL,56,Non défini,3023.96,2890.17,58,58,0.77,6.36,13.3402384531499,0.789748703951481,43.0
56097,LANDEVANT,56,Non défini,3125.99,2785.6,134,134,3.13,3.6,13.204683649808,0.789748703951481,119.0
56098,LANESTER,56,Non défini,2593.41,2463.77,544,544,-3.13,-1.45,13.2212995705591,0.840832236511841,1675.0
56101,LANGUIDIC,56,Non défini,2880.33,2272.73,404,404,-1.85,2.87,11.8855331292876,0.768302979697574,301.0
56102,FORGES DE LANOUEE,56,Non défini,1720.92,1544.12,190,190,-14.28,10.3,9.00567113363262,0.774374384408368,27.0
56107,LARMOR-PLAGE,56,Non défini,5271.96,4490.74,297,297,-3.05,-4.33,14.9946213569326,0.783802204596769,436.0
56117,LOCMINE,56,Non défini,2268.36,2000.0,339,339,-21.82,-6.18,11.7090437595306,0.784966547485623,600.0
56118,LOCMIQUELIC,56,Non défini,3368.29,3031.54,143,143,-9.17,6.5,14.1324971353229,0.789748703951481,115.0
56119,LOCOAL-MENDON,56,Non défini,3430.42,3434.34,105,105,-10.71,-18.87,12.838219141401,0.816563354079378,50.0
56121,LORIENT,56,Non défini,2976.42,2657.24,2101,2101,-8.34,-0.8,13.3699035703576,0.840832236511841,10965.0
56123,MALANSAC,56,Non défini,1863.03,1958.33,131,131,4.33,2.58,10.2385107180402,0.829237572751807,21.0
56124,MALESTROIT,56,Non défini,2749.11,2040.09,119,119,-10.44,-3.56,11.1287262616511,0.758074228452712,199.0
56126,MARZAN,56,Non défini,2123.78,1937.5,146,146,-37.97,-25.43,10.2385107180402,0.829237572751807,26.0
56127,MAURON,56,Non défini,1831.23,1550.0,477,477,5.1,11.64,10.3810838932964,0.768380548519088,177.0
56130,MERLEVENEZ,56,Non défini,2740.03,2626.13,126,126,-11.62,-1.76,13.3402384531499,0.789748703951481,76.0
56132,MEUCON,56,Non défini,3582.69,3136.36,88,88,13.59,3.89,12.3242758877129,0.816362291481863,81.0
56137,MONTERBLANC,56,Non défini,2901.2,2665.15,126,126,-2.8,-7.79,12.3242758877129,0.816362291481863,31.0
56140,MOREAC,56,Non défini,2548.41,1925.67,157,157,15.54,7.37,9.96897139374315,0.784966547485623,77.0
56143,MUZILLAC,56,Non défini,4017.66,2978.58,285,285,-2.34,1.37,12.0041635115873,0.787728267896502,243.0
56144,EVELLYS,56,Non défini,2042.44,1884.82,257,257,27.09,39.31,10.526592751957,0.757433040583134,90.0
56147,NIVILLAC,56,Non défini,2472.41,2226.27,359,359,-7.17,2.05,11.982131807201,0.799490288786645,42.0
56149,NOYAL-MUZILLAC,56,Non défini,2424.98,2308.51,200,200,-7.55,-15.83,10.8655299763354,0.788929046328128,37.0
56151,NOYAL-PONTIVY,56,Non défini,1431.94,1525.77,197,197,-2.39,-7.5,13.6321573149812,0.722836679469246,40.0
56152,LE PALAIS,56,Non défini,6500.86,5587.74,154,154,19.35,35.56,14.6490766795088,0.714986939107082,30.0
56153,PEAULE,56,Non défini,2183.86,2197.32,265,265,5.99,-10.73,10.2385107180402,0.829237572751807,48.0
56155,PENESTIN,56,Non défini,3535.51,3330.43,219,219,-7.7,-6.82,12.1663964663772,0.787728267896502,44.0
56158,PLESCOP,56,Non défini,3335.26,3264.53,257,257,-6.73,-3.25,12.5083273128124,0.795566543335937,595.0
56161,PLOEMEL,56,Non défini,3815.62,3384.62,222,222,-8.54,-2.52,12.838219141401,0.816563354079378,34.0
56162,PLOEMEUR,56,Non défini,4214.22,3604.17,702,702,-4.36,-2.01,14.0881130684501,0.783802204596769,688.0
56164,PLOEREN,56,Non défini,3857.56,3384.1,286,286,-4.52,0.27,13.2983945390143,0.774773255889017,330.0
56165,PLOERMEL,56,Non défini,2956.95,2338.79,580,580,8.3,10.44,11.611125312418,0.763996081439703,1063.0
56166,PLOUAY,56,Non défini,1820.21,1531.44,310,310,-29.12,-37.5,11.4847434988316,0.794518253363095,399.0
56167,PLOUGOUMELEN,56,Non défini,4078.99,3595.51,154,154,21.41,15.57,13.294006719421,0.774773255889017,40.0
56168,PLOUHARNEL,56,Non défini,4904.78,4545.45,114,114,1.73,21.9,14.6490766795088,0.714986939107082,45.0
56169,PLOUHINEC,56,Non défini,4396.72,3505.0,276,276,1.93,-8.69,13.5135742933673,0.816563354079378,122.0
56172,PLUMELEC,56,Non défini,1891.89,1851.85,296,296,-17.7,-6.72,11.0270311804455,0.795566543335937,53.0
56173,PLUMELIAU-BIEUZY,56,Non défini,2366.54,2023.81,281,281,14.44,22.7,13.7533083171391,0.722836679469246,117.0
56174,PLUMELIN,56,Non défini,2541.21,2043.15,85,85,10.15,-6.45,10.526592751957,0.757433040583134,9.0
56175,PLUMERGAT,56,Non défini,2544.09,2548.17,136,136,-21.88,-16.13,12.838219141401,0.816563354079378,51.0
56176,PLUNERET,56,Non défini,3116.82,3197.22,226,226,-0.53,2.39,13.2297444412894,0.841807454481918,135.0
56177,PLUVIGNER,56,Non défini,3150.6,2537.16,357,357,3.07,-9.73,11.9258892908915,0.768302979697574,284.0
56178,PONTIVY,56,Non défini,3078.66,1866.69,643,643,-2.26,1.33,11.4680653409986,0.810630180383869,2499.0
56179,PONT-SCORFF,56,Non défini,2904.04,2968.21,136,136,5.46,26.15,12.199690884773,0.747224849206305,105.0
56181,PORT-LOUIS,56,Non défini,3898.4,3500.0,109,109,-6.67,-2.18,14.8733159996127,0.789748703951481,126.0
56184,QUESTEMBERT,56,Non défini,2390.05,2268.91,459,459,-11.46,-9.24,11.5161236035538,0.758074228452712,455.0
56185,QUEVEN,56,Non défini,2917.44,2685.91,215,215,-5.07,3.87,12.9416255260361,0.747224849206305,248.0
56186,QUIBERON,56,Non défini,5746.15,5463.19,549,549,-0.92,-0.85,14.8214707657373,0.714986939107082,230.0
56193,RIANTEC,56,Non défini,3357.51,3037.47,217,217,-8.29,3.5,13.3402384531499,0.789748703951481,99.0
56194,RIEUX,56,Non défini,1669.25,1771.98,143,143,-1.56,-5.49,10.2385107180402,0.829237572751807,54.0
56197,VAL D'OUST,56,Non défini,1933.29,1739.13,103,103,-10.37,-12.02,10.2922767670614,0.758074228452712,52.0
56206,SAINT-AVE,56,Non défini,6407.75,3500.0,488,488,3.06,5.72,14.3012424171336,0.816362291481863,629.0
56212,SAINT-DOLAY,56,Non défini,2133.73,1932.47,245,245,-7.04,-5.01,10.2385107180402,0.829237572751807,13.0
56222,SAINT-JEAN-BREVELAY,56,Non défini,1975.29,2000.0,217,217,-12.0,-12.4,10.8697768153118,0.774374384408368,127.0
56231,SAINT-NOLFF,56,Non défini,3218.27,2708.33,168,168,-2.43,0.83,10.8655299763354,0.788929046328128,61.0
56234,SAINT-PIERRE-QUIBERON,56,Non défini,5773.82,5698.05,209,209,14.14,5.66,14.6490766795088,0.714986939107082,53.0
56240,SARZEAU,56,Non défini,4829.29,4487.95,646,646,-3.67,3.22,13.4499357226353,0.784143198871511,429.0
56243,SENE,56,Non défini,4427.68,3936.17,336,336,2.77,-3.0,13.7294230815034,0.865445355264317,583.0
56244,SERENT,56,Non défini,2258.65,2067.44,212,212,11.32,4.96,11.0270311804455,0.795566543335937,22.0
56246,LE SOURN,56,Non défini,1678.82,1707.32,53,53,-21.07,-12.76,13.6321573149812,0.722836679469246,55.0
56247,SULNIAC,56,Non défini,2394.03,2465.12,167,167,-5.29,-22.04,10.8655299763354,0.788929046328128,49.0
56248,SURZUR,56,Non défini,3456.72,3030.0,145,145,-7.57,-6.16,12.1663964663772,0.787728267896502,81.0
56249,TAUPONT,56,Non défini,1858.52,1906.47,347,347,7.24,10.42,9.00567113363262,0.774374384408368,34.0
56251,THEIX-NOYALO,56,Non défini,3791.95,3371.66,260,260,-7.28,-0.38,12.8177560222358,0.859861465775335,309.0
56255,TREFFLEAN,56,Non défini,2548.66,2638.66,127,127,-2.79,-7.86,10.8655299763354,0.788929046328128,60.0
56260,VANNES,56,Non défini,4231.37,3949.72,2494,2494,-4.17,-0.14,14.0509303653539,0.859861465775335,9675.0
56262,LE BONO,56,Non défini,4579.21,4311.87,96,96,-2.16,7.8,13.7211664070607,0.841807454481918,51.0
56263,SAINTE-ANNE-D'AURAY,56,Non défini,3267.89,2989.69,75,75,-13.78,-5.78,12.4832750117611,0.816563354079378,151.0
58059,LA CHARITE-SUR-LOIRE,58,Non défini,1330.43,1278.87,238,238,-4.93,5.05,8.95079371572385,0.807276327742392,748.0
58079,CLAMECY,58,Non défini,1387.33,950.48,231,231,24.92,-23.96,7.26660103902068,0.726221797658127,775.0
58086,COSNE-COURS-SUR-LOIRE,58,Non défini,1551.69,1266.67,702,702,-7.11,-10.83,9.13276271394719,0.714950688489393,1613.0
58088,COULANGES LES NEVERS,58,Non défini,1480.32,1391.71,121,121,-5.13,-5.89,9.12597074866818,0.773902104704631,90.0
58095,DECIZE,58,Non défini,1092.11,937.5,296,296,-24.28,-11.18,9.02845588589788,0.74784434687225,1109.0
58117,FOURCHAMBAULT,58,Non défini,1538.4,1178.34,176,176,-19.31,-36.81,8.904996838851,0.649153923148716,1004.0
58121,GARCHIZY,58,Non défini,1167.76,1072.7,163,163,-20.13,-18.06,9.459510912688,0.730410393385842,223.0
58131,GUERIGNY,58,Non défini,2037.12,1402.79,119,119,1.41,-6.38,9.15547800537907,0.771085845476636,159.0
58134,IMPHY,58,Non défini,1083.6,850.65,143,143,9.9,-16.29,8.83755274128533,0.674601814070907,300.0
58151,LA MACHINE,58,Non défini,1058.62,921.0,184,184,15.12,1.31,8.36157343548784,0.674601814070907,209.0
58160,MARZY,58,Non défini,1554.57,1507.94,84,84,-23.41,-13.12,10.3831926412465,0.773902104704631,139.0
58194,NEVERS,58,Non défini,2186.21,1353.27,2020,2020,0.53,0.3,10.0482443147238,0.767427166745906,8554.0
58214,POUGUES LES EAUX,58,Non défini,1745.74,1453.37,115,115,-10.72,7.66,8.80095802422419,0.807276327742392,233.0
58238,SAINT ELOI,58,Non défini,1603.69,1520.41,80,80,20.92,8.1,9.12597074866818,0.773902104704631,36.0
58303,VARENNES-VAUZELLES,58,Non défini,1659.06,1517.3,287,287,-2.42,5.22,10.0454637461161,0.767427166745906,356.0
59002,ABSCON,59,Non défini,1347.6,993.68,127,127,-20.13,-36.84,10.6726826992656,0.704542128994272,209.0
59005,ALLENNES-LES-MARAIS,59,Non défini,2408.74,2267.1,62,62,13.35,-10.49,12.4070216019026,0.698551183118359,75.0
59008,ANICHE,59,Non défini,2144.44,1416.67,301,301,6.56,11.81,10.9987891933226,0.681158453251505,627.0
59009,VILLENEUVE-D'ASCQ,59,Non défini,3486.15,2893.8,1603,1603,-3.54,-5.93,14.328022637695,0.852889016734224,4118.0
59011,ANNOEULLIN,59,Non défini,2396.11,2182.59,200,200,-14.2,-14.68,12.3371539521,0.769752201823426,791.0
59012,ANOR,59,Non défini,1747.8,1608.5,118,118,30.06,80.42,8.12919899717299,0.689702816299391,54.0
59014,ANZIN,59,Non défini,2694.75,1468.09,403,403,12.16,-7.7,11.0432482760964,0.796339726717584,1411.0
59015,ARLEUX,59,Non défini,1600.33,1564.89,152,152,-1.3,-3.98,11.4581429192063,0.705269592804186,41.0
59016,ARMBOUTS-CAPPEL,59,Non défini,3888.39,2597.75,73,73,31.33,20.66,11.5697846251224,0.751217775852292,1.0
59017,ARMENTIERES,59,Non défini,3131.78,2152.34,891,891,5.96,0.21,12.8023242162585,0.795708703994815,4668.0
59022,ATTICHES,59,Non défini,2561.81,2649.25,51,51,2.37,-3.86,12.4925036581135,0.676303308724928,10.0
59024,AUBERCHICOURT,59,Non défini,1389.24,1285.44,127,127,-8.03,-11.51,11.2054731868762,0.738996603839608,54.0
59028,AUBY,59,Non défini,1530.68,1362.18,203,203,3.88,-22.93,11.1983027576409,0.765985009223488,65.0
59032,AULNOY-LEZ-VALENCIENNES,59,Non défini,2516.04,1982.39,203,203,7.22,7.16,10.811212675809,0.751523303293237,389.0
59033,AULNOYE-AYMERIES,59,Non défini,2497.41,1489.13,332,332,-5.75,8.44,9.94303218883609,0.738364730200245,371.0
59034,AVELIN,59,Non défini,2946.68,2603.45,69,69,-15.75,-17.79,14.0690969699665,0.820953831500567,111.0
59035,AVESNELLES,59,Non défini,2152.29,2202.38,170,170,75.41,53.38,10.1783044993667,0.695806936033074,191.0
59036,AVESNES-SUR-HELPE,59,Non défini,3404.23,2045.68,245,245,20.93,32.69,8.99510622836515,0.683803304236787,1282.0
59037,AVESNES-LES-AUBERT,59,Non défini,1310.17,1162.16,193,193,-1.26,2.02,9.45003105102493,0.751152866232746,74.0
59041,BACHANT,59,Non défini,1423.29,1257.8,76,76,-23.66,-13.12,10.3205705411563,0.719156707156256,12.0
59043,BAILLEUL,59,Non défini,2710.79,2451.68,433,433,-6.56,-3.1,12.5016730455656,0.795493523697294,1602.0
59044,BAISIEUX,59,Non défini,2893.92,2902.77,151,151,-2.48,-14.24,13.5015214406527,0.798371901857515,300.0
59051,LA BASSEE,59,Non défini,2096.99,1794.19,286,286,-11.48,-16.37,12.0143021776935,0.741237469225004,784.0
59052,BAUVIN,59,Non défini,2031.66,2003.13,139,139,3.8,-7.63,11.5675753062351,0.769752201823426,173.0
59053,BAVAY,59,Non défini,1602.41,1500.0,148,148,-10.67,22.45,10.0154394930246,0.773484482706535,228.0
59067,BERGUES,59,Non défini,2816.49,2594.4,81,81,28.95,29.43,13.655578588847,0.665992468350187,585.0
59068,BERLAIMONT,59,Non défini,2698.68,1428.57,135,135,4.6,11.24,10.003935733201,0.773484482706535,149.0
59071,BERSEE,59,Non défini,2360.66,2291.14,84,84,-26.86,-22.01,12.1715079552459,0.830846460527456,104.0
59074,BERTRY,59,Non défini,1206.01,1185.19,99,99,16.15,-3.34,9.08463522382124,0.716956865146566,16.0
59079,BEUVRAGES,59,Non défini,1624.74,1363.64,308,308,-15.21,-4.16,11.2065658534512,0.69292595850154,161.0
59080,BEUVRY-LA-FORET,59,Non défini,2505.98,2279.89,124,124,-7.81,-8.14,12.6389636329944,0.778267452103032,53.0
59084,BLARINGHEM,59,Non défini,1871.27,1828.25,59,59,-20.16,9.69,10.6953850773904,0.76798737635176,13.0
59086,BOESCHEPE,59,Non défini,2307.68,2061.8,106,106,-9.63,-11.79,11.2256041435731,0.814828555883751,23.0
59090,BONDUES,59,Non défini,5131.91,4431.82,374,374,0.29,1.24,14.9435778562492,0.87499307020935,271.0
59092,BOUCHAIN,59,Non défini,1578.93,1560.3,150,150,1.21,0.26,11.0370731352248,0.704542128994272,156.0
59094,BOURBOURG,59,Non défini,2555.18,1802.97,297,297,5.66,-6.25,10.5932188528833,0.728246748212783,587.0
59098,BOUSBECQUE,59,Non défini,2799.91,2692.31,120,120,-4.98,3.61,12.872955069941,0.801049765013588,184.0
59104,BOUSSOIS,59,Non défini,1589.5,1274.51,118,118,12.8,37.26,11.5393441994101,0.640366666621193,21.0
59107,BRAY-DUNES,59,Non défini,3223.12,2994.03,301,301,2.15,-4.42,14.3512672295012,0.634957976156482,179.0
59112,BRUAY SUR L ESCAUT,59,Non défini,1408.68,1230.77,368,368,-15.31,-17.95,10.8099524925901,0.69292595850154,331.0
59118,BUSIGNY,59,Non défini,1829.14,887.85,136,136,-18.57,-31.2,8.89594705091266,0.716956865146566,100.0
59120,CAESTRE,59,Non défini,1969.79,1886.23,59,59,-15.23,-16.51,11.157401329646,0.795493523697294,57.0
59122,CAMBRAI,59,Non défini,2811.55,1673.08,1393,1393,-2.4,-2.01,11.0079113625256,0.783896775747009,7536.0
59124,CAMPHIN-EN-PEVELE,59,Non défini,4367.74,3840.8,49,49,24.25,14.09,13.8523745488427,0.798371901857515,68.0
59128,CAPINGHEM,59,Non défini,3194.28,3214.29,58,58,-0.44,10.34,14.3631939125476,0.818142486718536,676.0
59129,CAPPELLE-EN-PEVELE,59,Non défini,2898.96,2891.5,47,47,-4.67,2.24,12.880161557266,0.830846460527456,69.0
59131,CAPPELLE-LA-GRANDE,59,Non défini,1924.79,1804.58,212,212,-2.75,-0.75,11.5697846251224,0.751217775852292,32.0
59135,CASSEL,59,Non défini,2165.04,2343.75,102,102,13.16,1.04,11.0364815445624,0.814828555883751,157.0
59136,LE CATEAU CAMBRESIS,59,Non défini,1666.93,1048.44,236,236,18.23,-2.57,9.40426494059223,0.622116611616074,765.0
59139,CAUDRY,59,Non défini,1443.77,1053.48,473,473,-12.21,-19.87,10.1126749582867,0.725732685137863,1639.0
59143,LA CHAPELLE D ARMENTIERES,59,Non défini,2561.5,2477.03,222,222,4.47,-12.08,13.504337001613,0.795708703994815,304.0
59146,CHERENG,59,Non défini,3493.72,3386.38,84,84,-11.95,-10.14,14.6306192579504,0.843143574995373,39.0
59152,COMINES,59,Non défini,2323.34,2250.0,255,255,-10.41,-9.15,13.0120610089895,0.686943830576146,726.0
59153,CONDE SUR L ESCAUT,59,Non défini,1974.04,1426.72,245,245,5.38,-3.98,10.6179442318408,0.783262254177849,806.0
59155,COUDEKERQUE-BRANCHE,59,Non défini,2563.58,1871.57,527,527,0.26,1.05,12.4851161223875,0.751217775852292,724.0
59156,COURCHELETTES,59,Non défini,1630.07,1626.74,75,75,-5.59,-9.49,11.9980312595483,0.769487070376891,124.0
59157,COUSOLRE,59,Non défini,1608.3,1299.52,89,89,-35.14,-11.63,9.45806614995864,0.688807077756108,65.0
59158,COUTICHES,59,Non défini,2715.98,2576.0,147,147,-4.32,-5.89,13.9166108143428,0.737947784490856,79.0
59160,CRESPIN,59,Non défini,1321.0,1168.28,160,160,-10.59,-7.81,11.2954819395716,0.783262254177849,164.0
59163,CROIX,59,Non défini,3184.99,2738.37,832,832,-1.88,2.24,14.4608027595721,0.829874653674477,2651.0
59165,CUINCY,59,Non défini,1742.1,1737.65,135,135,-10.5,-6.07,14.1623411767286,0.741581022163618,96.0
59168,CYSOING,59,Non défini,3337.82,3074.33,160,160,-3.06,-3.93,14.2104613758505,0.843143574995373,592.0
59170,DECHY,59,Non défini,1465.5,1494.12,240,240,2.05,-10.62,11.4581429192063,0.705269592804186,92.0
59172,DENAIN,59,Non défini,2068.66,1133.51,590,590,-2.02,-13.19,10.5667378941977,0.706122379668706,1283.0
59178,DOUAI,59,Non défini,2995.66,1756.6,1384,1384,-5.37,-9.66,11.5254147250951,0.769487070376891,7833.0
59179,DOUCHY-LES-MINES,59,Non défini,1362.35,1306.88,209,209,-4.5,-7.17,10.5670795974649,0.706122379668706,90.0
59183,DUNKERQUE,59,Non défini,3024.92,2253.52,3083,3083,-2.95,4.81,13.4954538858963,0.742933976178029,8310.0
59193,EMMERIN,59,Non défini,2799.09,2787.04,93,93,11.57,-2.51,13.602127400284,0.848290410859476,120.0
59197,ENNEVELIN,59,Non défini,3056.84,3029.59,63,63,-1.4,-7.41,13.412956592468,0.769662823675605,40.0
59202,ERQUINGHEM-LYS,59,Non défini,2270.43,2283.33,118,118,-7.43,-3.81,13.1872391486248,0.749489185611205,244.0
59205,ESCAUDAIN,59,Non défini,2265.29,1443.95,201,201,15.52,4.36,10.2119060653119,0.706122379668706,196.0
59206,ESCAUDOEUVRES,59,Non défini,1278.86,1265.82,149,149,-3.88,-15.27,10.3407332199885,0.790444680138615,47.0
59207,ESCAUTPONT,59,Non défini,1196.47,1151.52,151,151,1.1,-13.19,11.0702536816809,0.69292595850154,48.0
59210,ESQUELBECQ,59,Non défini,2031.2,2010.52,90,90,-7.52,14.18,12.4358524204946,0.742933976178029,47.0
59212,ESTAIRES,59,Non défini,2236.86,2098.77,201,201,4.08,-6.92,11.2461346503752,0.76798737635176,405.0
59220,FACHES-THUMESNIL,59,Non défini,3022.14,2585.39,567,567,-1.11,-3.98,13.5675430063025,0.820953831500567,1536.0
59221,FAMARS,59,Non défini,2296.04,2134.62,87,87,4.61,-18.68,11.6499098895389,0.794129337110685,509.0
59222,FAUMONT,59,Non défini,2793.24,2631.15,109,109,-0.02,-7.27,13.9166108143428,0.737947784490856,19.0
59225,FEIGNIES,59,Non défini,1452.69,1280.7,226,226,-15.58,-28.76,10.532498872735,0.719156707156256,155.0
59227,FENAIN,59,Non défini,2811.69,1724.07,131,131,-1.06,-7.1,10.4046720069696,0.704542128994272,61.0
59230,FERRIERE LA GRANDE,59,Non défini,3032.85,1329.4,262,262,-24.99,-24.5,10.2519885254992,0.691294547509488,229.0
59234,FLERS EN ESCREBIEUX,59,Non défini,1607.96,1510.47,112,112,-15.82,-13.79,13.995274544112,0.741581022163618,146.0
59239,FLINES-LEZ-RACHES,59,Non défini,2040.1,2010.0,223,223,-3.63,-5.93,14.6608947604308,0.741581022163618,131.0
59249,FOURMIES,59,Non défini,1786.81,1210.53,442,442,-5.18,4.29,9.1985546948239,0.689702816299391,691.0
59250,FOURNES-EN-WEPPES,59,Non défini,2718.49,2878.5,48,48,-14.86,-10.97,12.7462100537341,0.73055703484268,140.0
59252,FRELINGHIEN,59,Non défini,2944.07,2908.25,95,95,-1.83,-1.72,13.3505194134207,0.85926476335745,116.0
59253,FRESNES SUR ESCAUT,59,Non défini,1733.2,1218.09,267,267,10.27,-13.38,10.414839510778,0.759115940439209,175.0
59256,FRETIN,59,Non défini,2884.22,2881.09,147,147,-8.33,8.66,13.3820629284553,0.769662823675605,195.0
59258,GENECH,59,Non défini,2994.08,2673.08,54,54,-3.51,-14.9,15.0226599820134,0.755335364448543,355.0
59260,GHYVELDE,59,Non défini,2290.19,2181.59,129,129,-3.35,-4.79,12.464559135197,0.634957976156482,51.0
59262,GODEWAERSVELDE,59,Non défini,2026.89,2077.56,75,75,-6.51,-14.45,11.2256041435731,0.814828555883751,6.0
59265,GOMMEGNIES,59,Non défini,1563.78,1487.5,142,142,-22.05,-22.43,11.3667575572433,0.646127046042085,26.0
59266,GONDECOURT,59,Non défini,2428.31,2429.82,86,86,-15.9,-4.03,13.0487040444765,0.845433359447181,148.0
59268,LA GORGUE,59,Non défini,2314.98,1904.76,182,182,-2.86,-7.94,11.4602507042672,0.740270285422859,358.0
59271,GRANDE-SYNTHE,59,Non défini,1480.0,1490.8,188,188,-10.06,-6.56,11.5697846251224,0.751217775852292,92.0
59272,GRAND-FORT-PHILIPPE,59,Non défini,1653.0,1656.86,97,97,-5.28,-0.59,11.0187214938441,0.631691058706422,138.0
59273,GRAVELINES,59,Non défini,2229.84,1991.07,349,349,-7.42,-7.28,12.0703295791438,0.631691058706422,634.0
59276,GUESNAIN,59,Non défini,1488.15,1495.52,72,72,-5.22,-1.39,11.2054731868762,0.738996603839608,36.0
59278,HALLENNES-LEZ-HAUBOURDIN,59,Non défini,2669.3,2586.67,74,74,-6.51,-10.95,13.9976212096695,0.768491213206337,183.0
59279,HALLUIN,59,Non défini,2358.98,2173.57,544,544,-4.84,-8.58,13.1584388438224,0.793641269545669,997.0
59284,HASNON,59,Non défini,1920.64,1914.89,98,98,8.15,-1.06,11.8494144990586,0.778024299328716,122.0
59285,HASPRES,59,Non défini,1414.78,1184.48,88,88,-26.36,-7.55,9.45003105102493,0.751152866232746,33.0
59286,HAUBOURDIN,59,Non défini,2722.21,2273.18,394,394,-2.84,-7.39,13.6661012399632,0.848290410859476,1596.0
59288,HAULCHIN,59,Non défini,1346.65,1454.55,47,47,4.94,3.11,11.4027640138904,0.781946831794569,16.0
59291,HAUTMONT,59,Non défini,1903.59,1119.4,314,314,0.16,-17.91,10.2710789252059,0.719156707156256,360.0
59292,HAVELUY,59,Non défini,1323.41,1266.05,84,84,-10.45,-14.87,10.5670795974649,0.706122379668706,10.0
59295,HAZEBROUCK,59,Non défini,2177.76,1973.08,543,543,-7.23,-8.46,11.7202284986306,0.722160151518399,2491.0
59299,HEM,59,Non défini,3224.74,2823.88,389,389,-1.16,-0.59,14.0001275500753,0.651957677611722,431.0
59301,HERGNIES,59,Non défini,2139.46,2031.25,170,170,43.22,16.91,10.8885782367431,0.759115940439209,40.0
59302,HERIN,59,Non défini,1348.43,1314.33,152,152,-26.98,-25.72,11.2354746631955,0.781946831794569,127.0
59303,HERLIES,59,Non défini,2743.82,2771.16,60,60,0.87,-7.3,12.4226816902769,0.73055703484268,44.0
59309,HONDSCHOOTE,59,Non défini,1833.22,1716.98,195,195,-7.37,5.85,12.464559135197,0.634957976156482,91.0
59314,HORNAING,59,Non défini,1732.11,1683.06,94,94,1.66,5.37,10.4046720069696,0.704542128994272,9.0
59316,HOUPLIN-ANCOISNE,59,Non défini,3419.93,2525.52,83,83,-3.02,-7.23,13.8298855585533,0.768491213206337,43.0
59317,HOUPLINES,59,Non défini,2580.51,2391.29,189,189,7.68,1.36,12.1307112069749,0.795708703994815,369.0
59319,HOYMILLE,59,Non défini,2139.49,2162.78,64,64,-1.61,-7.85,14.3980989980863,0.665992468350187,4.0
59322,IWUY,59,Non défini,1644.37,1673.08,176,176,18.21,18.13,9.85975973953873,0.790444680138615,129.0
59324,JEUMONT,59,Non défini,1466.49,1180.56,272,272,-6.46,-17.84,10.9230365407305,0.640366666621193,268.0
59327,LALLAING,59,Non défini,1734.87,1702.9,321,321,4.63,-8.96,11.2619542705562,0.769487070376891,98.0
59328,LAMBERSART,59,Non défini,4073.18,3456.52,1060,1060,-3.58,-10.4,15.9740054149473,0.852433244853905,3059.0
59329,LAMBRES LEZ DOUAI,59,Non défini,1728.32,1625.55,137,137,-18.06,-11.02,12.1065367001741,0.769487070376891,135.0
59330,LANDAS,59,Non défini,2796.47,2580.43,93,93,9.0,-4.06,12.6389636329944,0.778267452103032,66.0
59331,LANDRECIES,59,Non défini,1872.94,1192.97,170,170,5.26,-10.36,8.82713958099865,0.738364730200245,398.0
59335,LECELLES,59,Non défini,2540.1,2422.01,140,140,7.97,-2.61,11.0593268406847,0.755901781320719,58.0
59339,LEERS,59,Non défini,2680.28,2674.51,203,203,-1.59,-5.38,13.3479762772789,0.651957677611722,231.0
59340,LEFFRINCKOUCKE,59,Non défini,2634.55,2527.47,138,138,-0.48,7.66,12.4358524204946,0.742933976178029,98.0
59343,LESQUIN,59,Non défini,3047.94,3018.87,180,180,-7.2,-11.61,14.3139157479275,0.834310602045769,881.0
59344,LEVAL,59,Non défini,1796.22,1130.06,54,54,-1.43,-13.49,9.56163078186788,0.738364730200245,43.0
59345,LEWARDE,59,Non défini,1713.44,1513.76,78,78,-8.68,-4.69,11.4581429192063,0.705269592804186,64.0
59346,LEZENNES,59,Non défini,3946.49,3340.0,70,70,20.26,8.96,14.6185454856903,0.833378246206053,138.0
59350,LILLE,59,Non défini,4667.5,3687.5,7957,7957,-4.32,-5.99,15.7602582798431,0.828809211897279,77376.0
59352,LINSELLES,59,Non défini,3130.71,3048.81,335,335,-1.58,-4.48,13.9997574242124,0.825701238105035,445.0
59356,LOMPRET,59,Non défini,3829.28,3698.39,46,46,-3.22,-8.79,15.2517938106703,0.852433244853905,34.0
59357,LA LONGUEVILLE,59,Non défini,1955.39,1710.53,110,110,-3.63,4.38,10.7077275119972,0.773484482706535,19.0
59359,LOON-PLAGE,59,Non défini,1845.71,1886.3,140,140,-4.39,-1.24,10.4320147286036,0.728246748212783,79.0
59360,LOOS,59,Non défini,2999.82,2561.61,648,648,-3.29,-6.76,14.2930449026685,0.827914086983449,3349.0
59361,LOURCHES,59,Non défini,791.87,875.0,100,100,-22.34,-26.32,10.1975016993223,0.706122379668706,131.0
59365,LOUVROIL,59,Non défini,3146.89,1156.86,295,295,4.89,-14.85,10.4229474232475,0.719156707156256,298.0
59367,LYS LEZ LANNOY,59,Non défini,2467.6,2382.69,352,352,-1.41,-1.13,13.6138667716669,0.781461352306423,879.0
59368,LA MADELEINE,59,Non défini,3697.54,3375.73,890,890,-2.56,-7.74,15.4155605488748,0.842591798936656,5551.0
59369,MAING,59,Non défini,3246.72,1695.92,209,209,-47.52,-13.3,11.5837452836088,0.781946831794569,228.0
59375,MARCHIENNES,59,Non défini,2677.49,2289.35,185,185,1.82,11.24,11.5804338128448,0.738996603839608,257.0
59378,MARCQ EN BAROEUL,59,Non défini,4346.46,3822.61,1227,1227,-4.67,-1.94,15.5312363353343,0.87499307020935,4997.0
59383,MARLY,59,Non défini,1745.2,1486.49,295,295,-8.11,-21.37,11.8073256891284,0.778879211793329,663.0
59385,MARPENT,59,Non défini,1708.76,1046.93,115,115,12.17,-1.17,11.5393441994101,0.640366666621193,45.0
59386,MARQUETTE-LEZ-LILLE,59,Non défini,3303.82,3258.06,231,231,-4.78,-5.52,13.9994771446075,0.927901496295511,2020.0
59389,MASNIERES,59,Non défini,1520.45,1357.14,99,99,-3.98,-12.51,9.65053229961519,0.808394981380306,81.0
59390,MASNY,59,Non défini,1369.78,1248.41,196,196,-26.59,-15.11,11.4581429192063,0.705269592804186,63.0
59392,MAUBEUGE,59,Non défini,2439.42,1384.44,1171,1171,19.8,13.91,10.9029236176311,0.719156707156256,2300.0
59398,MERIGNIES,59,Non défini,5212.26,3814.66,166,166,1.52,9.77,13.6688084525269,0.830846460527456,194.0
59400,MERVILLE,59,Non défini,2898.82,1915.87,271,271,-13.6,-2.17,10.5487817507229,0.745978569460561,701.0
59401,METEREN,59,Non défini,2142.29,2190.08,60,60,5.29,-6.3,11.157401329646,0.795493523697294,50.0
59409,MONCHECOURT,59,Non défini,1341.74,1283.33,66,66,-3.51,-4.01,11.2054731868762,0.738996603839608,35.0
59410,MONS-EN-BAROEUL,59,Non défini,2495.82,2298.97,452,452,-6.93,-3.83,14.4414957617528,0.818956100489043,1700.0
59411,MONS-EN-PEVELE,59,Non défini,2369.14,2097.19,84,84,-21.56,-25.65,12.880161557266,0.830846460527456,92.0
59414,MONTIGNY EN OSTREVENT,59,Non défini,1584.32,1511.24,160,160,-11.68,-25.66,11.2054731868762,0.738996603839608,50.0
59416,MORBECQUE,59,Non défini,2242.89,1906.15,137,137,-8.77,-12.94,10.6953850773904,0.76798737635176,25.0
59421,MOUVAUX,59,Non défini,4137.86,3685.39,493,493,1.91,3.65,15.4965692640711,0.850299505874972,1049.0
59426,NEUVILLE EN FERRAIN,59,Non défini,2551.83,2572.85,288,288,-7.02,-9.54,13.4921659561333,0.801049765013588,235.0
59428,NEUVILLE-SAINT-REMY,59,Non défini,1496.11,1417.58,115,115,29.99,3.24,9.82365658941934,0.790444680138615,150.0
59429,NEUVILLE-SUR-ESCAUT,59,Non défini,1250.99,1261.9,130,130,-23.52,-10.62,10.4046720069696,0.704542128994272,11.0
59431,NIEPPE,59,Non défini,2526.69,2388.0,178,178,-6.39,-16.31,12.6602769358599,0.795708703994815,423.0
59435,NOMAIN,59,Non défini,2833.9,2858.5,150,150,13.83,6.13,12.6389636329944,0.778267452103032,71.0
59447,ONNAING,59,Non défini,1575.31,1504.72,358,358,-4.15,-8.49,11.1345769501699,0.759115940439209,254.0
59449,ORCHIES,59,Non défini,3272.78,2345.68,244,244,6.77,-3.6,13.8944246283254,0.737947784490856,1329.0
59452,OSTRICOURT,59,Non défini,2113.48,1965.46,176,176,-11.9,-8.58,11.1983027576409,0.765985009223488,36.0
59456,PECQUENCOURT,59,Non défini,1567.02,1489.36,180,180,-7.91,-25.15,11.6766680831251,0.738996603839608,132.0
59457,PERENCHIES,59,Non défini,3001.85,2812.9,333,333,-7.65,2.94,13.9485144540957,0.795708703994815,645.0
59459,PETITE FORET,59,Non défini,1598.58,1610.68,76,76,-5.2,-8.49,11.1889430339377,0.796339726717584,146.0
59462,PHALEMPIN,59,Non défini,2758.5,2728.3,195,195,-2.16,0.98,13.3056234579744,0.676303308724928,356.0
59464,POIX-DU-NORD,59,Non défini,1342.95,1241.17,129,129,-19.9,3.67,9.56163078186788,0.738364730200245,14.0
59466,PONT-A-MARCQ,59,Non défini,3009.71,2868.46,61,61,2.18,-3.83,14.0621474199679,0.769662823675605,246.0
59467,PONT-SUR-SAMBRE,59,Non défini,1707.07,1208.33,116,116,-13.29,-11.68,10.7077275119972,0.773484482706535,73.0
59470,PREMESQUES,59,Non défini,2866.34,2813.15,50,50,-8.47,-18.08,13.5758205515324,0.818142486718536,34.0
59471,PRESEAU,59,Non défini,1809.89,1918.56,71,71,-11.75,-10.09,10.5301381381053,0.751523303293237,23.0
59475,PROUVY,59,Non défini,4219.78,1572.28,47,47,-6.79,-11.49,11.3957478170365,0.830691438653371,24.0
59476,PROVILLE,59,Non défini,2313.01,1687.0,54,54,-2.01,4.49,9.73592688268233,0.799223207825119,57.0
59477,PROVIN,59,Non défini,2165.71,2291.67,81,81,-2.67,3.83,11.8870826378526,0.769752201823426,173.0
59479,QUAROUBLE,59,Non défini,1986.33,1864.37,160,160,23.96,7.17,10.8885782367431,0.759115940439209,58.0
59481,LE QUESNOY,59,Non défini,2731.97,2116.32,245,245,11.74,6.64,10.9148880241531,0.646127046042085,617.0
59482,QUESNOY SUR DEULE,59,Non défini,3130.23,2897.73,152,152,-3.91,-0.98,13.3791350560301,0.85926476335745,261.0
59484,QUIEVRECHAIN,59,Non défini,1471.27,1241.38,315,315,-3.97,4.43,11.0872916695111,0.783262254177849,211.0
59486,RACHES,59,Non défini,1809.96,1742.2,94,94,19.96,30.67,14.1623411767286,0.741581022163618,73.0
59488,RAILLENCOURT-SAINTE-OLLE,59,Non défini,2232.42,1471.23,63,63,-8.63,-7.25,11.3576506482927,0.681158453251505,50.0
59489,RAIMBEAUCOURT,59,Non défini,1987.05,2076.19,129,129,-0.1,5.91,13.9166108143428,0.737947784490856,31.0
59491,RAISMES,59,Non défini,1924.83,1486.11,328,328,3.68,1.83,11.3783908998698,0.778024299328716,667.0
59495,RECQUIGNIES,59,Non défini,1450.66,1354.54,102,102,-1.89,-0.22,11.5393441994101,0.640366666621193,14.0
59497,RENESCURE,59,Non défini,1842.01,1674.77,76,76,46.91,-12.27,11.0925922451026,0.791666045184103,68.0
59504,ROEULX,59,Non défini,1208.25,1187.5,112,112,-11.94,-20.83,10.4046720069696,0.704542128994272,32.0
59507,RONCHIN,59,Non défini,3202.57,2467.39,453,453,3.42,-7.03,14.2152056455191,0.833378246206053,1963.0
59508,RONCQ,59,Non défini,3194.9,2985.61,395,395,8.57,-1.15,13.6518611164653,0.801049765013588,844.0
59509,ROOST WARENDIN,59,Non défini,1781.03,1622.18,195,195,-2.98,12.21,14.1623411767286,0.741581022163618,39.0
59512,ROUBAIX,59,Non défini,3019.54,1780.47,2211,2211,-7.04,-10.22,13.2751116110322,0.79880390491771,9323.0
59514,ROUSIES,59,Non défini,1327.72,1277.78,188,188,-6.34,-16.35,11.0997872155323,0.691294547509488,234.0
59523,SAINGHIN-EN-MELANTOIS,59,Non défini,3444.09,3502.09,135,135,3.99,2.93,14.1800515742567,0.834310602045769,139.0
59524,SAINGHIN-EN-WEPPES,59,Non défini,2573.86,2397.53,143,143,-4.8,-4.27,12.9987128319,0.698551183118359,290.0
59525,SAINS-DU-NORD,59,Non défini,1238.67,1011.9,147,147,-18.64,-10.05,9.43980523476619,0.688807077756108,135.0
59526,SAINT-AMAND-LES-EAUX,59,Non défini,2873.3,1938.4,453,453,4.51,-3.08,11.4031630379739,0.755901781320719,1225.0
59527,SAINT-ANDRE,59,Non défini,3354.59,3381.4,400,400,0.34,-4.57,15.3932800854496,0.883079095468299,2214.0
59544,SAINT SAULVE,59,Non défini,2356.02,2315.79,392,392,11.84,16.49,12.1743908664166,0.838415197471125,761.0
59550,SALOME,59,Non défini,1929.97,1975.31,98,98,-5.94,-8.78,11.8418374745312,0.769752201823426,74.0
59553,SANTES,59,Non défini,3190.85,2716.3,134,134,2.81,-3.16,14.2070138747567,0.768491213206337,125.0
59557,SAULTAIN,59,Non défini,1701.33,1893.39,67,67,-12.13,-9.95,12.2814077412843,0.778879211793329,197.0
59560,SECLIN,59,Non défini,2734.38,2395.83,316,316,-9.77,-12.47,13.6414135428927,0.845433359447181,1268.0
59564,LA SENTINELLE,59,Non défini,1561.75,1510.6,57,57,-2.52,3.8,11.3957478170365,0.830691438653371,88.0
59566,SEQUEDIN,59,Non défini,2671.32,2801.9,79,79,-16.13,-5.12,13.953067413756,0.768491213206337,234.0
59569,SIN LE NOBLE,59,Non défini,1429.19,1398.17,423,423,2.09,-2.04,11.2749405209702,0.704582425789713,1164.0
59571,SOLESMES,59,Non défini,1133.86,1015.09,221,221,1.51,-9.26,9.29458488963778,0.716956865146566,237.0
59574,SOMAIN,59,Non défini,2293.0,1500.0,394,394,-4.83,-6.17,10.8894401501522,0.704542128994272,978.0
59580,STEENVOORDE,59,Non défini,2520.09,2433.68,169,169,17.78,1.35,11.3619612372571,0.814828555883751,228.0
59581,STEENWERCK,59,Non défini,2296.9,2201.75,121,121,-3.84,3.11,11.3648764204545,0.749489185611205,128.0
59585,TEMPLEMARS,59,Non défini,2626.29,2863.25,94,94,3.75,-4.52,13.6285586623475,0.845433359447181,315.0
59586,TEMPLEUVE EN PEVELE,59,Non défini,3355.99,2923.85,302,302,-6.54,-0.89,13.8496280687536,0.778267452103032,512.0
59588,TETEGHEM-COUDEKERQUE-VILLAGE,59,Non défini,2610.06,2500.0,206,206,-7.56,-1.16,14.3980989980863,0.665992468350187,72.0
59589,THIANT,59,Non défini,1454.61,1378.19,65,65,-7.61,-18.24,12.057727040177,0.781946831794569,103.0
59592,THUMERIES,59,Non défini,2166.63,2253.56,138,138,13.16,-12.39,11.5940405004333,0.717301373888758,50.0
59598,TOUFFLERS,59,Non défini,2609.68,2755.1,78,78,-1.61,11.55,13.6296077452136,0.651957677611722,34.0
59599,TOURCOING,59,Non défini,2594.65,1866.46,2893,2893,-7.01,-5.06,13.1732293112248,0.813857689749533,10688.0
59601,TRELON,59,Non défini,1448.08,1131.58,107,107,8.83,3.46,9.49965953823183,0.688807077756108,128.0
59603,TRITH-ST-LEGER,59,Non défini,4217.89,1815.31,321,321,-5.61,9.66,10.523164325553,0.751523303293237,339.0
59606,VALENCIENNES,59,Non défini,3735.58,1987.55,1578,1578,-9.14,-13.42,12.1106340264917,0.830691438653371,14463.0
59611,VERLINGHEM,59,Non défini,3180.69,3154.77,49,49,-14.74,-19.35,14.9652670508007,0.883079095468299,78.0
59615,VIEUX-BERQUIN,59,Non défini,1970.9,1949.71,46,46,-13.29,-21.21,10.6953850773904,0.76798737635176,36.0
59616,VIEUX-CONDE,59,Non défini,2527.29,1541.39,263,263,6.91,0.15,10.5420352598155,0.783262254177849,201.0
59624,VILLERS-OUTREAUX,59,Non défini,1172.37,1088.89,102,102,56.23,-7.03,9.77400864962583,0.725732685137863,40.0
59630,WAHAGNIES,59,Non défini,2019.2,2200.62,89,89,-1.82,-9.82,11.5940405004333,0.717301373888758,41.0
59631,WALINCOURT-SELVIGNY,59,Non défini,981.58,974.94,82,82,-0.56,17.78,9.08463522382124,0.716956865146566,47.0
59632,WALLERS,59,Non défini,1637.56,1518.32,171,171,-11.89,-11.33,10.7129036915353,0.706122379668706,130.0
59636,WAMBRECHIES,59,Non défini,3276.45,3348.31,335,335,-6.86,-8.02,14.8663606938687,0.85926476335745,929.0
59641,WARHEM,59,Non défini,1820.75,1830.11,80,80,-3.63,-18.38,12.464559135197,0.634957976156482,12.0
59646,WASQUEHAL,59,Non défini,3514.6,3258.62,521,521,0.44,-2.24,15.0734590104554,0.829874653674477,2333.0
59647,WATTEN,59,Non défini,1746.88,1737.69,84,84,26.36,30.88,10.1270460916976,0.728246748212783,149.0
59648,WATTIGNIES,59,Non défini,2256.06,2173.3,359,359,-11.14,-13.63,13.9112853662464,0.827914086983449,1595.0
59650,WATTRELOS,59,Non défini,1968.28,1847.46,1000,1000,-5.21,-15.86,14.0070190194737,0.722230049104,1477.0
59653,WAVRIN,59,Non défini,2516.64,2503.1,121,121,0.92,-4.35,12.6971850553226,0.73055703484268,236.0
59654,WAZIERS,59,Non défini,1560.11,1517.86,170,170,4.79,8.88,10.531923986579,0.769487070376891,143.0
59656,WERVICQ SUD,59,Non défini,2923.07,3052.13,138,138,10.18,-3.99,13.5476986745037,0.825701238105035,337.0
59659,WIGNEHIES,59,Non défini,1072.46,875.0,142,142,-3.57,-21.25,8.12919899717299,0.689702816299391,72.0
59660,WILLEMS,59,Non défini,3280.94,2989.06,142,142,-5.72,-5.1,13.3533015132624,0.798371901857515,129.0
59663,WORMHOUT,59,Non défini,2182.78,2168.48,159,159,-2.26,6.37,12.5799306991194,0.702958856048295,387.0
60007,AGNETZ,60,Non défini,2255.37,2350.0,95,95,4.56,-2.96,11.8738864174325,0.76767354425787,67.0
60012,ANDEVILLE,60,Non défini,2819.76,2536.36,122,122,-4.03,-3.54,11.4877139827052,0.80087579526461,89.0
60029,AUNEUIL,60,Non défini,2386.86,2169.27,77,77,8.46,-13.23,12.2586659477075,0.823170560003152,84.0
60041,BAILLEUL SUR THERAIN,60,Non défini,3485.69,2440.48,48,48,18.66,7.43,12.3300684225629,0.797799002837282,65.0
60057,BEAUVAIS,60,Non défini,2687.43,2046.05,1711,1711,-2.78,-4.9,12.8494534689417,0.837369758884559,8290.0
60068,BETHISY ST PIERRE,60,Non défini,2545.87,2291.34,100,100,22.41,6.27,12.390854902122,0.871769012322701,187.0
60086,BORAN SUR OISE,60,Non défini,3363.75,3049.5,59,59,2.25,3.94,16.1818482693142,0.903075540436681,104.0
60088,BORNEL,60,Non défini,2744.17,2898.61,114,114,-5.71,-5.26,15.1779993148213,0.821077382642048,245.0
60102,BRENOUILLE,60,Non défini,2460.12,2435.05,123,123,8.71,-4.11,13.2844770306725,0.822432676119172,13.0
60103,BRESLES,60,Non défini,1975.73,1899.78,118,118,-15.87,-23.84,11.7841394634373,0.871174091873212,295.0
60104,BRETEUIL,60,Non défini,2169.4,1868.98,147,147,-3.43,-3.15,13.5071801913667,0.737531532243163,401.0
60106,BREUIL LE SEC,60,Non défini,2349.38,2388.06,209,209,-3.65,21.8,13.244910049549,0.836260542842302,27.0
60107,BREUIL LE VERT,60,Non défini,2329.64,2160.26,166,166,-10.64,-13.18,13.6355952986728,0.847726057891772,178.0
60116,BURY,60,Non défini,2100.7,1920.59,116,116,-7.51,-11.0,13.1080862467783,0.84984022480738,76.0
60134,CAUFFRY,60,Non défini,2427.75,2107.03,90,90,-3.62,-10.37,12.9478668578115,0.84984022480738,125.0
60139,CHAMBLY,60,Non défini,3878.6,3332.32,301,301,-3.88,-3.3,16.7399318620735,0.804656573155277,929.0
60141,CHANTILLY,60,Non défini,4749.86,3926.89,418,418,-6.98,-10.28,19.7994374596968,0.874212942283903,3261.0
60142,LA CHAPELLE EN SERVAL,60,Non défini,3110.16,3064.96,129,129,-18.27,-5.2,17.1764370972055,0.889012513482501,431.0
60143,CHAUMONT-EN-VEXIN,60,Non défini,2984.58,2696.95,98,98,3.32,0.58,15.0093718083835,0.851338120644617,285.0
60149,CHEVRIERES,60,Non défini,2356.55,2290.5,88,88,-13.09,-5.74,12.8292131145685,0.837375950584772,44.0
60151,CHOISY AU BAC,60,Non défini,2549.92,2316.37,202,202,-11.12,-16.03,14.2979522548791,0.822666223984567,166.0
60155,CIRES LES MELLO,60,Non défini,2236.21,2237.62,133,133,-12.7,-13.14,13.2754988783249,0.831259814093853,251.0
60156,CLAIROIX,60,Non défini,2466.88,2023.26,69,69,-21.98,-36.81,12.1864238310373,0.833144499713052,162.0
60157,CLERMONT,60,Non défini,2771.71,2200.0,381,381,-6.35,1.89,12.5710327413429,0.76767354425787,2409.0
60159,COMPIEGNE,60,Non défini,3236.05,2692.31,1457,1457,1.18,2.73,14.7222252133043,0.862936755995428,10001.0
60172,COYE LA FORET,60,Non défini,3736.68,3442.84,123,123,-8.19,-3.69,17.6717986269219,0.866197561289954,440.0
60175,CREIL,60,Non défini,3336.63,2057.39,773,773,-2.85,-3.9,14.6891717310159,0.792404502805044,2985.0
60176,CREPY EN VALOIS,60,Non défini,3238.0,2706.7,395,395,-2.23,-6.44,15.1589247355804,0.798574472711488,1713.0
60178,CREVECOEUR LE GRAND,60,Non défini,1809.7,1746.99,101,101,0.94,6.15,11.3970328761009,0.71585344849322,227.0
60188,CUISE LA MOTTE,60,Non défini,2652.79,1675.68,71,71,-18.86,0.54,11.1119919985741,0.862936755995428,101.0
60223,ESTREES ST DENIS,60,Non défini,2082.5,2101.69,70,70,-6.55,1.98,12.1766521139747,0.837375950584772,239.0
60234,FITZ JAMES,60,Non défini,2043.94,2117.94,91,91,-2.35,-11.03,14.9752732234179,0.836260542842302,112.0
60245,FORMERIE,60,Non défini,2678.97,1814.05,113,113,11.06,-7.44,9.96706471435379,0.81353580135506,124.0
60282,GOUVIEUX,60,Non défini,3773.07,3627.78,271,271,-6.71,-8.58,17.0260609373377,0.878804761380877,626.0
60286,GRANDVILLIERS,60,Non défini,1823.57,1666.67,70,70,-28.08,-15.1,10.9543595947687,0.76834465700976,321.0
60313,HERMES,60,Non défini,2139.84,2114.75,69,69,-7.36,-0.74,12.5258545762193,0.797799002837282,108.0
60325,JAUX,60,Non défini,2532.82,2613.33,147,147,-1.72,-6.53,13.1302681470365,0.863676606671005,157.0
60338,LACROIX ST OUEN,60,Non défini,2375.67,2285.71,152,152,-12.98,-18.48,13.7932569260582,0.853593323250024,335.0
60341,LAGNY LE SEC,60,Non défini,2698.93,2577.47,36,36,-20.97,-18.28,15.2124087749138,0.892215420057068,55.0
60342,LAIGNEVILLE,60,Non défini,2327.19,2243.24,119,119,0.95,-10.82,13.6281887353337,0.84984022480738,380.0
60346,LAMORLAYE,60,Non défini,4337.52,3925.62,323,323,-10.56,-12.3,17.6649124386701,0.890763265888636,906.0
60360,LIANCOURT,60,Non défini,2516.6,2084.51,165,165,-6.69,-12.1,13.1445858274868,0.832053839047719,1038.0
60368,LONGUEIL ANNEL,60,Non défini,1929.83,1879.3,160,160,-24.59,-14.39,11.2340264231957,0.833144499713052,96.0
60369,LONGUEIL STE MARIE,60,Non défini,2482.52,2385.84,97,97,-4.57,-17.54,13.320754972781,0.863676606671005,50.0
60374,MAIGNELAY MONTIGNY,60,Non défini,1729.83,1791.21,67,67,10.67,2.2,11.7814367427072,0.807355498145382,129.0
60382,MARGNY LES COMPIEGNE,60,Non défini,3286.56,2464.29,371,371,-8.66,-13.04,13.8846030851496,0.869186938591957,1539.0
60395,MERU,60,Non défini,2939.58,2559.32,314,314,4.16,-9.08,14.4706689614746,0.823170560003152,1231.0
60398,LE MESNIL EN THELLE,60,Non défini,3012.83,2902.17,74,74,-5.94,-4.72,15.1703950696374,0.865467354486237,127.0
60402,LE MEUX,60,Non défini,2900.91,2813.08,82,82,11.32,-0.28,12.9060500848902,0.863676606671005,113.0
60409,MONCHY ST ELOI,60,Non défini,2463.84,2256.88,53,53,4.97,-14.45,12.8917600716491,0.840375571116989,110.0
60414,MONTATAIRE,60,Non défini,2449.43,2191.31,270,270,-0.82,-6.75,13.7874359782484,0.782816711168028,783.0
60439,MOUY,60,Non défini,2555.32,2252.89,210,210,3.98,10.71,12.6586643191087,0.797799002837282,588.0
60446,NANTEUIL LE HAUDOUIN,60,Non défini,2707.57,2801.31,195,195,-7.35,-0.87,15.4209331458856,0.821221334572496,513.0
60450,NEUILLY EN THELLE,60,Non défini,2903.48,2764.39,170,170,-0.94,-0.39,15.0639428267015,0.903075540436681,334.0
60462,NOAILLES,60,Non défini,2398.38,2293.58,41,41,0.0,-3.05,14.8454444824473,0.834468638197665,258.0
60463,NOGENT SUR OISE,60,Non défini,2078.29,1831.68,406,406,-14.44,-15.74,14.3125268571714,0.840375571116989,1175.0
60471,NOYON,60,Non défini,2387.26,1550.39,571,571,0.78,-5.06,12.3393254857329,0.785135298163934,2178.0
60482,ORRY LA VILLE,60,Non défini,3401.48,3546.13,107,107,-3.4,-4.16,17.3606659603687,0.866197561289954,260.0
60500,LE PLESSIS BELLEVILLE,60,Non défini,3252.21,3026.79,134,134,-9.2,-5.71,16.3644611635954,0.813245199761274,640.0
60508,PONTPOINT,60,Non défini,2217.89,2219.51,183,183,-19.62,-14.92,13.910031917337,0.833258796041646,211.0
60509,PONT STE MAXENCE,60,Non défini,3102.01,2375.0,330,330,1.13,-5.0,13.7943103521943,0.833258796041646,1816.0
60513,PRECY SUR OISE,60,Non défini,3684.66,2841.5,115,115,-15.23,-11.4,14.5397597515532,0.878804761380877,237.0
60524,RANTIGNY,60,Non défini,2272.0,2086.21,87,87,-7.28,-4.99,13.2424217048586,0.847726057891772,475.0
60537,RIBECOURT DRESLINCOURT,60,Non défini,2485.25,1965.12,117,117,10.7,7.93,11.0821966074209,0.817497092552625,237.0
60575,STE GENEVIEVE,60,Non défini,2191.7,2098.21,92,92,-17.26,-15.03,12.3197162256328,0.80087579526461,157.0
60581,ST JUST EN CHAUSSEE,60,Non défini,2030.73,1810.13,165,165,3.15,-3.39,11.5991381588724,0.809850048891754,743.0
60584,ST LEU D ESSERENT,60,Non défini,3174.05,2628.57,263,263,-6.56,-11.84,14.0043263274437,0.831259814093853,289.0
60589,ST MAXIMIN,60,Non défini,5521.3,3384.62,86,86,19.46,15.44,15.3513162744194,0.782816711168028,197.0
60612,SENLIS,60,Non défini,3847.61,3420.39,1105,1105,-4.42,-3.07,16.6115820513847,0.893032691969535,2526.0
60616,SERIFONTAINE,60,Non défini,2258.49,2139.56,109,109,4.13,4.43,11.4417381134736,0.75970509051229,52.0
60636,THOUROTTE,60,Non défini,6124.2,2087.72,74,74,16.11,-1.29,12.4943107183415,0.833144499713052,176.0
60647,TROSLY BREUIL,60,Non défini,1747.77,1744.44,121,121,-4.15,-9.29,12.279614062358,0.862936755995428,56.0
60665,VENETTE,60,Non défini,3025.57,2398.15,98,98,10.32,3.06,13.39562150407,0.862936755995428,206.0
60667,VERBERIE,60,Non défini,2690.13,2460.82,108,108,7.79,-10.37,13.8114985557841,0.860758217272239,483.0
60670,VERNEUIL EN HALATTE,60,Non défini,2855.77,2593.29,214,214,-5.61,-12.93,14.3699136672884,0.822432676119172,160.0
60684,VILLERS ST PAUL,60,Non défini,2522.68,2216.79,145,145,-12.32,-9.63,13.6708832891977,0.822432676119172,331.0
60686,VILLERS SOUS ST LEU,60,Non défini,2711.76,2418.18,88,88,-11.53,-16.08,15.001867280272,0.878804761380877,41.0
61001,ALENCON,61,Non défini,2752.85,1518.52,982,982,-8.89,-6.71,10.1032568304794,0.750249768736038,6374.0
61006,ARGENTAN,61,Non défini,2374.16,1635.0,431,431,-4.71,1.32,9.06682330127452,0.529989430800842,1590.0
61007,ATHIS-VAL DE ROUVRE,61,Non défini,1314.13,1181.63,496,496,-26.07,-25.19,8.72302305075935,0.716811049633378,126.0
61096,RIVES D'ANDAINE,61,Non défini,1426.1,1210.39,221,221,6.37,-0.97,9.69503170206222,0.668487591554084,132.0
61117,CONDE SUR SARTHE,61,Non défini,1732.72,1467.04,101,101,-27.21,-22.95,9.14921516741446,0.741451380641151,115.0
61143,DAMIGNY,61,Non défini,1702.11,1633.4,85,85,-10.6,-5.06,9.22599028886653,0.741451380641151,258.0
61145,DOMFRONT EN POIRAIE,61,Non défini,1401.85,1329.03,290,290,-5.39,-8.43,8.1618510516597,0.742161672361807,423.0
61153,ECOUCHE LES VALLEES,61,Non défini,1753.51,1660.67,131,131,14.12,11.63,7.65916657521202,0.597904672593706,138.0
61167,LA FERTE-EN-OUCHE,61,Non défini,1525.18,1477.61,272,272,3.51,13.66,9.04246634314218,0.760192699405805,87.0
61168,LA FERTE MACE,61,Non défini,1677.4,1414.55,420,420,24.86,16.94,9.82872356684165,0.668487591554084,708.0
61169,FLERS,61,Non défini,2372.98,1412.83,629,629,-4.36,0.63,8.83073276615047,0.729289846610366,3636.0
61211,JUVIGNY VAL D'ANDAINE,61,Non défini,1436.6,1224.49,246,246,6.63,-2.04,8.47932055049673,0.668487591554084,67.0
61214,L'AIGLE,61,Non défini,2092.57,1593.1,359,359,-1.46,1.39,10.5853104139218,0.78571110392683,1089.0
61230,LONGNY LES VILLAGES,61,Non défini,2280.1,1744.44,316,316,6.23,13.48,7.76428372532251,0.736089768270326,180.0
61293,MORTAGNE-AU-PERCHE,61,Non défini,2365.44,1896.83,205,205,5.29,1.41,8.77457456406698,0.761776815919445,628.0
61309,PERCHE-EN-NOCE,61,Non défini,2193.1,1754.39,245,245,-11.04,5.94,11.8215565867546,0.765309120885077,24.0
61339,PUTANGES-LE-LAC,61,Non défini,2150.25,1680.0,272,272,13.15,42.67,7.18046555544738,0.597904672593706,89.0
61391,SAINT GEORGES DES GROSEILLERS,61,Non défini,1339.27,1295.33,134,134,-2.98,-4.31,8.76322729944627,0.656197552717481,281.0
61397,SAINT-GERMAIN-DU-CORBEIS,61,Non défini,2000.98,1666.67,93,93,-9.75,-5.1,7.7603954978472,0.741451380641151,79.0
61464,SEES,61,Non défini,1799.04,1375.0,196,196,-3.35,-18.23,8.37708281109636,0.713253258667955,766.0
61474,GOUFFERN EN AUGE,61,Non défini,1607.44,1600.88,367,367,15.16,0.06,9.23425285770974,0.529989430800842,20.0
61483,BAGNOLES DE L'ORNE NORMANDIE,61,Non défini,2404.19,2077.78,335,335,3.89,7.78,9.28295563055937,0.509268239231216,590.0
61484,VAL-AU-PERCHE,61,Non défini,1573.61,1500.0,190,190,5.2,22.42,7.72786185872064,0.763130126451279,71.0
61486,TINCHEBRAY-BOCAGE,61,Non défini,1555.62,1194.03,414,414,20.73,8.66,7.3744942285389,0.656197552717481,176.0
61491,TOUROUVRE AU PERCHE,61,Non défini,1606.92,1483.98,263,263,3.88,-0.55,8.62548863457213,0.736089768270326,99.0
61508,VIMOUTIERS,61,Non défini,1377.68,1237.96,171,171,-6.35,-14.66,8.96439203021293,0.577032475694712,381.0
62004,ACHICOURT,62,Non défini,2028.27,2045.54,232,232,-1.22,-3.34,12.3823336570209,0.853105263387946,348.0
62014,AIRE-SUR-LA-LYS,62,Non défini,2271.2,1729.05,308,308,11.47,0.45,10.0507739435309,0.649562891442584,898.0
62019,AIX NOULETTE,62,Non défini,1851.51,1858.97,163,163,-7.05,3.79,11.5959670061746,0.751293903269453,90.0
62023,ALLOUAGNE,62,Non défini,1719.89,1641.79,91,91,11.39,18.54,10.422238185025,0.823333501162365,35.0
62025,AMBLETEUSE,62,Non défini,3090.35,2906.98,55,55,-28.93,-25.16,12.1019488449788,0.743373284405804,33.0
62032,ANGRES,62,Non défini,1759.02,1672.73,105,105,-4.25,-18.04,11.5959670061746,0.751293903269453,29.0
62033,ANNAY,62,Non défini,2128.65,1728.15,134,134,4.92,-18.17,11.4389727013755,0.753994932221416,129.0
62034,ANNEQUIN,62,Non défini,1667.43,1487.29,71,71,-22.31,-18.95,11.020481440227,0.80268799313661,70.0
62035,ANNEZIN,62,Non défini,1979.66,1653.01,216,216,6.93,-5.24,10.8893460007883,0.823333501162365,186.0
62037,ANZIN-SAINT-AUBIN,62,Non défini,2747.24,2475.64,98,98,7.97,-0.9,14.633508005143,0.866383841258602,129.0
62038,ARDRES,62,Non défini,2312.02,2102.96,162,162,14.41,2.28,10.161497472839,0.771074325966329,244.0
62040,ARQUES,62,Non défini,2366.99,1725.81,352,352,1.37,-0.86,11.4506869427589,0.791666045184103,393.0
62041,ARRAS,62,Non défini,4109.49,2547.77,1413,1413,2.2,4.23,12.6616597710387,0.860548189361019,10171.0
62043,LES ATTAQUES,62,Non défini,2265.6,2105.26,105,105,-4.39,6.02,10.1111906399839,0.771074325966329,20.0
62048,AUCHEL,62,Non défini,1619.0,1250.0,411,411,1.16,4.84,10.2861546919673,0.697612076572692,529.0
62051,AUCHY-LES-MINES,62,Non défini,2211.38,1785.03,122,122,-6.13,-4.23,11.020481440227,0.80268799313661,92.0
62057,AUDRUICQ,62,Non défini,1888.63,1956.52,149,149,-2.67,0.97,10.3552574793345,0.771074325966329,220.0
62060,AUXI-LE-CHATEAU,62,Non défini,1181.51,1190.91,96,96,21.52,22.02,9.45456153215267,0.733521612451706,42.0
62065,AVION,62,Non défini,1899.88,1412.49,378,378,-4.95,-9.06,11.5853798118336,0.808700364571988,485.0
62080,BAPAUME,62,Non défini,5394.24,1840.02,164,164,15.0,52.1,11.1265685748644,0.7996671155874,572.0
62083,BARLIN,62,Non défini,1370.41,1304.35,176,176,-14.09,-10.59,11.5959670061746,0.751293903269453,97.0
62099,BEAURAINS,62,Non défini,2046.83,2027.29,109,109,-3.2,1.78,11.9000395467501,0.860548189361019,196.0
62100,BEAURAINVILLE,62,Non défini,1858.66,1647.62,53,53,-8.78,-7.55,10.546773763011,0.725942845984318,30.0
62108,BERCK,62,Non défini,3350.35,3034.09,892,892,-4.04,4.98,12.5193935999956,0.767861438200309,2198.0
62119,BETHUNE,62,Non défini,2903.57,1851.22,892,892,7.68,8.5,11.5154047886626,0.801669793521831,5308.0
62126,BEUVRY,62,Non défini,2456.75,1786.34,269,269,1.51,4.33,10.9059399272843,0.823333501162365,564.0
62128,BIACHE-SAINT-VAAST,62,Non défini,1915.78,1596.22,125,125,0.09,-17.05,10.95239325339,0.79403498822993,82.0
62132,BILLY-BERCLAU,62,Non défini,2156.8,1959.47,118,118,-4.99,-7.61,11.8418374745312,0.769752201823426,74.0
62133,BILLY MONTIGNY,62,Non défini,1537.73,1527.57,157,157,14.23,-2.5,11.1510963359056,0.733993903327953,398.0
62139,BLENDECQUES,62,Non défini,1604.68,1527.67,151,151,-8.0,-12.73,11.0925922451026,0.791666045184103,80.0
62160,BOULOGNE SUR MER,62,Non défini,3499.67,2190.34,1559,1559,7.07,6.27,11.4540228045553,0.803310289839595,9555.0
62170,BOUVIGNY-BOYEFFLES,62,Non défini,1947.01,2014.56,45,45,5.44,-8.63,11.5959670061746,0.751293903269453,52.0
62173,BREBIERES,62,Non défini,1820.42,1752.55,100,100,-5.97,-5.07,11.1865359147801,0.79403498822993,123.0
62178,BRUAY LA BUISSIERE,62,Non défini,1694.95,1337.13,506,506,-8.08,-5.73,10.5685517061929,0.6758727724352,1225.0
62186,BULLY LES MINES,62,Non défini,2031.13,1585.14,250,250,-7.87,-4.0,10.7227592891171,0.721539251661303,445.0
62188,BURBURE,62,Non défini,1398.84,1337.5,132,132,17.91,8.4,10.422238185025,0.823333501162365,14.0
62193,CALAIS,62,Non défini,2549.11,1781.25,2790,2790,-1.1,-2.17,11.5721473468339,0.768738443663871,7991.0
62194,CALONNE RICOUART,62,Non défini,1332.56,1301.2,108,108,-5.3,-4.96,10.3119672123317,0.697612076572692,109.0
62201,CAMIERS,62,Non défini,3488.26,3750.0,238,238,1.79,3.62,12.7680168003667,0.776117378664219,125.0
62215,CARVIN,62,Non défini,1939.64,1755.56,582,582,-8.65,-8.15,11.6737577324314,0.753994932221416,799.0
62217,CAUCHY-A-LA-TOUR,62,Non défini,1329.42,1347.74,87,87,45.53,17.31,11.0876146826035,0.697612076572692,3.0
62224,CHOCQUES,62,Non défini,1614.32,1715.28,78,78,64.19,-1.31,10.422238185025,0.823333501162365,21.0
62235,CONDETTE,62,Non défini,3412.78,2947.18,91,91,-5.45,13.96,11.6068949133825,0.750065182427557,37.0
62239,COQUELLES,62,Non défini,2458.92,2439.57,66,66,-3.93,6.45,11.4040269642352,0.768738443663871,84.0
62240,CORBEHEM,62,Non défini,1712.24,1659.54,69,69,-6.14,9.8,11.2619542705562,0.769487070376891,49.0
62244,COULOGNE,62,Non défini,1945.85,1913.58,176,176,7.55,3.83,11.8721699425377,0.706346971239577,67.0
62249,COURCELLES LES LENS,62,Non défini,2110.39,1701.03,109,109,1.78,-7.01,11.1983027576409,0.765985009223488,60.0
62250,COURRIERES,62,Non défini,1733.69,1653.52,212,212,-8.98,-8.19,11.250061187393,0.753994932221416,287.0
62252,LA COUTURE,62,Non défini,2377.37,2535.07,227,227,57.36,10.22,10.9284552141686,0.740270285422859,74.0
62261,CUCQ,62,Non défini,5005.6,4695.62,577,577,8.14,11.67,13.9794969433467,0.774536720938677,430.0
62263,DAINVILLE,62,Non défini,3981.11,2123.32,198,198,3.67,3.0,13.0799305306293,0.853105263387946,160.0
62268,DESVRES,62,Non défini,1652.95,1551.83,156,156,-4.03,2.32,9.63329965767793,0.725942845984318,319.0
62270,DIVION,62,Non défini,1397.47,1338.71,178,178,-2.76,-8.72,10.6327286263324,0.6758727724352,145.0
62274,DOURGES,62,Non défini,1955.37,1821.43,159,159,-4.33,0.57,11.2381014017051,0.765985009223488,182.0
62276,DOUVRIN,62,Non défini,1918.71,1862.11,295,295,-11.9,-7.52,11.784001667968,0.741237469225004,184.0
62277,DROCOURT,62,Non défini,1608.91,1624.43,69,69,1.01,-11.61,11.1983027576409,0.765985009223488,74.0
62288,ECQUES,62,Non défini,2009.82,2015.97,82,82,8.59,6.31,10.6953850773904,0.76798737635176,15.0
62291,ELEU-DIT-LEAUWETTE,62,Non défini,1734.99,1600.0,99,99,2.85,-5.51,11.3140664472149,0.798956919297885,127.0
62297,EPERLECQUES,62,Non défini,1734.35,1662.95,112,112,-14.77,-10.99,10.4320147286036,0.728246748212783,33.0
62300,EQUIHEN PLAGE,62,Non défini,3771.63,3366.54,50,50,55.0,31.94,11.6068949133825,0.750065182427557,80.0
62311,ESTEVELLES,62,Non défini,1894.6,1900.78,44,44,7.71,-12.88,11.8418374745312,0.769752201823426,5.0
62318,ETAPLES,62,Non défini,2799.85,2413.79,350,350,-5.31,-6.22,13.1567084322068,0.776117378664219,518.0
62321,EVIN-MALMAISON,62,Non défini,1862.83,1878.79,93,93,8.66,-2.29,11.5940405004333,0.717301373888758,89.0
62338,FLEURBAIX,62,Non défini,2562.54,2453.91,141,141,-18.29,-10.64,13.3227964417856,0.782917892604899,146.0
62351,FOUQUIERES LES LENS,62,Non défini,1774.26,1497.79,110,110,-7.14,-10.94,11.0412674724837,0.733993903327953,31.0
62361,FREVENT,62,Non défini,936.3,907.84,79,79,-5.27,21.98,9.16997709397937,0.733521612451706,128.0
62364,FRUGES,62,Non défini,1249.16,1293.1,51,51,28.35,10.84,9.74802071397956,0.668553933203451,168.0
62371,GIVENCHY-EN-GOHELLE,62,Non défini,1868.64,1939.55,117,117,6.68,4.76,10.3826345997079,0.751608154930376,8.0
62376,GONNEHEM,62,Non défini,2064.11,2070.71,85,85,-10.29,12.5,10.9284552141686,0.740270285422859,10.0
62386,GRENAY,62,Non défini,2105.09,1600.0,72,72,13.86,-0.96,10.7261561790024,0.721539251661303,211.0
62397,GUINES,62,Non défini,2141.08,1666.67,184,184,-3.97,4.17,11.5096973624647,0.706346971239577,138.0
62400,HAILLICOURT,62,Non défini,1899.26,1440.6,123,123,-5.04,-7.66,10.643306617094,0.801669793521831,64.0
62401,HAISNES,62,Non défini,1751.65,1705.22,100,100,-4.59,-18.15,11.020481440227,0.80268799313661,63.0
62413,HARNES,62,Non défini,2114.49,1463.09,292,292,-9.43,-9.67,11.1537972278674,0.733993903327953,388.0
62427,HENIN-BEAUMONT,62,Non défini,1840.74,1484.16,808,808,-6.14,-11.66,11.5306488855799,0.765985009223488,2054.0
62443,HERSIN COUPIGNY,62,Non défini,1361.79,1259.62,153,153,-17.48,-15.92,10.4365782216769,0.787270420444764,125.0
62447,HESDIN,62,Non défini,1734.04,1450.98,133,133,4.72,16.08,9.87698461596293,0.720139189837921,422.0
62454,HINGES,62,Non défini,2201.64,2146.07,77,77,-13.0,4.43,10.9284552141686,0.740270285422859,20.0
62457,HOUDAIN,62,Non défini,1586.94,1496.1,137,137,-5.43,-3.87,9.94271737099882,0.705015555916694,160.0
62464,HULLUCH,62,Non défini,1952.69,2127.45,66,66,1.12,1.13,11.3386676883081,0.741237469225004,122.0
62473,ISBERGUES,62,Non défini,1286.53,1288.67,421,421,-1.44,-6.28,10.0796081924136,0.775705533691664,280.0
62480,LABOURSE,62,Non défini,1719.04,1678.02,82,82,1.73,-15.77,10.5157126946826,0.80253812881591,0.0
62489,LAPUGNOY,62,Non défini,1331.79,1330.28,110,110,-26.02,-10.33,10.643306617094,0.801669793521831,36.0
62491,LAVENTIE,62,Non défini,2304.17,2264.71,167,167,-12.08,2.55,11.7738755478036,0.782917892604899,251.0
62497,LEFOREST,62,Non défini,1844.29,1777.27,180,180,7.53,-0.56,11.5940405004333,0.717301373888758,71.0
62498,LENS,62,Non défini,3778.28,1960.16,900,900,22.13,5.75,11.9308484563982,0.798956919297885,5317.0
62502,LESTREM,62,Non défini,2718.28,2280.49,201,201,1.28,-1.55,11.0836400776484,0.740270285422859,181.0
62510,LIEVIN,62,Non défini,2218.38,1605.87,653,653,-4.77,3.4,11.2554629766734,0.751608154930376,1108.0
62516,LILLERS,62,Non défini,1295.88,1181.82,392,392,-3.95,-2.27,10.2074218397851,0.668553933203451,593.0
62520,LOCON,62,Non défini,2948.96,2361.43,69,69,13.46,11.6,10.9284552141686,0.740270285422859,46.0
62523,LOISON SOUS LENS,62,Non défini,1846.64,1526.39,126,126,3.5,-9.35,11.2919119336696,0.73369482188317,88.0
62525,LONGUENESSE,62,Non défini,2315.12,1838.02,196,196,3.37,0.04,12.5274948363215,0.791666045184103,220.0
62528,LOOS EN GOHELLE,62,Non défini,1725.15,1666.67,179,179,-4.28,-0.45,11.254754991821,0.80253812881591,240.0
62534,LUMBRES,62,Non défini,1721.76,1521.12,164,164,-4.81,2.0,9.93803109876306,0.699181360410648,283.0
62548,MARCK,62,Non défini,2078.77,2007.52,294,294,0.2,-1.84,11.736053892964,0.768738443663871,110.0
62555,MARLES LES MINES,62,Non défini,1647.61,1414.36,91,91,-6.97,17.86,10.9515730370692,0.697612076572692,119.0
62557,MAROEUIL,62,Non défini,2333.59,2372.86,61,61,17.16,-7.61,11.2923708076589,0.866383841258602,173.0
62560,MARQUISE,62,Non défini,2066.43,1866.67,207,207,-0.92,-6.15,11.9965262149474,0.803310289839595,299.0
62563,MAZINGARBE,62,Non défini,1621.88,1451.92,244,244,4.18,-15.92,10.8466073854111,0.80253812881591,268.0
62570,MERICOURT,62,Non défini,1614.42,1519.14,194,194,-23.54,-3.13,11.3822907931303,0.733993903327953,175.0
62571,MERLIMONT,62,Non défini,4162.78,4000.0,360,360,-2.57,6.77,13.4854143027585,0.767861438200309,154.0
62573,MEURCHIN,62,Non défini,2660.27,1826.39,119,119,-1.46,-11.59,11.8418374745312,0.769752201823426,98.0
62587,MONTIGNY EN GOHELLE,62,Non défini,1426.19,1385.42,202,202,-16.93,-12.67,10.8853499081418,0.733993903327953,271.0
62604,NEUFCHATEL-HARDELOT,62,Non défini,5108.9,5200.0,472,472,0.02,12.48,12.9966943980813,0.750065182427557,145.0
62617,NOEUX LES MINES,62,Non défini,1443.74,1410.26,350,350,-7.84,-11.58,11.1020221893245,0.787270420444764,717.0
62624,NOYELLES GODAULT,62,Non défini,2239.55,1666.82,215,215,-5.1,-7.92,11.696720620718,0.765985009223488,191.0
62626,NOYELLES-LES-VERMELLES,62,Non défini,1564.51,1363.04,24,24,-23.84,-33.02,10.5157126946826,0.80253812881591,20.0
62628,NOYELLES SOUS LENS,62,Non défini,1979.56,1557.53,136,136,12.98,-2.44,10.7883232086395,0.747100674474967,156.0
62637,OIGNIES,62,Non défini,1703.56,1594.83,224,224,-12.15,-22.35,11.4119391902592,0.717301373888758,239.0
62643,OUTREAU,62,Non défini,1889.74,1753.25,273,273,1.87,5.27,11.2507232874788,0.803310289839595,282.0
62645,OYE-PLAGE,62,Non défini,1949.82,1857.14,276,276,-10.14,-4.01,10.9148716419044,0.631691058706422,63.0
62666,PONT-A-VENDIN,62,Non défini,1509.29,1474.58,89,89,-2.27,-12.13,10.9052688726103,0.73369482188317,161.0
62667,LE PORTEL,62,Non défini,2562.76,2148.06,257,257,4.85,13.21,11.4792301416911,0.750065182427557,771.0
62684,RACQUINGHEM,62,Non défini,1813.56,1673.3,32,32,-15.59,-8.81,11.0925922451026,0.791666045184103,17.0
62688,RANG-DU-FLIERS,62,Non défini,2290.99,2212.92,176,176,-13.22,-12.33,12.2556314088443,0.767861438200309,36.0
62705,RETY,62,Non défini,1705.47,1677.79,53,53,-23.99,-13.89,12.1019488449788,0.743373284405804,15.0
62706,RICHEBOURG,62,Non défini,2285.35,2256.1,71,71,-2.12,-8.53,10.9284552141686,0.740270285422859,30.0
62711,RINXENT,62,Non défini,1965.71,1914.89,121,121,0.28,4.93,11.5375542959756,0.803310289839595,60.0
62724,ROUVROY,62,Non défini,2891.2,1777.62,124,124,14.82,5.05,10.6762907507935,0.733993903327953,112.0
62735,SAILLY-LABOURSE,62,Non défini,1997.04,1988.64,103,103,23.8,13.62,11.020481440227,0.80268799313661,21.0
62736,SAILLY-SUR-LA-LYS,62,Non défini,2288.93,2359.15,114,114,-5.63,4.6,10.4791590099319,0.749489185611205,118.0
62737,SAINS EN GOHELLE,62,Non défini,1950.27,1756.5,126,126,17.65,14.17,11.4261574575102,0.751293903269453,142.0
62744,SAINTE-CATHERINE,62,Non défini,2251.44,2275.01,112,112,2.03,8.27,13.4576037801409,0.801889776693517,159.0
62746,SAINT-ETIENNE-AU-MONT,62,Non défini,2079.38,2146.88,118,118,5.6,15.01,11.6068949133825,0.750065182427557,11.0
62748,SAINT-FOLQUIN,62,Non défini,2602.56,1825.03,119,119,-15.92,-20.32,10.9148716419044,0.631691058706422,8.0
62753,SAINT-LAURENT-BLANGY,62,Non défini,2615.18,1990.13,199,199,-1.72,-3.9,12.7862628473712,0.872102207520699,430.0
62755,SAINT-LEONARD,62,Non défini,1978.17,1914.44,52,52,-5.56,-0.69,11.5375542959756,0.803310289839595,27.0
62757,SAINT-MARTIN-LEZ-TATINGHEM,62,Non défini,2087.96,1797.55,171,171,-4.13,2.39,11.5297260494263,0.799754001579853,167.0
62758,ST MARTIN BOULOGNE,62,Non défini,2548.71,2129.03,404,404,3.95,6.41,12.0488136160774,0.760298476150125,782.0
62764,SAINT-NICOLAS,62,Non défini,2725.13,1842.11,133,133,7.74,4.72,12.4174032146565,0.872102207520699,209.0
62765,SAINT OMER,62,Non défini,3690.66,2021.28,547,547,-14.3,-1.06,10.8429576472215,0.799754001579853,4411.0
62767,ST-POL-SUR-TERNOISE,62,Non défini,1445.47,1204.72,170,170,-9.34,-16.69,10.1858532610899,0.642680032961256,802.0
62770,SAINT-VENANT,62,Non défini,1920.11,1607.14,117,117,-18.68,-10.02,10.1610410062377,0.775705533691664,188.0
62771,SALLAUMINES,62,Non défini,1756.91,1476.72,131,131,3.75,-18.16,11.0654421033859,0.747100674474967,375.0
62773,SAMER,62,Non défini,1932.73,1983.06,127,127,-1.23,2.16,10.546773763011,0.725942845984318,65.0
62774,SANGATTE,62,Non défini,2690.39,2489.8,103,103,0.85,0.24,12.8451402483537,0.706346971239577,145.0
62801,SOUCHEZ,62,Non défini,1749.59,1831.77,80,80,-16.43,-12.09,10.3826345997079,0.751608154930376,98.0
62826,LE TOUQUET PARIS PLAGE,62,Non défini,9065.13,8734.7,906,906,-4.5,3.65,16.3891023606588,0.774536720938677,457.0
62841,VENDIN-LES-BETHUNE,62,Non défini,1552.41,1548.74,74,74,-4.36,-18.25,10.422238185025,0.823333501162365,49.0
62842,VENDIN LE VIEIL,62,Non défini,1766.92,1704.55,157,157,-9.97,-10.73,11.157037506493,0.73369482188317,153.0
62846,VERMELLES,62,Non défini,1712.2,1608.37,152,152,2.84,-0.28,10.9257430488129,0.80268799313661,170.0
62847,VERQUIGNEUL,62,Non défini,3023.59,1875.0,65,65,7.89,10.11,10.5157126946826,0.80253812881591,15.0
62848,VERQUIN,62,Non défini,1517.74,1536.47,84,84,-2.32,-9.86,10.5157126946826,0.80253812881591,60.0
62849,VERTON,62,Non défini,2887.39,2554.35,86,86,7.89,0.63,12.2556314088443,0.767861438200309,13.0
62861,VIMY,62,Non défini,1984.91,1938.39,119,119,-7.99,-9.14,11.817159996172,0.808700364571988,139.0
62863,VIOLAINES,62,Non défini,2039.28,1956.93,76,76,-16.8,-4.97,11.3821986741941,0.741237469225004,69.0
62865,VITRY EN ARTOIS,62,Non défini,2843.11,1888.09,182,182,3.1,0.48,11.4078674943479,0.79403498822993,205.0
62893,WIMEREUX,62,Non défini,4795.78,4750.0,304,304,4.11,5.8,13.5783124698165,0.743373284405804,477.0
62894,WIMILLE,62,Non défini,2632.79,2225.81,128,128,-22.68,2.76,11.5375542959756,0.803310289839595,54.0
62895,WINGLES,62,Non défini,2304.55,1749.33,228,228,-2.85,-3.88,11.7707164843796,0.73369482188317,426.0
62902,WIZERNES,62,Non défini,1813.66,1832.81,91,91,8.87,6.77,11.0925922451026,0.791666045184103,71.0
62907,LIBERCOURT,62,Non défini,1717.15,1732.72,222,222,12.51,-3.54,11.2854603214125,0.753994932221416,73.0
63001,AIGUEPERSE,63,Non défini,1826.72,1897.78,112,112,83.13,-7.27,9.4042604452558,0.810111688890283,257.0
63003,AMBERT,63,Non défini,2561.7,1682.22,430,430,22.06,16.19,8.30108118148742,0.701874091914342,1064.0
63014,AUBIERE,63,Non défini,3403.66,2574.14,404,404,-3.27,-9.78,12.155078500735,0.825730860286306,2195.0
63019,AULNAT,63,Non défini,2334.78,2263.22,109,109,-4.88,-6.11,10.9141661808314,0.855702188502188,235.0
63026,AYDAT,63,Non défini,2934.13,2741.94,159,159,-2.32,12.39,9.27613282040624,0.80346847152552,69.0
63032,BEAUMONT,63,Non défini,3159.79,2502.91,330,330,-2.57,0.12,12.3994796872637,0.842999140415016,1707.0
63040,BILLOM,63,Non défini,1611.97,1603.77,132,132,-14.95,-5.36,9.62772782916054,0.790422049311851,802.0
63042,BLANZAT,63,Non défini,2381.67,2254.51,61,61,-11.2,-4.9,11.3681097266184,0.855702188502188,74.0
63050,BRASSAC-LES-MINES,63,Non défini,1293.8,1369.74,177,177,-3.94,-3.06,8.80357517324894,0.672633363800181,131.0
63063,CEBAZAT,63,Non défini,2800.55,2344.55,334,334,-6.24,-8.42,12.4905410347568,0.761149086092574,344.0
63069,LE CENDRE,63,Non défini,2318.25,2256.18,174,174,-7.02,-4.71,11.0903580444889,0.753690399210871,139.0
63070,CEYRAT,63,Non défini,3876.39,3000.0,254,254,5.4,-1.51,11.9741929522247,0.842999140415016,338.0
63075,CHAMALIERES,63,Non défini,2877.45,2482.76,1078,1078,-5.33,-7.32,11.6288501500544,0.867344007229108,6346.0
63099,CHATEAUGAY,63,Non défini,2089.9,1905.58,113,113,-16.78,-9.76,11.895415090408,0.761149086092574,152.0
63103,CHATELGUYON,63,Non défini,2428.35,2138.98,332,332,-14.44,-9.22,10.4754540868185,0.759547552456737,1122.0
63113,CLERMONT FERRAND,63,Non défini,3070.42,2282.61,6852,6852,-2.55,-3.55,12.4866779595752,0.855702188502188,48197.0
63116,COMBRONDE,63,Non défini,1707.45,1901.12,114,114,-8.83,3.0,9.37623306790398,0.808163005496025,212.0
63124,COURNON D AUVERGNE,63,Non défini,2271.29,2244.42,569,569,-8.35,-5.9,13.6177301218309,0.768946443293504,1100.0
63125,COURPIERE,63,Non défini,1530.01,1451.61,276,276,7.61,-1.97,8.13192171707054,0.714153443805236,548.0
63141,DURTOL,63,Non défini,2821.99,2800.0,43,43,-7.22,0.3,10.0357771437048,0.867344007229108,57.0
63148,ENNEZAT,63,Non défini,3284.56,2383.22,86,86,2.26,4.36,10.2497056706336,0.810111688890283,90.0
63164,GERZAT,63,Non défini,2207.43,2131.08,254,254,1.21,0.72,12.0932247960413,0.849482615714023,533.0
63178,ISSOIRE,63,Non défini,2825.83,2032.97,805,805,-0.64,-2.67,10.299486615029,0.798368495067599,3362.0
63193,LEMPDES,63,Non défini,2480.99,2305.06,199,199,-0.9,-4.35,13.645390200864,0.75722980825329,677.0
63195,LEZOUX,63,Non défini,2047.9,2012.94,254,254,-0.0,-2.4,9.86895292968537,0.72571567222295,579.0
63210,MARINGUES,63,Non défini,1400.25,1370.36,142,142,9.14,26.15,9.11152464156529,0.734848026750736,264.0
63213,LES MARTRES D ARTIERE,63,Non défini,2532.26,2551.02,48,48,2.63,2.04,11.6326981942498,0.849482615714023,26.0
63214,LES MARTRES DE VEYRE,63,Non défini,2083.81,2209.42,209,209,-7.0,-0.46,9.91424843290785,0.753690399210871,491.0
63226,MUR-SUR-ALLIER,63,Non défini,1976.88,1897.06,97,97,-12.12,-6.62,12.1519064621377,0.75722980825329,119.0
63227,MIREFLEURS,63,Non défini,2214.71,2364.17,62,62,-13.0,1.36,11.9290131608451,0.768946443293504,24.0
63245,MOZAC,63,Non défini,3439.55,2433.49,137,137,-8.5,-7.78,11.2327952828973,0.827861863704018,102.0
63254,NOHANENT,63,Non défini,2646.42,2763.94,60,60,15.89,28.26,10.0357771437048,0.867344007229108,75.0
63262,ORCET,63,Non défini,2268.7,2404.59,105,105,-17.51,-10.91,11.9290131608451,0.768946443293504,77.0
63263,ORCINES,63,Non défini,2695.47,2688.68,143,143,0.09,-14.42,10.5679751944428,0.80346847152552,209.0
63265,ORLEAT,63,Non défini,2504.2,2265.64,120,120,1.27,0.62,9.8130451169323,0.72571567222295,6.0
63272,PERIGNAT-LES-SARLIEVE,63,Non défini,2469.21,2423.22,76,76,-8.19,-14.31,11.3730941543517,0.75112383468513,133.0
63276,PESCHADOIRES,63,Non défini,2181.46,1917.81,127,127,6.81,30.02,9.8130451169323,0.72571567222295,85.0
63284,PONT-DU-CHATEAU,63,Non défini,2607.49,2540.32,304,304,9.45,5.55,10.2287251121909,0.768971091371456,676.0
63291,PUY-GUILLAUME,63,Non défini,1449.32,1288.58,201,201,-1.21,-15.72,9.32861321483402,0.734848026750736,180.0
63300,RIOM,63,Non défini,3314.26,2344.55,693,693,-2.94,-3.25,10.5772003044477,0.794227932992862,4311.0
63302,LA ROCHE BLANCHE,63,Non défini,2343.9,2622.82,119,119,-4.41,6.61,10.147918317682,0.75112383468513,154.0
63307,ROMAGNAT,63,Non défini,2441.26,2282.74,261,261,-13.0,-13.19,11.4424170156569,0.75112383468513,361.0
63308,ROYAT,63,Non défini,2542.0,2375.0,268,268,-4.57,-11.23,11.6664743552589,0.809278515473716,1141.0
63322,SAINT-BEAUZIRE,63,Non défini,2218.77,2125.81,56,56,-8.37,-1.72,11.6326981942498,0.849482615714023,35.0
63327,SAINT-BONNET-PRES-RIOM,63,Non défini,2570.44,2000.0,83,83,-9.03,-12.03,10.2087834711102,0.794227932992862,47.0
63338,SAINT ELOY LES MINES,63,Non défini,1490.87,855.26,238,238,-11.86,9.48,8.12853310650529,0.624618260073193,301.0
63345,SAINT-GENES-CHAMPANELLE,63,Non défini,2664.04,2653.96,252,252,16.95,-6.64,10.3779544687518,0.809278515473716,54.0
63352,SAINT-GERMAIN-LEMBRON,63,Non défini,2597.57,1850.29,93,93,14.39,-14.64,10.2154536438052,0.811627242678024,268.0
63417,SAYAT,63,Non défini,3352.23,2747.76,72,72,5.13,9.24,9.80952850811887,0.827861863704018,66.0
63430,THIERS,63,Non défini,1355.6,1000.0,835,835,-24.78,-12.77,8.9746900335259,0.705776247568593,2340.0
63453,VERTAIZON,63,Non défini,2211.18,2098.91,117,117,-4.01,-4.92,11.1333893731076,0.75722980825329,164.0
63455,VEYRE-MONTON,63,Non défini,3034.65,2480.52,88,88,2.19,-1.12,12.3281173811835,0.768946443293504,101.0
63457,VIC-LE-COMTE,63,Non défini,2302.01,2345.21,154,154,-0.86,-0.72,10.2001626556765,0.780236486747918,316.0
63470,VOLVIC,63,Non défini,2075.83,2255.32,107,107,6.7,-8.76,9.77801810601652,0.827861863704018,198.0
64009,AHETZE,64,Non défini,6553.65,6111.11,74,74,9.48,6.69,15.470111016159,0.779605233938184,64.0
64024,ANGLET,64,Non défini,6007.92,5503.33,2211,2211,-6.36,-4.86,15.2465421706436,0.793837892453811,3584.0
64035,ARBONNE,64,Non défini,6738.2,6254.07,148,148,-2.72,2.4,14.7759100572631,0.726346389926432,65.0
64038,ARCANGUES,64,Non défini,6274.61,5977.35,183,183,1.62,7.98,14.4095059406151,0.726346389926432,131.0
64060,ARTIGUELOUVE,64,Non défini,2536.54,2482.22,131,131,-3.06,-4.1,12.5227227230771,0.880122907241134,66.0
64061,ARTIX,64,Non défini,2074.94,1983.46,147,147,-2.85,2.96,9.94164479864083,0.704602033234145,193.0
64062,ARUDY,64,Non défini,1657.7,1572.92,98,98,-18.41,-20.23,10.1057437738619,0.769166357247399,206.0
64065,ASCAIN,64,Non défini,5293.88,4770.44,168,168,-16.9,-18.77,13.5907932383616,0.807302952518874,144.0
64067,ASSAT,64,Non défini,2381.77,2226.32,69,69,-21.28,1.25,11.7365545478532,0.842843352695266,32.0
64100,BASSUSSARRY,64,Non défini,4849.61,4792.36,115,115,-13.6,-8.17,14.3313328771768,0.793837892453811,163.0
64102,BAYONNE,64,Non défini,4489.56,4167.39,1958,1958,-4.45,-1.19,13.7921463513154,0.81109876808981,7267.0
64122,BIARRITZ,64,Non défini,8218.13,7514.44,1726,1726,-6.61,-6.73,16.3921812983677,0.726346389926432,2701.0
64125,BIDART,64,Non défini,7483.1,6531.36,376,376,-0.37,-14.96,15.8833569545655,0.779605233938184,600.0
64129,BILLERE,64,Non défini,2289.79,2193.09,694,694,-2.46,5.82,12.579423618065,0.880122907241134,2648.0
64132,BIZANOS,64,Non défini,2644.81,2500.0,183,183,-0.98,1.55,12.0711403639455,0.803239773492728,483.0
64138,BORDES,64,Non défini,2201.41,2247.52,111,111,-10.33,-1.97,10.0524788553464,0.802465199925741,69.0
64140,BOUCAU,64,Non défini,4410.22,3847.66,265,265,-9.2,-10.0,14.0054741351645,0.759726985047743,571.0
64147,BRISCOUS,64,Non défini,3544.77,3371.21,87,87,-6.9,-11.28,12.0462750946963,0.817283993940497,108.0
64160,CAMBO-LES-BAINS,64,Non défini,4038.85,3878.81,301,301,-6.83,0.85,12.9222457201985,0.729359768338193,641.0
64189,CIBOURE,64,Non défini,6650.14,6110.83,433,433,-3.71,1.99,14.7982089587478,0.793987209847571,400.0
64191,COARRAZE,64,Non défini,1970.26,1880.14,56,56,-1.43,1.63,10.8010508584371,0.785168670406114,106.0
64213,ESPELETTE,64,Non défini,4164.02,3888.34,58,58,-11.69,-21.67,12.2989601783156,0.752240686111999,164.0
64230,GAN,64,Non défini,2453.53,2126.32,250,250,-15.51,-6.02,12.0762549179466,0.834949082834393,252.0
64237,GELOS,64,Non défini,2606.83,2258.06,176,176,-16.06,8.4,11.8742283786863,0.842843352695266,202.0
64238,GER,64,Non défini,2015.42,2262.6,78,78,-4.32,3.99,10.0557624859399,0.817422002252363,21.0
64256,HASPARREN,64,Non défini,4159.67,3875.0,358,358,5.94,7.18,12.8244815722229,0.805747159940585,823.0
64260,HENDAYE,64,Non défini,5104.75,4666.67,859,859,-2.22,-4.43,13.8585322163316,0.772625269407809,880.0
64269,IDRON,64,Non défini,2956.11,2830.92,196,196,4.73,2.49,13.0851138589415,0.842843352695266,202.0
64279,ITXASSOU,64,Non défini,4612.35,4163.3,127,127,-1.27,3.04,11.869446920601,0.752240686111999,90.0
64284,JURANCON,64,Non défini,2219.67,2045.45,333,333,-7.22,-6.23,12.8103211968887,0.834949082834393,670.0
64304,LAHONCE,64,Non défini,4056.63,4026.85,130,130,3.39,-1.4,14.1936214256298,0.864481705024336,125.0
64317,LARRESSORE,64,Non défini,3713.58,3566.52,100,100,-5.64,-5.43,12.6862823908152,0.752240686111999,145.0
64335,LESCAR,64,Non défini,2866.64,2666.67,274,274,0.32,2.73,13.697889076447,0.887344474871391,562.0
64348,LONS,64,Non défini,2720.91,2495.05,543,543,-0.2,1.35,12.7626006580049,0.903480130908682,1354.0
64371,MAULEON LICHARRE,64,Non défini,1459.95,1406.91,105,105,-8.24,-4.76,8.48492189508018,0.724812440419878,388.0
64393,MONEIN,64,Non défini,2344.23,2355.0,308,308,19.44,15.29,10.9195362579319,0.740576502454439,159.0
64399,MONTARDON,64,Non défini,3030.08,2704.63,82,82,8.09,0.82,12.4078248296138,0.857051401653221,27.0
64405,MORLAAS,64,Non défini,2497.59,2382.86,132,132,2.12,-1.09,13.0435131750683,0.830547550006874,216.0
64407,MOUGUERRE,64,Non défini,4356.62,4040.71,188,188,-9.56,-5.3,13.9689659426338,0.848001893557811,163.0
64410,MOURENX,64,Non défini,3898.16,1435.35,196,196,2.55,6.32,8.78026651984744,0.704602033234145,658.0
64417,NAY,64,Non défini,2341.54,2086.67,134,134,-3.18,-3.92,10.6404946656643,0.785168670406114,857.0
64422,OLORON SAINTE MARIE,64,Non défini,2154.49,1571.43,576,576,-4.92,-2.59,10.404640587432,0.745464121070115,1969.0
64430,ORTHEZ,64,Non défini,2161.25,1741.9,547,547,-10.46,-6.21,11.5236437132594,0.82417011401984,1731.0
64445,PAU,64,Non défini,2834.78,2238.1,4899,4899,-2.48,0.45,12.0469063129182,0.857051401653221,24067.0
64453,PONTACQ,64,Non défini,1878.0,1842.53,72,72,-12.58,14.27,10.0645510523069,0.817422002252363,212.0
64483,SAINT-JEAN-DE-LUZ,64,Non défini,6689.99,5939.13,848,848,-7.31,-14.87,15.0873525766068,0.793987209847571,1072.0
64493,SAINT-PALAIS,64,Non défini,2586.61,2876.08,92,92,33.64,15.37,10.7267872130525,0.77553604236976,482.0
64495,SAINT-PEE-SUR-NIVELLE,64,Non défini,4559.82,4115.61,165,165,-9.59,-13.03,13.4180370827388,0.79469449418773,343.0
64496,SAINT-PIERRE-D IRUBE,64,Non défini,3841.36,4076.92,170,170,-6.57,-6.23,14.3978644314169,0.848001893557811,379.0
64499,SALIES DE BEARN,64,Non défini,2585.56,2336.44,313,313,0.27,12.27,10.476248109414,0.789332508829405,492.0
64504,SARE,64,Non défini,4891.72,4124.08,76,76,1.75,11.27,12.3180043125208,0.79469449418773,68.0
64511,SAUVAGNON,64,Non défini,2550.39,2558.33,118,118,-1.87,-5.82,11.1841346346304,0.887344474871391,52.0
64519,SERRES CASTET,64,Non défini,3064.64,2612.5,164,164,-4.65,-0.99,9.70517477819149,0.903480130908682,72.0
64540,URCUIT,64,Non défini,3378.26,3477.88,178,178,-27.66,-16.25,10.646382944661,0.817283993940497,96.0
64545,URRUGNE,64,Non défini,5050.94,4724.33,280,280,-16.21,-1.94,14.1100217535755,0.807302952518874,387.0
64546,URT,64,Non défini,3415.46,3346.92,103,103,-10.73,-4.96,10.646382944661,0.817283993940497,91.0
64547,USTARITZ,64,Non défini,4727.74,4161.29,384,384,-3.69,-0.63,13.188406797177,0.797990048364304,797.0
64558,VILLEFRANQUE,64,Non défini,4711.02,4461.36,191,191,-2.33,6.52,13.2916200348655,0.797990048364304,97.0
65025,ARGELES-GAZOST,65,Non défini,2487.87,2473.68,163,163,-11.72,-0.84,11.8171288144557,0.687033448716629,462.0
65047,AUREILHAN,65,Non défini,1980.32,1690.34,266,266,-2.81,2.36,9.90932343445483,0.652835529784195,448.0
65059,BAGNERES-DE-BIGORRE,65,Non défini,2893.5,2046.16,642,642,-6.89,-0.61,10.6470918007513,0.654443725705788,1299.0
65062,BARBAZAN DEBAT,65,Non défini,2679.94,1881.72,107,107,8.87,-1.49,8.81760874425445,0.763345745182577,44.0
65100,BORDERES SUR-L ECHEZ,65,Non défini,1593.89,1694.95,124,124,-11.02,-6.49,10.201573569243,0.817422002252363,150.0
65226,IBOS,65,Non défini,2588.35,2113.79,131,131,-2.1,9.45,10.5670686816357,0.817422002252363,111.0
65235,JUILLAN,65,Non défini,2131.02,1909.74,155,155,9.25,-5.25,10.0869524858178,0.809754564293037,51.0
65258,LANNEMEZAN,65,Non défini,1350.35,1250.0,274,274,3.29,-7.5,8.93464187168942,0.740538348890524,923.0
65286,LOURDES,65,Non défini,2407.98,1483.97,991,991,2.0,-0.91,10.9341563815269,0.801693363501862,3119.0
65304,MAUBOURGUET,65,Non défini,1445.81,1488.1,155,155,-14.97,-9.33,8.7607054807544,0.707714168425412,180.0
65331,ODOS,65,Non défini,2066.19,1908.4,105,105,-5.45,5.06,10.0869524858178,0.809754564293037,27.0
65344,OSSUN,65,Non défini,1667.16,1475.81,54,54,-13.78,-22.79,10.4478529141199,0.785168670406114,38.0
65417,SEMEAC,65,Non défini,1983.68,1802.82,174,174,0.94,1.12,9.86728014495944,0.763345745182577,288.0
65433,SOUES,65,Non défini,1989.87,1804.51,107,107,8.9,1.5,9.29786180778205,0.804400387804123,68.0
65440,TARBES,65,Non défini,2942.51,1618.14,2215,2215,-1.44,2.97,10.3062876714041,0.804400387804123,13922.0
65460,VIC-EN-BIGORRE,65,Non défini,1794.63,1483.65,221,221,-8.15,-0.3,10.2742285163061,0.806856006674499,625.0
66002,ALENYA,66,Non défini,2825.91,2795.2,110,110,1.54,6.07,12.4520997877477,0.802221118122579,174.0
66003,AMELIE LES BAINS,66,Non défini,3055.84,1607.18,682,682,10.64,10.97,10.5811842190251,0.560976142042136,1282.0
66008,ARGELES SUR MER,66,Non défini,3806.02,3518.52,1175,1175,-2.94,4.12,13.0256805688053,0.762810385165579,1776.0
66009,ARLES SUR TECH,66,Non défini,2022.15,1861.9,152,152,9.83,1.58,10.0690675501462,0.777448909428497,349.0
66011,BAGES,66,Non défini,2725.96,2575.0,149,149,-4.78,1.76,10.7147054081621,0.796629378569697,340.0
66012,BAHO,66,Non défini,2365.32,2142.86,120,120,-17.04,-8.8,11.9726788921956,0.817895988773054,184.0
66014,BAIXAS,66,Non défini,1921.64,1695.65,138,138,-15.95,-15.59,11.0298242822647,0.817895988773054,230.0
66016,BANYULS SUR MER,66,Non défini,4286.56,3670.89,369,369,-3.94,1.2,12.8789605249332,0.762810385165579,275.0
66017,LE BARCARES,66,Non défini,3642.16,3534.0,1231,1231,1.74,11.07,13.4078671038092,0.676472943632388,697.0
66021,BOMPAS,66,Non défini,2520.32,2562.39,248,248,3.47,0.89,11.7676236512141,0.866052568773868,296.0
66024,LE BOULOU,66,Non défini,3017.74,2583.95,259,259,-2.48,1.92,11.2807907744737,0.802159002589669,624.0
66028,CABESTANY,66,Non défini,2642.5,2530.94,219,219,-4.48,-7.72,12.9050649930422,0.737462246088961,433.0
66037,CANET EN ROUSSILLON,66,Non défini,3980.61,3650.54,1137,1137,0.48,5.41,13.6990622795033,0.768361628093677,2579.0
66038,CANOHES,66,Non défini,2993.86,2833.33,285,285,-0.7,0.5,12.1137828838597,0.857199368949902,319.0
66049,CERET,66,Non défini,3043.83,2578.88,356,356,-4.76,-2.82,11.8384354792066,0.820701648341968,954.0
66050,CLAIRA,66,Non défini,2461.96,2557.18,303,303,5.92,-6.09,12.9045538217145,0.772945360513173,257.0
66053,COLLIOURE,66,Non défini,5482.45,4909.29,337,337,1.82,-3.5,14.9340138205766,0.814982054842995,141.0
66058,CORNEILLA DE LA RIVIERE,66,Non défini,1956.64,2140.22,101,101,0.72,1.55,11.4637826978356,0.817895988773054,70.0
66059,CORNEILLA DEL VERCOL,66,Non défini,2574.09,2460.7,115,115,-2.18,-1.95,11.7622130550438,0.802221118122579,138.0
66065,ELNE,66,Non défini,2427.08,2127.91,371,371,-19.28,-10.79,12.0259784594804,0.793525110503647,906.0
66069,ESPIRA DE L AGLY,66,Non défini,2235.0,2237.5,138,138,5.06,-9.38,11.2758644795855,0.801875012558311,240.0
66071,ESTAGEL,66,Non défini,2757.09,1737.31,153,153,21.21,0.58,10.13031387568,0.806360277194477,118.0
66088,ILLE-SUR-TET,66,Non défini,2877.49,2128.0,245,245,25.18,27.01,10.7688455418574,0.744425438609775,456.0
66093,LAROQUE DES ALBERES,66,Non défini,3427.37,3164.44,114,114,-5.97,4.24,11.6005049440876,0.853210222245709,54.0
66094,LATOUR BAS ELNE,66,Non défini,2991.03,2936.9,94,94,-5.91,-2.01,12.5857676098184,0.768361628093677,167.0
66101,LLUPIA,66,Non défini,6712.71,3010.49,124,124,-9.69,14.32,11.3139100015604,0.857199368949902,35.0
66106,MAUREILLAS LAS ILLAS,66,Non défini,2374.45,2205.36,149,149,-17.11,-5.77,11.6005049440876,0.853210222245709,98.0
66108,MILLAS,66,Non défini,2050.67,2013.89,191,191,4.93,-7.16,10.8765747134316,0.711790242404048,248.0
66133,PALAU DEL VIDRE,66,Non défini,2602.87,2603.45,98,98,-7.68,-1.82,10.7488074769355,0.772992631904762,154.0
66136,PERPIGNAN,66,Non défini,2397.57,1797.98,6267,6267,-2.5,-2.93,12.1838786003191,0.801875012558311,27793.0
66140,PEZILLA DE LA RIVIERE,66,Non défini,2519.97,2280.2,158,158,-13.48,-4.99,11.2362708958852,0.806360277194477,227.0
66141,PIA,66,Non défini,2727.22,2673.07,301,301,5.95,5.93,11.7508034924776,0.866052568773868,335.0
66144,POLLESTRES,66,Non défini,2856.06,2493.44,186,186,-4.03,-9.33,11.9404349099521,0.857199368949902,320.0
66145,PONTEILLA,66,Non défini,2696.24,2674.49,139,139,3.47,23.44,11.1666667512919,0.857199368949902,150.0
66148,PORT-VENDRES,66,Non défini,3953.12,3316.67,212,212,2.26,17.76,12.4897521549793,0.814982054842995,792.0
66149,PRADES,66,Non défini,3012.88,2087.72,291,291,19.08,6.01,10.5341916036674,0.761865036855798,958.0
66164,RIVESALTES,66,Non défini,2597.81,2154.55,242,242,-10.0,-4.24,11.7996211417357,0.770244656813221,1049.0
66168,ST ANDRE,66,Non défini,2766.98,2758.69,151,151,-8.36,-9.36,11.2450170289494,0.772992631904762,176.0
66171,SAINT-CYPRIEN,66,Non défini,4076.82,3919.02,1273,1273,-2.02,7.83,13.2175942567263,0.768361628093677,1475.0
66172,ST ESTEVE,66,Non défini,2503.51,2374.38,360,360,-0.28,3.77,12.622612131057,0.817895988773054,836.0
66174,ST FELIU D AVALL,66,Non défini,2461.82,2466.29,119,119,0.71,7.74,11.5485609142786,0.711790242404048,120.0
66175,ST GENIS DES FONTAINES,66,Non défini,3016.31,2935.36,143,143,0.98,2.16,10.7376111949924,0.853210222245709,177.0
66176,ST HIPPOLYTE,66,Non défini,2793.67,2766.21,142,142,34.11,6.7,11.4409284726268,0.751792299428971,121.0
66178,ST JEAN-PLA DE CORTS,66,Non défini,2870.1,2534.92,57,57,-13.62,10.47,10.9186455869704,0.802159002589669,115.0
66180,ST LAURENT DE LA SALANQUE,66,Non défini,2465.33,2284.48,368,368,-0.86,-7.35,11.364133508716,0.751792299428971,948.0
66182,SAINTE-MARIE-LA-MER,66,Non défini,3524.68,3495.48,350,350,-3.18,-2.45,13.495658533686,0.772945360513173,304.0
66186,SAINT NAZAIRE,66,Non défini,3539.0,2841.98,141,141,8.07,3.22,12.1551393844811,0.802221118122579,85.0
66189,SALEILLES,66,Non défini,2664.64,2686.57,163,163,-1.98,-3.71,12.8905814640867,0.737462246088961,273.0
66190,SALSES-LE-CHATEAU,66,Non défini,2397.54,1913.79,249,249,-14.51,0.72,11.5460666295714,0.770244656813221,197.0
66195,LE SOLER,66,Non défini,2577.94,2469.72,225,225,2.9,-2.97,12.0618752123604,0.817895988773054,410.0
66196,SOREDE,66,Non défini,3446.51,3207.34,174,174,-3.42,2.31,11.5138999098729,0.772992631904762,198.0
66208,THEZA,66,Non défini,3338.62,2451.39,90,90,-13.19,10.55,11.7863133156152,0.802221118122579,197.0
66210,THUIR,66,Non défini,2618.39,2345.07,305,305,-9.21,-10.31,11.1893652658669,0.809199363938619,714.0
66212,TORREILLES,66,Non défini,3372.58,3098.64,192,192,3.94,14.88,12.2541915408414,0.772945360513173,163.0
66213,TOULOUGES,66,Non défini,3025.53,2379.31,185,185,-4.48,-2.75,12.0212570464323,0.857199368949902,465.0
66217,TROUILLAS,66,Non défini,2974.0,2361.11,210,210,33.8,9.36,10.3487680650608,0.796629378569697,94.0
66224,VILLELONGUE DE LA SALANQUE,66,Non défini,2739.16,2266.2,147,147,8.37,-13.32,11.4528982423139,0.866052568773868,148.0
66227,VILLENEUVE-DE-LA-RAHO,66,Non défini,2925.26,2913.58,104,104,1.2,8.79,12.8310282084815,0.737462246088961,241.0
66230,VINCA,66,Non défini,2028.44,1869.05,113,113,3.89,-8.22,10.3490386392088,0.744425438609775,172.0
69003,ALBIGNY-SUR-SAONE,69,Non défini,4464.95,4288.89,75,75,-0.69,-3.31,15.6711354485812,0.836683731531826,277.0
69006,AMPLEPUIS,69,Non défini,1847.09,1783.13,299,299,26.13,-21.84,8.60775343522885,0.742629652670298,742.0
69007,AMPUIS,69,Non défini,3185.95,3055.38,87,87,-9.75,9.42,11.9960275505752,0.796097899817923,320.0
69009,ANSE,69,Non défini,3681.85,3142.64,259,259,-6.55,-16.06,13.5829521755019,0.815750965632334,561.0
69010,L ARBRESLE,69,Non défini,3035.06,2960.39,155,155,6.61,-1.32,11.7218369096658,0.789568742137538,959.0
69013,ARNAS,69,Non défini,3305.22,3071.43,210,210,-8.5,2.38,13.0511891633408,0.818751379607279,261.0
69018,BEAUJEU,69,Non défini,3573.51,2149.53,213,213,-6.92,24.7,11.4648699692684,0.810572828395815,302.0
69019,BELLEVILLE-EN-BEAUJOLAIS,69,Non défini,3712.34,2823.33,365,365,12.93,27.17,12.7470476168334,0.748160431668003,1125.0
69021,BESSENAY,69,Non défini,2751.05,2500.0,108,108,5.52,-13.51,10.0376432039087,0.789568742137538,152.0
69024,VAL D'OINGT,69,Non défini,3071.37,3082.3,166,166,-21.73,-9.49,12.569608784902,0.749313650872786,384.0
69027,BRIGNAIS,69,Non défini,4585.06,4095.24,373,373,-7.13,-13.41,14.830745843346,0.794151374033938,1739.0
69028,BRINDAS,69,Non défini,4527.86,4263.16,290,290,-8.92,-11.8,13.3434929734021,0.792281530230818,299.0
69029,BRON,69,Non défini,3544.4,2985.41,1409,1409,-3.72,-4.75,16.2075397242736,0.819162074703463,6109.0
69032,BULLY,69,Non défini,2821.6,2659.57,38,38,-23.38,-16.72,13.4545698631115,0.835057176609709,83.0
69033,CAILLOUX-SUR-FONTAINES,69,Non défini,4522.38,4612.52,56,56,7.91,-12.6,14.482658437915,0.79913777868267,91.0
69034,CALUIRE ET CUIRE,69,Non défini,4514.8,4025.97,1729,1729,-6.71,-7.4,15.9415274655707,0.868207368287962,7599.0
69040,CHAMPAGNE-AU-MONT-D OR,69,Non défini,4168.62,3982.21,257,257,-14.23,-15.65,15.7923391587717,0.828233442009559,1503.0
69043,CHAPONOST,69,Non défini,4610.45,4439.13,335,335,-6.87,-3.71,14.6540260324765,0.809809495222481,782.0
69044,CHARBONNIERES-LES-BAINS,69,Non défini,5234.71,5007.69,210,210,-1.46,-14.69,16.1221411474947,0.856444676504289,709.0
69046,CHARLY,69,Non défini,4724.86,4250.68,169,169,-6.24,-12.15,15.9879907089663,0.786631805107686,204.0
69049,CHASSELAY,69,Non défini,3923.16,4069.77,194,194,4.22,-14.67,14.9442696116652,0.825321798970222,220.0
69050,CHATILLON,69,Non défini,3359.64,3645.7,128,128,-9.16,-17.6,12.4066705649694,0.749313650872786,130.0
69052,CHAZAY-D AZERGUES,69,Non défini,3979.41,3710.15,102,102,-5.24,-17.77,13.4740316726113,0.862982797294586,468.0
69056,CHESSY,69,Non défini,3126.86,3320.22,77,77,-12.42,-13.39,11.4631986952414,0.749313650872786,120.0
69063,COLLONGES-AU-MONT- D OR,69,Non défini,5879.05,5482.21,235,235,21.96,-1.26,14.4079444192377,0.809908211535387,687.0
69064,CONDRIEU,69,Non défini,2474.6,2073.94,135,135,-21.6,-25.16,13.3449591306602,0.699902119493483,683.0
69066,COURS,69,Non défini,1735.19,1600.0,541,541,28.0,-2.45,7.19815323993361,0.766237875565246,540.0
69068,COUZON-AU-MONT-D OR,69,Non défini,4605.25,3928.06,70,70,0.72,-4.31,14.9585375717157,0.875086659864783,349.0
69069,CRAPONNE,69,Non défini,4873.14,4295.62,439,439,-8.74,-4.97,14.6679199460553,0.852202102334018,2252.0
69072,DARDILLY,69,Non défini,5621.73,4588.46,380,380,-9.96,-13.35,15.4799062850977,0.920056259930535,909.0
69076,DOMMARTIN,69,Non défini,4794.2,4545.45,55,55,-0.36,-14.0,16.0282512240352,0.848614405534085,164.0
69081,ECULLY,69,Non défini,4920.35,4408.03,649,649,-12.57,-11.48,16.3216434417005,0.870592750557411,3092.0
69086,FLEURIEUX-SUR-L ARBRESLE,69,Non défini,4142.59,3678.03,146,146,-3.81,-6.84,13.4545698631115,0.835057176609709,54.0
69087,FONTAINES-SAINT-MARTIN,69,Non défini,4775.16,4428.16,100,100,3.56,-22.75,14.438030142291,0.79913777868267,165.0
69088,FONTAINES SUR SAONE,69,Non défini,4317.59,3475.42,264,264,150.47,-7.74,14.4283801734459,0.79913777868267,1222.0
69089,FRANCHEVILLE,69,Non défini,4378.54,4039.71,601,601,-8.85,-14.99,15.1068333611787,0.824903772801277,2033.0
69091,GIVORS,69,Non défini,3093.29,2301.93,469,469,-4.69,-16.81,12.0271200058304,0.68635262384429,1541.0
69092,GLEIZE,69,Non défini,2946.41,2715.35,410,410,-8.32,-17.3,12.8991934255983,0.842404215793618,720.0
69094,GREZIEU-LA-VARENNE,69,Non défini,4373.12,4147.73,225,225,-6.32,-6.84,13.8689324697809,0.852202102334018,583.0
69096,GRIGNY,69,Non défini,10126.53,4318.18,661,661,62.25,68.61,13.2399901046857,0.764522888770035,639.0
69100,IRIGNY,69,Non défini,4091.28,3935.74,283,283,-5.02,-3.9,14.5401133519192,0.865503767872384,536.0
69112,LENTILLY,69,Non défini,4650.67,4365.82,210,210,-5.92,-4.96,14.5297298392102,0.866916851885775,521.0
69115,LIMAS,69,Non défini,2920.38,2942.3,146,146,-3.41,-15.95,13.1046460396278,0.767452659518716,202.0
69116,LIMONEST,69,Non défini,5185.26,5035.2,206,206,-11.52,-11.77,16.7242863826944,0.825321798970222,281.0
69117,LISSIEU,69,Non défini,3618.79,3819.23,169,169,-13.66,-10.97,13.4200336757525,0.810556966759189,72.0
69118,LOIRE-SUR-RHONE,69,Non défini,2897.53,2938.57,97,97,12.73,-3.21,13.2372934166933,0.830038728242211,128.0
69121,LOZANNE,69,Non défini,3412.96,3000.0,99,99,-25.27,-28.06,14.5754552809061,0.835057176609709,738.0
69122,LUCENAY,69,Non défini,3741.74,4310.61,93,93,3.16,12.68,12.7791649112291,0.768724596448905,44.0
69127,MARCY-L ETOILE,69,Non défini,4375.97,4373.15,103,103,-12.12,-14.5,15.801926905956,0.836714378210083,303.0
69131,MESSIMY,69,Non défini,4862.64,3873.24,86,86,-5.46,-5.57,14.2018165960173,0.803404924213504,223.0
69133,MILLERY,69,Non défini,4073.51,3903.7,155,155,-10.27,-15.17,13.1470995497932,0.821757455432036,286.0
69136,MONTAGNY,69,Non défini,3720.51,3957.38,98,98,-8.32,-12.28,11.3341308842338,0.821757455432036,76.0
69140,MORANCE,69,Non défini,3153.93,3005.72,89,89,-30.93,-31.96,13.7407896517861,0.862982797294586,89.0
69141,MORNANT,69,Non défini,4354.98,3854.76,181,181,-5.54,-9.59,13.4956038478151,0.803916371286709,601.0
69142,LA MULATIERE,69,Non défini,3293.39,2890.62,235,235,-12.55,-12.35,14.7472246276697,0.814193435772836,769.0
69143,NEUVILLE SUR SAONE,69,Non défini,3288.94,3333.33,264,264,-18.44,-21.05,15.4675049124183,0.836683731531826,1286.0
69148,ORLIENAS,69,Non défini,4104.72,3854.34,91,91,-3.77,-3.64,13.7630726097889,0.794151374033938,124.0
69149,OULLINS,69,Non défini,4106.49,3414.62,994,994,-10.27,-8.55,14.8425562594002,0.799747234792794,4275.0
69154,POLLIONNAY,69,Non défini,4427.34,4249.1,103,103,-4.49,1.43,15.3437026071187,0.803404924213504,136.0
69156,POMMIERS,69,Non défini,4091.9,3873.02,91,91,-6.66,-9.39,13.3140439651312,0.842404215793618,56.0
69157,VINDRY-SUR-TURDINE,69,Non défini,4129.53,3013.44,230,230,-4.68,-6.35,12.0464275827457,0.76564328361823,459.0
69159,PORTE DES PIERRES DOREES,69,Non défini,2987.05,3107.07,126,126,-9.57,-11.32,,,
69163,QUINCIEUX,69,Non défini,3576.83,3426.97,147,147,-11.58,-13.5,13.6911543828945,0.810556966759189,148.0
69171,SAIN-BEL,69,Non défini,3763.71,2969.74,140,140,-2.6,2.46,11.346239414057,0.789568742137538,282.0
69176,SOUCIEU EN JARREST,69,Non défini,3856.67,3527.11,177,177,-17.51,-14.93,13.2702096415488,0.792281530230818,325.0
69177,SOURCIEUX-LES-MINES,69,Non défini,3628.76,3398.28,59,59,13.28,-6.91,13.2607697579661,0.866916851885775,60.0
69179,BEAUVALLON,69,Non défini,3689.12,3262.26,147,147,-12.78,-19.38,11.1871323495378,0.821757455432036,156.0
69190,SAINTE-CONSORCE,69,Non défini,3736.14,3974.24,58,58,-15.97,-0.84,14.7231178606187,0.836714378210083,133.0
69191,SAINT CYR AU MONT D OR,69,Non défini,7202.09,5930.79,299,299,-9.21,-8.75,18.3364142157947,0.832863707624978,628.0
69194,SAINT-DIDIER-AU-MONT-D OR,69,Non défini,7793.94,6756.76,277,277,-3.02,-4.08,18.3622008965235,0.832863707624978,417.0
69197,SAINT ETIENNE DES OULLIERES,69,Non défini,2249.66,2456.74,91,91,-12.53,-27.04,10.3118592711377,0.798624135950506,65.0
69199,ST FONS,69,Non défini,4252.32,2579.52,325,325,4.79,-69.11,13.9414292774111,0.815460854836534,1706.0
69202,SAINTE FOY LES LYON,69,Non défini,4806.31,3902.22,808,808,-7.59,-8.22,15.9666844260242,0.880112476287673,2887.0
69204,SAINT-GENIS-LAVAL,69,Non défini,4552.74,4091.59,571,571,2.29,-2.91,15.1133618228385,0.865503767872384,2667.0
69205,SAINT-GENIS-LES-OLLIERES,69,Non défini,4034.83,4129.95,122,122,-11.74,-17.77,14.2694822993133,0.836714378210083,191.0
69206,SAINT GEORGES DE RENEINS,69,Non défini,4057.91,2903.25,198,198,-7.62,-4.95,11.9863028515031,0.810485912867942,305.0
69207,SAINT-GERMAIN-AU-MONT-D OR,69,Non défini,3823.08,3746.46,137,137,12.39,-9.91,13.9405352406905,0.810556966759189,152.0
69208,SAINT GERMAIN NUELLES,69,Non défini,3704.18,3742.0,98,98,8.21,11.86,13.4545698631115,0.835057176609709,37.0
69219,SAINT LAURENT D'AGNY,69,Non défini,4076.81,3415.49,104,104,-23.56,-10.12,12.8705845846697,0.792281530230818,112.0
69227,SAINT MARTIN EN HAUT,69,Non défini,2742.02,2892.02,135,135,-9.37,-20.82,10.9921949445136,0.748940943933436,438.0
69228,CHABANIERE,69,Non défini,3279.46,3006.82,166,166,-6.95,-3.84,11.1223715171928,0.803916371286709,150.0
69231,SAINT-PIERRE-LA-PALUD,69,Non défini,2582.93,2615.76,90,90,-19.66,-22.87,12.8552181108472,0.803404924213504,147.0
69238,SAINT SYMPHORIEN SUR COISE,69,Non défini,2682.01,2343.94,166,166,-6.75,-1.55,10.1404915794251,0.753587024075973,629.0
69241,TALUYERS,69,Non défini,4083.97,3990.83,81,81,3.73,-4.62,14.4056366584293,0.786631805107686,133.0
69243,TARARE,69,Non défini,3482.24,2279.26,491,491,11.93,-8.21,10.5319034687779,0.735217868965495,1842.0
69244,TASSIN-LA-DEMI-LUNE,69,Non défini,4768.34,4181.25,903,903,-12.26,-13.33,16.1072545133767,0.870592750557411,3589.0
69248,THIZY LES BOURGS,69,Non défini,1649.6,1544.12,296,296,-1.86,-9.45,7.60414855074641,0.662159173988404,676.0
69249,THURINS,69,Non défini,3288.67,3300.0,117,117,-23.25,-22.02,16.4518242942672,0.772022589338673,352.0
69250,LA TOUR DE SALVAGNY,69,Non défini,4801.54,4345.07,245,245,-10.46,-15.78,16.5279234726493,0.848614405534085,644.0
69255,VAUGNERAY,69,Non défini,3651.61,3571.43,403,403,-15.51,-10.99,14.8474134448145,0.803404924213504,341.0
69256,VAULX EN VELIN,69,Non défini,3021.87,2895.45,945,945,-7.04,-8.95,15.631609989371,0.788684808878121,3222.0
69259,VENISSIEUX,69,Non défini,3352.92,2961.8,1615,1615,-4.9,-14.56,14.7053147314194,0.776006118747853,5868.0
69260,VERNAISON,69,Non défini,3597.57,3616.68,116,116,-20.73,-19.76,14.8586785677703,0.806811064642357,614.0
69264,VILLEFRANCHE,69,Non défini,3480.93,2686.27,1560,1560,0.4,2.03,12.9178995009022,0.767452659518716,11201.0
69266,VILLEURBANNE,69,Non défini,4437.52,3637.05,5716,5716,-7.05,-10.59,15.6299565357601,0.837177627943596,37416.0
69267,VILLIE MORGON,69,Non défini,2875.36,2324.0,125,125,-18.91,-13.85,11.9884453230499,0.748160431668003,44.0
69268,VOURLES,69,Non défini,4484.82,4590.36,84,84,-6.94,-10.96,16.4892908345198,0.786631805107686,247.0
69270,CHAPONNAY,69,Non défini,4677.95,4463.28,179,179,1.27,-9.09,15.126374786892,0.732123437092558,210.0
69271,CHASSIEU,69,Non défini,4499.95,4328.77,333,333,-5.17,-9.73,16.1436583287988,0.797549231546935,535.0
69272,COMMUNAY,69,Non défini,3923.0,3846.11,84,84,-9.42,-8.43,14.3039716066952,0.745207325766694,147.0
69273,CORBAS,69,Non défini,3518.63,3329.97,247,247,-7.79,-15.01,15.0493851186864,0.771846619854235,758.0
69275,DECINES-CHARPIEU,69,Non défini,3938.78,3431.03,837,837,-5.41,-5.25,15.3398317851455,0.816270105940402,3712.0
69276,FEYZIN,69,Non défini,3502.07,3200.98,288,288,-6.88,-0.87,13.8316167732027,0.673453954790052,742.0
69277,GENAS,69,Non défini,4958.79,4521.92,440,440,-7.38,-7.77,15.6059237717267,0.772115279167605,670.0
69278,GENAY,69,Non défini,3930.47,3711.34,325,325,7.22,-10.62,13.3840431742572,0.809212522164164,274.0
69279,JONAGE,69,Non défini,3905.73,4030.98,242,242,-1.64,-10.57,15.684958339143,0.827533264189299,210.0
69282,MEYZIEU,69,Non défini,3854.95,3623.63,904,904,-7.15,-11.58,15.0603891441258,0.827533264189299,3365.0
69283,MIONS,69,Non défini,4155.0,3885.88,251,251,-3.39,-9.33,15.2081928370151,0.752726538792834,451.0
69284,MONTANAY,69,Non défini,4584.21,4313.59,115,115,-4.12,-12.35,14.3345832062847,0.79913777868267,159.0
69285,PUSIGNAN,69,Non défini,6905.59,4284.17,122,122,-7.01,4.66,15.3531844485793,0.748881252122556,107.0
69286,RILLIEUX-LA-PAPE,69,Non défini,3306.87,3125.0,649,649,-7.23,-16.04,15.2863957606748,0.812837116970171,2330.0
69287,SAINT-BONNET-DE-MURE,69,Non défini,4358.59,4147.64,205,205,-3.31,-6.26,14.4267827146457,0.772115279167605,259.0
69288,SAINT-LAURENT-DE-MURE,69,Non défini,3907.24,3714.29,159,159,-5.67,-11.66,15.3390655719157,0.792394925433061,450.0
69289,SAINT-PIERRE-DE-CHANDIEU,69,Non défini,3524.75,3700.0,135,135,-9.88,-9.05,15.4009231974857,0.792394925433061,162.0
69290,SAINT-PRIEST,69,Non défini,3079.24,3052.63,1570,1570,-5.72,-9.35,15.1322228283815,0.801162017098099,5267.0
69291,SAINT-SYMPHORIEN-D'OZON,69,Non défini,3354.65,3410.2,161,161,-1.98,-13.24,14.4094056623454,0.745207325766694,677.0
69292,SATHONAY-CAMP,69,Non défini,3703.93,3796.3,214,214,-12.21,-12.87,15.3668831691024,0.840184248943827,974.0
69293,SATHONAY-VILLAGE,69,Non défini,4402.93,4373.83,90,90,-1.34,-7.94,15.1671060788149,0.840184248943827,86.0
69294,SEREZIN-DU-RHONE,69,Non défini,3941.55,3678.97,103,103,-4.6,-6.67,15.2365582895494,0.837714166908059,229.0
69296,SOLAIZE,69,Non défini,3473.18,3650.78,101,101,-18.69,-13.4,15.2548920820368,0.837714166908059,183.0
69297,TERNAY,69,Non défini,4935.84,3946.45,233,233,-2.3,0.99,15.1391383574263,0.837714166908059,247.0
69298,TOUSSIEU,69,Non défini,4993.81,4174.18,94,94,5.72,-1.76,15.4478814654106,0.752726538792834,115.0
69299,COLOMBIER-SAUGNIEU,69,Non défini,3362.87,3415.17,92,92,-11.53,-18.34,15.033478435965,0.809814848353463,92.0
70026,ARC-LES-GRAY,70,Non défini,1362.68,1267.47,138,138,-11.28,28.36,7.50325887717395,0.759294441560364,199.0
70120,CHAMPAGNEY,70,Non défini,2198.12,1597.22,173,173,-3.43,-5.03,8.25607435340112,0.687949319221601,167.0
70207,ECHENOZ-LA-MELINE,70,Non défini,1937.08,1789.53,150,150,17.12,7.73,10.1591481987284,0.777194598298763,379.0
70245,FOUGEROLLES-SAINT-VALBERT,70,Non défini,1280.51,1355.91,293,293,15.01,-9.74,8.24683441529205,0.676075075293648,314.0
70279,GRAY,70,Non défini,2408.14,1468.63,269,269,14.2,8.68,8.8553515689613,0.717152336837645,1580.0
70285,HERICOURT,70,Non défini,1687.99,1397.85,384,384,-9.41,-11.73,9.86197041033626,0.586085518191701,1591.0
70310,LURE,70,Non défini,2374.5,1434.75,230,230,2.93,9.37,8.86574496649912,0.690981351868601,2001.0
70311,LUXEUIL-LES-BAINS,70,Non défini,1367.7,1115.38,522,522,-0.2,-7.05,9.06750278255997,0.630196101347164,1895.0
70421,PORT-SUR-SAONE,70,Non défini,1254.27,1222.35,165,165,-23.3,-35.9,8.20676216063982,0.750445308344264,401.0
70447,RIOZ,70,Non défini,2872.11,1977.59,142,142,-38.5,-10.16,9.9511235006413,0.734440711331646,225.0
70451,RONCHAMP,70,Non défini,1714.23,1241.76,175,175,-20.78,-1.67,8.76855160232924,0.698865656900868,279.0
70467,SAINT-LOUP-SUR-SEMOUSE,70,Non défini,1792.32,1208.88,99,99,54.14,74.0,7.98568536302499,0.655939897279173,335.0
70513,VAIVRE-ET-MONTOILLE,70,Non défini,1477.82,1585.11,75,75,-23.01,-16.14,8.97304372274399,0.750445308344264,54.0
70550,VESOUL,70,Non défini,1548.02,1232.64,772,772,-18.07,-13.72,10.2051080688197,0.750445308344264,5106.0
71014,AUTUN,71,Non défini,1911.14,1328.7,724,724,-4.54,-0.27,9.17654487235379,0.807274446133721,2550.0
71040,BLANZY,71,Non défini,1448.91,1228.46,216,216,-11.77,-4.56,8.93101108274123,0.752033864955312,285.0
71047,BOURBON LANCY,71,Non défini,1228.52,1263.31,224,224,4.17,7.45,8.51663819049669,0.664376885419319,463.0
71056,BRANGES,71,Non défini,1684.54,1456.65,225,225,-4.28,-8.96,8.63239041343161,0.744675210551622,35.0
71059,BREUIL (LE),71,Non défini,1750.03,1642.64,157,157,-3.08,10.56,9.77470236322996,0.823949133953413,78.0
71070,BUXY,71,Non défini,2811.53,2262.5,131,131,6.52,37.7,9.39335812488552,0.759120962208907,342.0
71073,CHAGNY,71,Non défini,1913.52,1668.78,231,231,-8.87,-22.68,11.0537648680151,0.804354149919369,838.0
71076,CHALON-SUR-SAONE,71,Non défini,2383.98,1518.95,2173,2173,-5.9,1.9,11.3522313153004,0.826849847686754,11124.0
71081,CHAMPFORGEUIL,71,Non défini,1710.65,1656.56,78,78,12.65,-6.37,9.77470236322996,0.823949133953413,84.0
71090,CHAPELLE-DE-GUINCHAY (LA),71,Non défini,2632.25,2099.01,147,147,-9.27,-22.24,10.5147843020639,0.767108340915917,235.0
71105,CHARNAY-LES-MACON,71,Non défini,2484.38,2476.08,321,321,1.64,3.33,12.3776093683887,0.844614835309572,739.0
71106,CHAROLLES,71,Non défini,2058.46,1550.46,132,132,21.62,-15.58,8.40848471127917,0.644782360079198,564.0
71118,CHATENOY-LE-ROYAL,71,Non défini,2197.31,1829.47,218,218,5.3,2.47,10.9745355924691,0.823949133953413,213.0
71120,CHAUFFAILLES,71,Non défini,1491.09,1470.59,304,304,-10.57,2.12,7.96712102871815,0.699310974504615,555.0
71132,CIRY-LE-NOBLE,71,Non défini,947.48,959.46,117,117,32.13,40.34,7.47120915381812,0.804024598837866,73.0
71137,CLUNY,71,Non défini,3143.92,2374.44,165,165,1.45,-5.95,10.8000275743247,0.705717328706796,692.0
71150,CRECHES-SUR-SAONE,71,Non défini,4933.49,2467.2,132,132,3.88,3.61,10.5416156819604,0.767108340915917,175.0
71153,LE CREUSOT,71,Non défini,1977.62,1428.57,1086,1086,0.6,-1.79,9.04680584326652,0.749342199296756,4314.0
71154,CRISSEY,71,Non défini,2025.7,2000.0,74,74,6.51,-4.84,10.3766244705284,0.826849847686754,16.0
71176,DIGOIN,71,Non défini,3775.98,2190.48,511,511,90.96,52.72,7.88813624643387,0.643081096374116,1152.0
71190,EPINAC,71,Non défini,1384.76,1020.41,199,199,10.92,34.26,10.4632332066084,0.756017798343473,171.0
71215,GERGY,71,Non défini,1602.84,1478.26,112,112,-14.49,-21.86,10.3766244705284,0.826849847686754,51.0
71221,GIVRY,71,Non défini,2386.8,2294.45,126,126,-7.26,-8.62,10.3695478326669,0.759120962208907,364.0
71230,GUEUGNON,71,Non défini,1203.32,1090.28,312,312,-7.9,-6.92,8.59288412225306,0.654374620896248,478.0
71263,LOUHANS,71,Non défini,2547.41,1972.63,380,380,6.96,13.65,9.49151864703614,0.744675210551622,1422.0
71270,MACON,71,Non défini,2765.13,1934.64,1479,1479,0.49,2.82,10.7351589236208,0.773248704529575,6251.0
71306,MONTCEAU LES MINES,71,Non défini,1630.79,1165.05,744,744,-0.58,4.85,9.72260220766869,0.669178188300319,2782.0
71310,MONTCHANIN,71,Non défini,1703.57,1599.48,143,143,28.82,-4.96,9.97722013962012,0.796238241381949,351.0
71336,OUROUX-SUR-SAONE,71,Non défini,1753.7,1590.0,221,221,-13.46,-15.17,10.6574124219014,0.845043968449362,119.0
71342,PARAY LE MONIAL,71,Non défini,1957.29,1548.77,521,521,-0.18,-2.44,9.3603814988581,0.627395995891925,1544.0
71372,ROMANECHE-THORINS,71,Non défini,2187.34,1788.62,138,138,-21.62,-31.93,10.120315322057,0.724749853979964,97.0
71420,SAINT-GERMAIN-DU-PLAIN,71,Non défini,1888.9,1724.96,141,141,-5.78,-15.61,10.0594462812461,0.845043968449362,53.0
71445,SAINT-MARCEL,71,Non défini,2071.63,1819.77,187,187,-2.39,-5.98,11.7579960542558,0.845043968449362,358.0
71475,SAINT-REMY,71,Non défini,3062.36,2112.5,267,267,10.15,9.96,11.5497435665278,0.785107986875883,225.0
71486,SAINT VALLIER,71,Non défini,1439.81,1214.11,428,428,-1.25,-4.09,9.26901420929963,0.752033864955312,372.0
71497,SANCE,71,Non défini,2550.64,2624.59,50,50,-0.79,13.5,11.9861784566167,0.713629466152112,75.0
71499,SANVIGNES LES MINES,71,Non défini,1226.58,1183.57,219,219,-0.12,4.28,8.27069936226339,0.773918644831362,75.0
71512,SENNECEY-LE-GRAND,71,Non défini,2118.11,1568.45,171,171,-21.81,-8.64,11.4274633592347,0.769430307277711,371.0
71540,TORCY,71,Non défini,1473.06,1321.84,47,47,12.22,19.75,9.77470236322996,0.823949133953413,29.0
71543,TOURNUS,71,Non défini,1956.72,1454.55,407,407,-27.27,-10.25,11.0287490013312,0.766998420722094,1194.0
71555,VARENNES-LE-GRAND,71,Non défini,1830.35,1932.5,115,115,-9.25,5.86,11.76933164234,0.769430307277711,42.0
72003,ALLONNES,72,Non défini,1535.01,1486.67,321,321,-1.83,1.56,10.7904306395026,0.852879579098585,451.0
72008,ARNAGE,72,Non défini,1875.22,1857.14,187,187,-5.17,-6.17,9.63826872520805,0.839271967825241,74.0
72013,AUBIGNE RACAN,72,Non défini,1327.32,1274.04,281,281,17.92,12.94,8.08610966010442,0.768003452948964,60.0
72023,BALLON-SAINT MARS,72,Non défini,1263.79,1320.75,91,91,-1.03,0.41,9.34509109296586,0.836451404372829,25.0
72024,LA BAZOGE,72,Non défini,2054.42,2013.89,130,130,1.57,4.31,9.34509109296586,0.836451404372829,78.0
72035,BESSE SUR BRAYE,72,Non défini,1139.08,1126.76,174,174,-10.49,17.58,8.69379539959397,0.70884039538326,131.0
72039,BONNETABLE,72,Non défini,1370.34,1211.21,193,193,-6.68,-5.23,8.33310466393094,0.714514872479508,215.0
72042,BOULOIRE,72,Non défini,1382.81,1315.92,126,126,-6.64,5.39,10.0729774969736,0.747673766081098,114.0
72047,BRETTE LES PINS,72,Non défini,1723.96,1722.83,103,103,-16.64,4.32,9.63826872520805,0.839271967825241,16.0
72051,CERANS FOULLETOURTE,72,Non défini,1867.54,1754.39,183,183,4.64,0.25,10.1619438441782,0.779158468105744,97.0
72054,CHAMPAGNE,72,Non défini,1635.44,1727.27,91,91,-11.57,-11.64,8.34559718747229,0.714514872479508,20.0
72058,CHANGE,72,Non défini,2100.86,2103.88,238,238,-7.08,-10.88,10.2255114750304,0.806973985712816,85.0
72065,LA CHAPELLE SAINT AUBIN,72,Non défini,2274.93,2199.49,71,71,-1.02,-1.37,9.34509109296586,0.836451404372829,43.0
72071,MONTVAL-SUR-LOIR,72,Non défini,1822.08,1398.68,486,486,6.23,16.98,9.17878014104962,0.768003452948964,725.0
72080,CHERRE-AU,72,Non défini,2005.58,1801.89,104,104,3.09,6.06,7.90717156143713,0.744012414741754,36.0
72090,CONNERRE,72,Non défini,1570.02,1497.92,172,172,6.05,-5.85,10.0471426006343,0.747673766081098,216.0
72095,COULAINES,72,Non défini,1919.31,1786.42,143,143,-17.85,-26.54,10.8235763958904,0.806973985712816,330.0
72124,ECOMMOY,72,Non défini,1680.38,1372.67,249,249,-19.3,-20.69,9.61063862283896,0.839271967825241,360.0
72132,LA FERTE BERNARD,72,Non défini,2422.82,1783.33,373,373,2.1,-3.23,9.48230713636503,0.744012414741754,1323.0
72137,VILLENEUVE EN PERSEIGNE,72,Non défini,1454.69,1511.63,263,263,20.4,21.39,8.38351403997831,0.761155025973976,25.0
72138,FRESNAY-SUR-SARTHE,72,Non défini,1304.39,1242.86,148,148,27.84,19.74,7.68069514039387,0.694984195468442,246.0
72146,GUECELARD,72,Non défini,1698.5,1696.43,83,83,-12.99,-12.69,10.1619438441782,0.779158468105744,10.0
72154,LA FLECHE,72,Non défini,2202.63,1857.14,668,668,0.52,1.3,10.1857948980384,0.745393294558373,1623.0
72155,LAIGNE EN BELIN,72,Non défini,1853.14,1927.27,99,99,1.67,10.56,10.1619438441782,0.779158468105744,31.0
72168,LOUE,72,Non défini,1742.89,1420.45,83,83,8.07,-8.67,8.7410940366563,0.53681923722441,141.0
72176,LE LUDE,72,Non défini,1108.18,1048.05,282,282,-17.08,-15.4,8.70020221353605,0.668490686885411,207.0
72180,MAMERS,72,Non défini,1378.05,1089.35,176,176,5.42,-0.49,9.11973626683633,0.761155025973976,590.0
72181,LE MANS,72,Non défini,2809.68,2109.18,6406,6406,-1.94,-0.23,11.7658656149041,0.839271967825241,25658.0
72189,MAROLLES-LES-BRAULTS,72,Non défini,2425.6,1038.6,134,134,-4.88,-5.58,7.17205243362516,0.694984195468442,31.0
72191,MAYET,72,Non défini,1521.95,1397.06,273,273,-7.96,-13.26,9.95505689445306,0.662121794484096,178.0
72198,LA MILESSE,72,Non défini,2572.28,2149.53,69,69,-4.87,-8.42,9.34509109296586,0.836451404372829,36.0
72200,MONCE EN BELIN,72,Non défini,1942.28,1897.38,154,154,-10.74,-1.34,10.1619438441782,0.779158468105744,22.0
72213,MULSANNE,72,Non défini,1906.23,1950.16,117,117,-7.59,1.22,9.63826872520805,0.839271967825241,17.0
72217,NEUVILLE SUR SARTHE,72,Non défini,1809.68,1888.03,154,154,-16.7,-12.01,9.34509109296586,0.836451404372829,2.0
72223,NOYEN SUR SARTHE,72,Non défini,1551.96,1470.59,140,140,-2.24,-6.16,8.51247231217739,0.666929260567705,161.0
72228,PARCE SUR SARTHE,72,Non défini,1827.97,1531.53,129,129,-21.58,0.13,8.79150336274367,0.666929260567705,32.0
72231,PARIGNE L EVEQUE,72,Non défini,1922.11,1952.0,261,261,3.38,2.93,9.63826872520805,0.839271967825241,70.0
72241,MONTFORT-LE-GESNOIS,72,Non défini,1589.55,1551.72,145,145,-20.63,-10.48,10.8163099118971,0.747673766081098,163.0
72244,PRECIGNE,72,Non défini,1804.73,1584.16,188,188,-3.99,14.41,9.52903518122908,0.724024249701667,118.0
72253,ROEZE-SUR-SARTHE,72,Non défini,1853.61,1606.62,103,103,-18.21,-17.76,10.1619438441782,0.779158468105744,6.0
72257,ROUILLON,72,Non défini,3706.39,2613.09,61,61,-3.38,-7.46,10.2742374981425,0.852879579098585,17.0
72260,RUAUDIN,72,Non défini,2067.21,2025.32,198,198,9.54,-2.69,10.2255114750304,0.806973985712816,90.0
72262,LOIR EN VALLEE,72,Non défini,1452.5,1123.97,246,246,-16.06,-4.81,8.60858737441498,0.70884039538326,35.0
72264,SABLE SUR SARTHE,72,Non défini,2576.92,1559.34,482,482,2.07,-7.36,9.47499835480045,0.781112569570136,1503.0
72269,SAINT CALAIS,72,Non défini,1743.4,952.27,226,226,-9.97,-15.35,8.87256750769546,0.70884039538326,241.0
72280,SAINT GEORGES DU BOIS,72,Non défini,1991.98,2137.17,55,55,-2.37,6.86,10.2742374981425,0.852879579098585,44.0
72287,SAINT GERVAIS EN BELIN,72,Non défini,1974.01,1862.07,64,64,-7.02,-4.98,,,
72299,SAINT MARS D OUTILLE,72,Non défini,1324.88,1310.81,131,131,5.19,-10.2,9.63826872520805,0.839271967825241,5.0
72300,SAINT MARS LA BRIERE,72,Non défini,1926.37,1690.14,142,142,-6.1,-6.96,9.63826872520805,0.839271967825241,40.0
72308,SAINT PATERNE - LE CHEVAIN,72,Non défini,1644.24,1731.18,59,59,-10.2,-1.38,8.61825143702166,0.750249768736038,20.0
72320,SAINT SATURNIN,72,Non défini,2249.62,2000.0,52,52,0.0,-26.25,10.2255114750304,0.806973985712816,6.0
72328,SARGE LES LE MANS,72,Non défini,2473.7,2348.48,116,116,-3.59,4.38,10.2255114750304,0.806973985712816,14.0
72329,SAVIGNE L EVEQUE,72,Non défini,1943.69,1951.1,207,207,-0.22,0.44,9.04263398927748,0.836451404372829,113.0
72334,SILLE LE GUILLAUME,72,Non défini,1294.44,1276.92,93,93,-7.94,27.69,8.76280890661469,0.705889759548966,336.0
72344,SPAY,72,Non défini,2099.05,2026.14,110,110,2.61,-1.85,10.2742374981425,0.852879579098585,31.0
72346,LA SUZE SUR SARTHE,72,Non défini,1641.5,1620.37,203,203,-13.16,-5.25,10.0974934368442,0.779158468105744,336.0
72350,TELOCHE,72,Non défini,2020.29,2029.22,165,165,-5.54,5.35,9.63826872520805,0.839271967825241,6.0
72373,VIBRAYE,72,Non défini,1690.39,1341.2,125,125,-6.88,-5.15,7.87320565049523,0.780417671897923,156.0
72386,YVRE L EVEQUE,72,Non défini,1981.25,1976.74,118,118,-11.55,-14.01,10.2255114750304,0.806973985712816,32.0
73003,GRAND-AIGUEBLANCHE,73,Non défini,4072.95,3118.67,181,181,6.14,3.4,14.2787308053488,0.602265916124909,436.0
73006,AIME LA PLAGNE,73,Non défini,4882.38,4518.52,775,775,3.26,26.59,13.3632451273779,0.668045896307514,273.0
73008,AIX LES BAINS,73,Non défini,4913.62,4485.0,1986,1986,-2.58,5.67,14.7620189006921,0.810697216438075,5869.0
73010,ENTRELACS,73,Non défini,3828.91,3901.75,393,393,4.36,1.76,16.5460776280748,0.81950887273584,197.0
73011,ALBERTVILLE,73,Non défini,2971.6,2418.82,1001,1001,3.78,6.38,14.6838845088097,0.83226012552262,2888.0
73029,BARBERAZ,73,Non défini,4252.26,3714.29,206,206,-1.02,8.03,15.4996661277385,0.842922570305597,571.0
73030,BARBY,73,Non défini,3724.65,3400.0,87,87,-3.61,-6.57,15.1964453514383,0.83853590723955,272.0
73031,BASSENS,73,Non défini,3513.33,3488.1,168,168,-13.47,-3.31,15.8494070155484,0.842922570305597,576.0
73032,LA BATHIE,73,Non défini,2171.1,2092.99,160,160,-4.26,-6.98,11.3771788570168,0.668045896307514,93.0
73034,BEAUFORT,73,Non défini,5490.04,5005.89,259,259,7.69,-3.51,11.3771788570168,0.668045896307514,11.0
73043,LA BIOLLE,73,Non défini,4063.43,3684.21,60,60,-13.45,-4.0,15.8033677145651,0.847061797793758,63.0
73051,LE BOURGET DU LAC,73,Non défini,4674.0,4438.46,215,215,-7.8,-3.94,16.6459023675591,0.845185602751848,873.0
73054,BOURG-SAINT-MAURICE,73,Non défini,6356.09,5543.33,772,772,10.22,22.77,15.7465066825799,0.71759274462284,668.0
73059,BRISON-SAINT-INNOCENT,73,Non défini,6541.99,5393.85,127,127,17.91,11.6,16.275205830882,0.847061797793758,113.0
73064,CHALLES-LES-EAUX,73,Non défini,3584.02,3645.5,346,346,-16.26,-0.82,14.7980182658764,0.835013661235198,660.0
73065,CHAMBERY,73,Non défini,3419.01,2984.31,2416,2416,-5.04,-2.61,16.1032687420486,0.859133729716345,10368.0
73087,COGNIN,73,Non défini,3104.54,2916.45,281,281,-12.51,-13.34,16.4481983685711,0.799097454199392,527.0
73103,DRUMETTAZ-CLARAFOND,73,Non défini,4087.01,4235.23,137,137,-4.95,-6.32,15.4330027923286,0.928857911391386,376.0
73124,GILLY SUR ISERE,73,Non défini,3289.61,3326.04,175,175,4.62,5.22,14.5867688706201,0.735825837995894,185.0
73128,GRESY-SUR-AIX,73,Non défini,4629.58,4497.59,181,181,3.35,-1.31,16.0723106215428,0.847061797793758,293.0
73130,GRIGNON,73,Non défini,3198.35,3275.0,131,131,9.9,27.43,12.9867135251843,0.83226012552262,97.0
73137,JACOB-BELLECOMBETTE,73,Non défini,3864.35,3950.0,122,122,-3.53,2.3,15.350665790435,0.87782462457848,766.0
73150,LA PLAGNE TARENTAISE,73,Non défini,10400.05,7023.81,1260,1260,42.59,52.17,13.6215317316951,0.71759274462284,175.0
73151,PORTE-DE-SAVOIE,73,Non défini,4164.95,3855.38,209,209,-7.96,1.37,13.8896036443424,0.822268425894462,185.0
73154,MERCURY,73,Non défini,3577.67,3318.57,188,188,-2.89,-0.35,13.9247986171041,0.735825837995894,228.0
73155,MERY,73,Non défini,4352.67,4372.12,100,100,-2.22,-1.27,16.0320979687233,0.928857911391386,99.0
73157,MODANE,73,Non défini,2541.46,2367.43,325,325,-5.3,9.37,11.6488455878954,0.565609737808126,312.0
73171,MONTMELIAN,73,Non défini,2617.06,2488.89,203,203,-10.79,-12.57,13.960457020273,0.800602845789101,333.0
73179,LA MOTTE SERVOLEX,73,Non défini,3375.57,3093.64,565,565,-18.83,-16.85,15.379038072311,0.874106217312703,1397.0
73181,MOUTIERS,73,Non défini,2283.71,1921.86,114,114,-19.91,1.32,11.8417978854694,0.766652262083916,712.0
73182,MOUXY,73,Non défini,5228.9,4838.69,88,88,-2.44,-4.34,15.672178453137,0.810697216438075,141.0
73187,LA LECHERE,73,Non défini,2894.89,2301.32,592,592,-27.59,-5.86,12.1172238656008,0.806304985893083,218.0
73191,NOVALAISE,73,Non défini,3678.02,3923.72,118,118,12.35,23.72,13.9370925667764,0.792233496926229,143.0
73204,LE PONT DE BEAUVOISIN,73,Non défini,2200.1,2087.64,101,101,15.32,-1.71,12.7994062892298,0.792233496926229,299.0
73212,VAL-D'ARC,73,Non défini,2422.61,2108.77,174,174,8.5,-7.74,10.8098225976025,0.668045896307514,147.0
73213,LA RAVOIRE,73,Non défini,3847.75,3700.29,365,365,3.94,8.0,15.1527313452158,0.83853590723955,915.0
73215,VALGELON-LA ROCHETTE,73,Non défini,2963.69,2628.89,147,147,13.07,3.23,11.2265533869792,0.768424384541947,271.0
73222,SAINT-ALBAN-LEYSSE,73,Non défini,4910.16,3769.48,252,252,-7.26,-1.06,12.997775858612,0.844425893106316,565.0
73225,SAINT-BALDOPH,73,Non défini,4232.45,4172.05,169,169,32.33,27.42,14.9749750139968,0.842922570305597,124.0
73227,COURCHEVEL,73,Non défini,10576.85,10687.5,593,593,2.65,13.44,14.4896540052596,0.569135695283115,90.0
73236,SAINT-GENIX-LES-VILLAGES,73,Non défini,2532.12,2301.32,244,244,-16.97,-3.02,13.4581204592858,0.737847627789215,268.0
73248,ST JEAN DE MAURIENNE,73,Non défini,2662.45,1987.5,390,390,-5.48,1.53,13.3812006258832,0.763593873015599,1077.0
73257,LES BELLEVILLE,73,Non défini,8277.6,7678.57,1080,1080,27.01,15.0,14.6935527023414,0.602265916124909,194.0
73261,SAINT-MICHEL-DE-MAURIENNE,73,Non défini,2307.83,2169.81,250,250,9.27,10.21,11.6437059527332,0.565609737808126,222.0
73270,SAINT-PIERRE-D ALBIGNY,73,Non défini,2759.15,2357.14,182,182,2.14,-14.48,13.1933701896243,0.745430711463638,495.0
73285,SEEZ,73,Non défini,4854.14,4028.99,166,166,3.07,0.8,14.4129120578484,0.71759274462284,118.0
73288,SONNAZ,73,Non défini,3934.83,3746.03,60,60,-15.03,3.62,16.0320979687233,0.928857911391386,97.0
73290,VAL CENIS,73,Non défini,4089.67,3935.71,357,357,22.82,19.65,11.1152721215377,0.613905576811624,106.0
73296,TIGNES,73,Non défini,9479.27,9240.0,508,508,6.84,23.77,13.5757784150544,0.613905576811624,98.0
73300,TRESSERVE,73,Non défini,6986.49,6153.22,177,177,23.06,15.04,17.16275843959,0.928857911391386,193.0
73303,UGINE,73,Non défini,2942.22,2625.28,264,264,4.78,4.62,9.93445015041726,0.599506488513377,466.0
73326,VIMINES,73,Non défini,3312.92,3407.41,58,58,-22.74,-14.13,13.7373020035887,0.799097454199392,80.0
73328,VIVIERS-DU-LAC,73,Non défini,5406.08,4122.76,152,152,-25.53,-1.9,15.9720081301091,0.928857911391386,132.0
73330,YENNE,73,Non défini,2391.33,2207.35,165,165,0.5,-9.2,13.9858919146315,0.737847627789215,293.0
74002,ALBY-SUR-CHERAN,74,Non défini,5329.95,4223.1,87,87,2.47,5.19,15.4265369758493,0.783712221283715,110.0
74005,ALLINGES,74,Non défini,4050.97,4212.19,229,229,-0.16,8.89,14.6048124859042,0.843209539233883,120.0
74006,ALLONZIER-LA-CAILLE,74,Non défini,4836.47,4665.85,195,195,-5.11,-1.95,17.4155709191431,0.802205105658958,471.0
74007,AMANCY,74,Non défini,5486.06,4496.25,108,108,3.61,18.36,18.6022051431051,0.811574640158085,223.0
74008,AMBILLY,74,Non défini,4939.17,3942.58,364,364,0.75,5.47,21.2786714676462,0.810544742459144,1821.0
74010,ANNECY,74,Non défini,5531.2,5174.46,5038,5038,-1.92,-0.18,20.4479036788421,0.785959404236736,16239.0
74012,ANNEMASSE,74,Non défini,4429.01,3560.42,2145,2145,3.06,3.38,20.9923551588579,0.793127883832812,11387.0
74013,ANTHY-SUR-LEMAN,74,Non défini,5480.72,5419.11,134,134,3.17,20.42,16.4956673840307,0.843209539233883,257.0
74016,ARCHAMPS,74,Non défini,5591.55,5306.12,170,170,6.09,1.23,22.077628084999,0.83604106907104,357.0
74019,ARGONAY,74,Non défini,6419.4,5981.37,135,135,-6.57,1.88,20.3672477101221,0.820237113393943,389.0
74024,AYSE,74,Non défini,3584.67,3478.26,67,67,-24.14,-8.7,16.0121632505846,0.790695931107027,182.0
74026,LA BALME DE SILLINGY,74,Non défini,4649.44,4501.11,228,228,0.05,-0.69,16.669768288313,0.799811413535639,425.0
74031,BEAUMONT,74,Non défini,5327.67,4869.35,148,148,-6.72,-1.28,23.6672877061638,0.857182016996952,401.0
74040,BONNE,74,Non défini,4361.32,4019.04,208,208,-9.86,-4.57,18.456271235943,0.807295161028298,312.0
74042,BONNEVILLE,74,Non défini,3954.53,3333.33,640,640,3.9,2.7,15.3423326784301,0.844361866949277,1879.0
74043,BONS-EN-CHABLAIS,74,Non défini,4562.6,4462.12,248,248,2.56,9.92,16.2611359179843,0.792358470174772,921.0
74056,CHAMONIX MONT BLANC,74,Non défini,9991.95,9487.18,1125,1125,-1.48,8.13,25.6543349702773,0.769313238350002,351.0
74067,CHAVANOD,74,Non défini,4110.99,4563.3,115,115,-11.18,-7.94,18.2278374719011,0.82314131958193,114.0
74070,CHENS-SUR-LEMAN,74,Non défini,6167.16,4750.82,240,240,4.68,4.14,21.596716056936,0.832266077875459,593.0
74081,CLUSES,74,Non défini,2644.16,2352.94,590,590,-7.21,-1.6,14.6371406842979,0.844807933848369,2474.0
74082,COLLONGES-SOUS-SALEVE,74,Non défini,5749.4,4960.78,240,240,12.42,5.06,20.7813069709186,0.854905781279585,813.0
74083,COMBLOUX,74,Non défini,7994.81,6632.94,380,380,19.55,10.25,17.4172044252283,0.825762137289052,157.0
74087,CONTAMINE-SUR-ARVE,74,Non défini,4240.29,4522.55,60,60,10.97,12.91,17.2283839749285,0.817500804065239,156.0
74094,CRANVES-SALES,74,Non défini,4553.38,4369.86,260,260,-11.01,-4.23,21.185867835063,0.819431442765483,371.0
74096,CRUSEILLES,74,Non défini,4162.5,4107.59,283,283,-11.01,-13.8,17.9526491380764,0.816230556757739,1204.0
74103,DOMANCY,74,Non défini,4012.26,4161.3,76,76,-4.98,9.73,16.1538344380462,0.825762137289052,78.0
74104,DOUSSARD,74,Non défini,4972.32,4120.69,352,352,-17.59,-9.46,16.0004405793191,0.80894301519285,340.0
74105,DOUVAINE,74,Non défini,4397.82,4252.15,323,323,-0.77,8.13,19.549424734323,0.793828529565754,1238.0
74112,EPAGNY METZ-TESSY,74,Non défini,5296.33,5317.65,325,325,-5.6,-1.26,19.5905148646884,0.765266424817966,720.0
74116,ETEAUX,74,Non défini,4095.31,4595.13,80,80,5.49,-2.27,14.5831691819772,0.818130432479043,77.0
74118,ETREMBIERES,74,Non défini,6512.55,4738.71,132,132,0.74,4.73,21.979891047154,0.765658251412572,628.0
74119,EVIAN-LES-BAINS,74,Non défini,5206.82,4920.0,554,554,12.63,8.16,19.232351217148,0.764458134013687,2507.0
74123,FAVERGES-SEYTHENEX,74,Non défini,3820.65,3509.76,469,469,4.96,10.48,12.3314903303519,0.756265496622498,732.0
74128,FILLINGES,74,Non défini,4092.43,4189.7,255,255,-0.2,-0.49,17.3620985267947,0.807295161028298,256.0
74131,FRANGY,74,Non défini,3301.33,3500.0,224,224,0.49,18.79,18.7625120461433,0.761886227583064,282.0
74133,GAILLARD,74,Non défini,4427.23,3827.78,614,614,6.71,7.36,17.7100492434586,0.65534899101723,1932.0
74136,LE GRAND BORNAND,74,Non défini,6662.07,6284.29,387,387,-6.15,-0.73,15.0355207108855,0.844361866949277,62.0
74137,GROISY,74,Non défini,5449.4,5056.73,184,184,5.46,6.33,16.8988650001176,0.816706904869748,277.0
74143,LES HOUCHES,74,Non défini,7735.84,7408.33,457,457,1.61,15.35,23.1255629661301,0.769313238350002,127.0
74154,LUGRIN,74,Non défini,4477.81,4083.33,141,141,9.75,4.7,20.0313646769068,0.801622031751387,249.0
74159,MAGLAND,74,Non défini,3588.0,3306.45,226,226,0.46,25.33,14.3186425888156,0.780766806284556,225.0
74163,MARGENCEL,74,Non défini,5304.38,4511.46,130,130,5.89,0.4,14.9342542240787,0.843209539233883,70.0
74164,MARIGNIER,74,Non défini,3790.77,3363.64,279,279,-9.07,2.74,15.5644701672855,0.790695931107027,462.0
74169,MARNAZ,74,Non défini,3302.54,3042.56,289,289,-4.92,7.32,14.7620905185801,0.834783607815283,461.0
74173,MEGEVE,74,Non défini,10091.36,9694.44,687,687,-6.58,1.51,21.0138515316141,0.686207388412466,163.0
74180,MESSERY,74,Non défini,5555.94,4699.55,134,134,-7.29,6.18,24.6956009654566,0.812962594586382,234.0
74183,MIEUSSY,74,Non défini,4453.53,3631.85,205,205,-2.24,6.45,15.4511241693198,0.881088017004042,168.0
74185,MONNETIER-MORNEX,74,Non défini,5131.96,4916.51,94,94,36.64,21.16,19.806618659076,0.885583310728755,161.0
74191,MORZINE,74,Non défini,8064.0,7637.11,645,645,1.83,6.63,15.8034071221241,0.694334452738033,95.0
74200,NEUVECELLE,74,Non défini,5629.21,4568.12,116,116,-4.22,-2.41,19.5194962294412,0.764458134013687,272.0
74201,NEYDENS,74,Non défini,4870.48,5233.11,79,79,8.06,5.28,22.8687764123745,0.83604106907104,240.0
74208,PASSY,74,Non défini,4466.28,3922.27,536,536,0.5,3.79,15.1389780731088,0.825762137289052,1107.0
74211,PERS-JUSSY,74,Non défini,4328.69,4397.5,133,133,4.36,-1.05,18.3394975990675,0.811574640158085,142.0
74213,POISY,74,Non défini,5479.48,5465.71,377,377,-0.31,5.74,19.3947604695689,0.765266424817966,775.0
74218,PUBLIER,74,Non défini,5169.22,4673.57,298,298,-4.55,3.72,17.8533982209768,0.762105445864455,538.0
74220,REIGNIER-ESERY,74,Non défini,4701.8,4348.72,399,399,4.77,3.09,18.3816203954197,0.816706904869748,1306.0
74224,LA ROCHE SUR FORON,74,Non défini,4825.78,3977.84,478,478,2.5,10.43,16.689038774411,0.818130432479043,2459.0
74225,RUMILLY,74,Non défini,3552.13,3198.4,667,667,-6.49,-6.22,14.7819689401677,0.797974358893589,2079.0
74229,SAINT-CERGUES,74,Non défini,5059.75,4550.0,216,216,6.81,5.44,20.4125458472375,0.819431442765483,344.0
74233,SAINT-FELIX,74,Non défini,3941.61,4076.09,139,139,9.34,-4.06,14.3202766444064,0.783712221283715,106.0
74236,SAINT GERVAIS LES BAINS,74,Non défini,5796.94,5214.69,969,969,-6.75,0.84,18.1451211192616,0.769313238350002,659.0
74241,SAINT-JEOIRE,74,Non défini,2742.72,2775.75,178,178,-15.06,-11.09,15.7474420176411,0.881088017004042,355.0
74242,SAINT-JORIOZ,74,Non défini,6975.46,5982.91,364,364,-3.61,0.2,18.2036113594392,0.797616127905241,453.0
74243,SAINT-JULIEN-EN-GENEVOIS,74,Non défini,5163.16,4916.67,664,664,4.42,6.27,21.8537822909929,0.852330040491538,4385.0
74249,SAINT-PAUL-EN-CHABLAIS,74,Non défini,4783.76,4583.33,75,75,3.63,18.23,15.5296562365239,0.762105445864455,142.0
74250,SAINT-PIERRE-EN-FAUCIGNY,74,Non défini,4521.45,4122.83,345,345,2.6,4.9,16.2555607661289,0.826511197019579,1188.0
74255,SALES,74,Non défini,3831.29,3813.33,127,127,-1.48,6.25,16.3151661908683,0.81950887273584,95.0
74256,SALLANCHES,74,Non défini,4210.06,3846.15,925,925,0.33,14.14,15.5206301898748,0.860631508606162,2608.0
74258,SAMOENS,74,Non défini,5523.97,5365.85,542,542,0.53,15.81,17.349920630978,0.779603936774457,139.0
74263,SCIEZ,74,Non défini,4836.89,4254.02,315,315,-3.47,4.59,16.5668136672002,0.790679897143468,513.0
74264,SCIONZIER,74,Non défini,3273.14,2972.2,405,405,5.38,5.88,14.3737246210695,0.834783607815283,1024.0
74267,SEVRIER,74,Non défini,7134.95,6569.23,249,249,-2.56,7.11,23.9858389873388,0.83325610861962,271.0
74269,SEYSSEL,74,Non défini,3205.69,2719.3,159,159,-9.36,-5.82,13.7660201255009,0.824692159303691,188.0
74272,SILLINGY,74,Non défini,4714.31,4482.26,206,206,-9.0,-11.67,20.5878175707496,0.761886227583064,313.0
74276,TANINGES,74,Non défini,4602.27,4090.91,311,311,0.33,9.76,16.3842883138324,0.779603936774457,294.0
74278,THYEZ,74,Non défini,3353.92,3158.89,315,315,-1.27,-1.09,15.5493680047575,0.859608676977079,702.0
74280,THONES,74,Non défini,5159.64,4615.38,395,395,3.3,4.81,17.0967964198706,0.82935552394512,633.0
74281,THONON LES BAINS,74,Non défini,4255.29,3780.3,2125,2125,2.3,10.46,16.8673936742404,0.834799843999387,6238.0
74282,FILLIERE,74,Non défini,4803.33,4995.01,394,394,2.91,8.0,18.0237860609854,0.820237113393943,463.0
74288,VALLEIRY,74,Non défini,4330.76,4381.0,210,210,3.26,2.07,20.3978117930246,0.823277741287653,1206.0
74289,VALLIERES-SUR-FIER,74,Non défini,5151.26,3847.36,126,126,11.33,10.83,14.5020438232706,0.797974358893589,115.0
74293,VEIGY-FONCENEX,74,Non défini,4541.28,4506.52,356,356,-5.07,-3.72,22.5168244897815,0.806318021423762,607.0
74298,VETRAZ-MONTHOUX,74,Non défini,4789.58,4389.94,428,428,3.14,2.56,20.6947778972904,0.826764581575672,2027.0
74299,VEYRIER-DU-LAC,74,Non défini,10199.05,9513.75,84,84,-11.61,-1.68,22.1662996448689,0.83325610861962,77.0
74303,VILLAZ,74,Non défini,5198.19,5146.93,99,99,-5.01,-7.15,18.888934870915,0.820237113393943,220.0
74305,VILLE-LA-GRAND,74,Non défini,4945.53,4096.49,480,480,1.44,9.47,16.151534499076,0.74973199776377,1238.0
74309,VIRY,74,Non défini,4742.72,4721.39,235,235,-0.68,7.74,21.9448928823412,0.813564107376253,919.0
74311,VIUZ-EN-SALLAZ,74,Non défini,3872.91,3990.0,250,250,-3.88,6.11,19.476499291514,0.866083490165357,457.0
76005,AMFREVILLE-LA-MIVOIE,76,Non défini,2424.29,2144.44,156,156,-4.84,-2.6,12.1987091950192,0.87768323265477,485.0
76026,ARQUES-LA-BATAILLE,76,Non défini,2071.5,1926.02,107,107,-5.81,-2.38,10.4154234781108,0.794298044151356,81.0
76034,VAL-DE-SCIE,76,Non défini,2166.5,1890.41,121,121,-8.0,6.81,10.9185628786433,0.680147907663602,164.0
76057,BARENTIN,76,Non défini,2408.36,1938.89,311,311,-5.21,-4.66,10.4025420106193,0.653273910635649,413.0
76069,BELBEUF,76,Non défini,2840.96,2610.88,69,69,-12.66,-6.5,11.8864135652572,0.87768323265477,78.0
76095,BIHOREL,76,Non défini,2390.15,2068.97,307,307,-13.98,-16.1,13.1439035547948,0.852146038779202,1451.0
76101,BLANGY-SUR-BRESLE,76,Non défini,1504.51,1440.0,95,95,-10.38,-34.66,9.00235527271687,0.704032718862385,206.0
76103,BONSECOURS,76,Non défini,3079.05,2427.33,289,289,-7.38,-5.76,12.7753405996,0.818850927710826,1058.0
76108,BOIS GUILLAUME,76,Non défini,3428.07,3097.83,519,519,-4.22,-5.11,13.5245198563076,0.895335900068487,2026.0
76114,BOLBEC,76,Non défini,2008.16,1510.42,510,510,-14.86,-11.78,10.0755004731617,0.731923577800049,1758.0
76116,BOOS,76,Non défini,2375.79,2500.0,62,62,4.35,1.45,10.3374841298093,0.893743466422354,28.0
76146,BUCHY,76,Non défini,3043.21,2037.04,82,82,-11.91,-5.01,10.0011211115726,0.749187800255327,324.0
76157,CANTELEU,76,Non défini,1818.41,1820.08,259,259,1.49,-8.41,12.9298295817927,0.806799154992147,684.0
76159,CANY-BARVILLE,76,Non défini,1829.43,1686.63,74,74,5.39,-3.99,10.8959386387735,0.87614737949187,259.0
76164,RIVES-EN-SEINE,76,Non défini,3259.58,2196.97,184,184,3.39,-9.32,11.3697370962153,0.748048552833582,671.0
76165,CAUDEBEC-LES-ELBEUF,76,Non défini,2510.86,1963.64,457,457,-6.04,2.13,11.5933747553394,0.726267105088077,1720.0
76178,CLEON,76,Non défini,1610.13,1714.7,111,111,-12.95,-7.57,9.47885640848493,0.72603299371526,110.0
76192,CRIEL-SUR-MER,76,Non défini,3495.21,2538.04,282,282,7.15,7.15,9.64687630886367,0.729627863141021,207.0
76196,CRIQUETOT-L ESNEVAL,76,Non défini,3225.44,2662.64,78,78,-21.12,8.66,11.6190820970705,0.807977262088162,149.0
76212,DARNETAL,76,Non défini,2667.89,2111.11,348,348,-4.19,-8.52,13.3691219289969,0.830374756588768,1504.0
76216,DEVILLE-LES-ROUEN,76,Non défini,2983.01,2191.44,637,637,1.32,6.96,12.6914349265778,0.862747300369158,2393.0
76217,DIEPPE,76,Non défini,3511.97,2406.25,1391,1391,-1.18,0.48,12.8794082692398,0.774349630405069,3942.0
76219,DOUDEVILLE,76,Non défini,2072.58,1846.15,133,133,-1.45,-3.3,9.74504267286735,0.753554439358173,385.0
76222,DUCLAIR,76,Non défini,2474.63,1958.93,132,132,-14.44,-9.85,11.415230911551,0.741518769398247,358.0
76231,ELBEUF,76,Non défini,3705.19,2053.85,584,584,7.55,-5.01,10.182692182567,0.744662874277808,5566.0
76238,EPOUVILLE,76,Non défini,2530.66,2479.59,102,102,0.91,-1.34,12.3987036646152,0.882886082134748,41.0
76255,EU,76,Non défini,2313.68,2000.0,290,290,2.6,4.21,11.2196567323772,0.725718757432011,886.0
76258,TERRES-DE-CAUX,76,Non défini,1880.33,1694.88,119,119,-20.83,-21.25,11.1648537250112,0.764773099971749,357.0
76259,FECAMP,76,Non défini,2590.84,2133.33,654,654,-4.0,-7.59,11.7287838985915,0.802583084985067,1959.0
76270,FONTAINE-LA-MALLET,76,Non défini,2843.36,2939.26,67,67,-12.78,-5.93,13.1173904489441,0.791234737942317,49.0
76276,FORGES-LES-EAUX,76,Non défini,2197.67,1720.93,142,142,-9.6,-4.49,9.54701139551315,0.767670886779152,339.0
76281,FRENAYE (LA),76,Non défini,1843.57,2080.0,89,89,-5.57,16.34,12.9217968509879,0.750437931666173,40.0
76296,GAINNEVILLE,76,Non défini,2323.35,2406.25,53,53,-5.47,1.0,12.3987036646152,0.882886082134748,13.0
76302,GODERVILLE,76,Non défini,2621.75,2404.61,84,84,0.66,-0.75,12.5684116232863,0.782875105049627,402.0
76305,GONFREVILLE L ORCHER,76,Non défini,2332.37,2320.0,120,120,8.48,4.4,12.6953075298372,0.825283178716965,43.0
76312,GOURNAY-EN-BRAY,76,Non défini,2384.38,1679.96,383,383,-3.44,-12.5,9.50619452681894,0.73648359372901,1020.0
76319,GRAND-COURONNE,76,Non défini,2255.53,2012.05,196,196,5.34,3.85,11.8489250810889,0.72603299371526,330.0
76322,GRAND QUEVILLY (LE),76,Non défini,2848.55,2375.59,320,320,3.06,-2.04,13.0460898412063,0.892576138784951,957.0
76329,GRUCHET-LE-VALASSE,76,Non défini,4401.6,6562.5,136,136,224.1,236.99,10.0676696039225,0.800124242646556,204.0
76341,HARFLEUR,76,Non défini,2714.21,2156.25,217,217,-13.9,-10.03,12.4236240317153,0.825283178716965,747.0
76351,LE HAVRE,76,Non défini,3276.06,2438.75,6290,6290,-5.39,-3.5,12.3648170765009,0.791234737942317,28607.0
76366,LE HOULME,76,Non défini,2106.11,2008.33,152,152,7.26,0.42,12.879030735619,0.849502391696866,165.0
76367,HOUPPEVILLE,76,Non défini,2819.26,2511.01,71,71,-2.21,-10.12,12.1868903526567,0.862297842835212,51.0
76377,ISNEAUVILLE,76,Non défini,2788.99,2941.13,87,87,-3.41,2.54,13.2365490232735,0.895335900068487,227.0
76384,LILLEBONNE,76,Non défini,2351.07,1564.93,211,211,-5.06,-13.33,11.937051718318,0.750437931666173,710.0
76391,LONDE (LA),76,Non défini,1674.26,1752.38,47,47,-3.01,-14.95,10.7996145695869,0.714506667861536,7.0
76400,LUNERAY,76,Non défini,2770.52,2173.91,97,97,-3.73,-87.69,12.5651301448674,0.673133170517859,139.0
76401,ARELAUNE-EN-SEINE,76,Non défini,1940.15,1880.23,170,170,-9.93,0.28,10.3254238724334,0.741518769398247,91.0
76402,MALAUNAY,76,Non défini,2153.98,1956.04,139,139,-14.36,-20.06,12.9300418159164,0.765052384908481,255.0
76410,MAROMME,76,Non défini,1784.29,1647.06,226,226,-6.99,2.6,12.5131062801765,0.81215399049043,1467.0
76429,MESNIL-ESNARD (LE),76,Non défini,2990.06,2800.0,240,240,-3.54,-2.0,13.5554214498699,0.893743466422354,1125.0
76447,MONTIVILLIERS,76,Non défini,3107.38,2575.96,604,604,-3.66,0.99,13.214438898548,0.882886082134748,1355.0
76451,MONT-SAINT-AIGNAN,76,Non défini,2878.74,2470.0,837,837,-8.26,-9.81,13.4167096746611,0.862297842835212,3396.0
76452,MONTVILLE,76,Non défini,3364.77,2317.01,189,189,2.97,7.96,12.6506040904552,0.765052384908481,212.0
76462,NEUFCHATEL-EN-BRAY,76,Non défini,2092.74,1728.86,171,171,-6.43,-7.38,10.247017201783,0.766163280599307,713.0
76464,NEUVILLE-CHANT-D OISEL (LA),76,Non défini,2313.68,2319.71,114,114,-2.75,-7.6,10.3374841298093,0.893743466422354,16.0
76474,NOTRE-DAME-DE-BONDEVILLE,76,Non défini,2617.77,2161.4,335,335,-8.2,-5.75,12.6789333722504,0.849502391696866,706.0
76475,FRANQUEVILLE-SAINT-PIERRE,76,Non défini,4365.25,2909.09,167,167,-3.37,0.48,13.5669454380455,0.893743466422354,221.0
76476,PORT-JEROME-SUR-SEINE,76,Non défini,3186.33,1939.22,378,378,8.87,1.18,11.030729254531,0.791113320172051,261.0
76481,OCTEVILLE-SUR-MER,76,Non défini,3304.93,3263.57,161,161,1.82,9.31,13.4487491078839,0.807977262088162,101.0
76482,OFFRANVILLE,76,Non défini,3183.03,2706.87,115,115,10.21,19.77,12.0294365224355,0.774349630405069,48.0
76484,OISSEL,76,Non défini,2242.79,1776.7,307,307,-7.42,-13.35,11.0742625825774,0.72603299371526,297.0
76495,PAVILLY,76,Non défini,1996.49,1877.94,193,193,1.27,-7.03,11.2181137997764,0.859717807118078,373.0
76497,PETIT-COURONNE (LE),76,Non défini,2045.17,1944.44,478,478,4.17,-8.08,11.7773188885496,0.708081757442952,524.0
76498,PETIT QUEVILLY (LE),76,Non défini,1980.74,1836.73,619,619,-8.16,-4.55,12.4943451098315,0.835161488248261,2950.0
76517,QUINCAMPOIX,76,Non défini,3437.95,2758.47,59,59,1.09,7.06,12.1868903526567,0.862297842835212,32.0
76540,ROUEN,76,Non défini,3734.51,2871.83,5728,5728,-3.0,-7.12,13.2758032887724,0.843252707249706,53222.0
76552,STE ADRESSE,76,Non défini,3919.88,3387.72,303,303,-4.56,4.54,14.1957640354392,0.880254273873889,1023.0
76561,SAINT AUBIN LES ELBEUF,76,Non défini,2185.26,1793.66,314,314,-0.01,6.77,11.4105218501305,0.72603299371526,574.0
76575,SAINT-ETIENNE-DU-ROUVRAY,76,Non défini,1985.76,1939.34,544,544,-7.65,-12.37,11.9741602612831,0.695728656483427,953.0
76591,SAINT-JACQUES-SUR-DARNETAL,76,Non défini,2345.06,2164.82,81,81,-13.33,-15.25,12.0429901340014,0.830374756588768,13.0
76599,SAINT-LEGER-DU-BOURG-DENIS,76,Non défini,2449.14,2454.15,74,74,1.74,-0.4,12.0617391586208,0.858411480193055,713.0
76608,STE MARGUERITE SUR DUCLAIR,76,Non défini,1995.26,1982.99,68,68,11.7,2.38,11.0070084799025,0.748048552833582,4.0
76618,PETIT-CAUX,76,Non défini,2227.36,2061.31,343,343,1.82,-1.69,10.5953733322536,0.680147907663602,40.0
76624,SAINT-NICOLAS-D ALIERMONT,76,Non défini,1914.07,1931.82,185,185,-0.07,8.71,10.5953733322536,0.680147907663602,45.0
76636,SAINT-PIERRE-DE-VARENGEVILL,76,Non défini,1873.24,2102.82,67,67,-7.02,-4.18,10.0088299549612,0.653273910635649,10.0
76640,SAINT PIERRE LES ELBEUF,76,Non défini,1761.38,1808.03,257,257,2.94,5.09,12.3543159461901,0.726267105088077,292.0
76647,SAINT-ROMAIN-DE-COLBOSC,76,Non défini,3574.32,2661.42,194,194,7.72,8.56,13.085848870816,0.845416709120807,467.0
76648,SAINT-SAENS,76,Non défini,1732.1,1666.67,69,69,-2.34,-4.76,10.5497392199115,0.81353580135506,264.0
76655,SAINT-VALERY-EN-CAUX,76,Non défini,2457.86,2215.34,290,290,7.14,2.99,12.2215645049829,0.673133170517859,589.0
76681,SOTTEVILLE-LES-ROUEN,76,Non défini,3335.15,2176.94,893,893,-1.46,-4.76,12.3912141584606,0.813269211541753,2311.0
76705,TOURVILLE-LA-RIVIERE,76,Non défini,2100.49,2177.78,48,48,6.76,6.52,12.2459148338163,0.72603299371526,108.0
76709,LE TRAIT,76,Non défini,1727.63,1777.06,150,150,15.13,15.25,10.7186876986924,0.741518769398247,174.0
76711,LE TREPORT,76,Non défini,3789.74,2568.14,246,246,0.05,12.36,10.9785321149837,0.725718757432011,461.0
76752,YERVILLE,76,Non défini,2076.33,1908.37,99,99,-0.43,1.55,10.8063142926203,0.753554439358173,178.0
76758,YVETOT,76,Non défini,2735.71,2159.09,453,453,-0.45,5.04,11.7930571928097,0.798537866615565,1806.0
77005,ANNET-SUR-MARNE,77,Non défini,4829.7,3974.71,142,142,9.09,-3.14,16.7019021580438,0.849270480181595,341.0
77014,AVON,77,Non défini,3005.0,2816.52,758,758,-14.4,-13.49,16.4405743797766,0.850853088993175,2627.0
77018,BAILLY-ROMAINVILLIERS,77,Non défini,4374.54,4226.8,359,359,-6.49,-6.36,18.4807213444346,0.878977394919524,625.0
77037,BOIS LE ROI,77,Non défini,4578.99,3937.5,260,260,-7.45,-10.55,17.1718797662413,0.895219617468096,524.0
77040,BOISSISE-LE-ROI,77,Non défini,3068.09,2682.11,107,107,-21.39,-14.62,15.5308968834652,0.905892415999752,25.0
77042,BOISSY-LE-CHATEL,77,Non défini,2179.13,2255.81,200,200,-11.37,-11.93,12.8886835121904,0.834243801438993,62.0
77048,BOURRON-MARLOTTE,77,Non défini,4434.7,4561.03,168,168,32.27,11.64,15.6800186568411,0.774114361759419,138.0
77051,BRAY-SUR-SEINE,77,Non défini,4435.83,3267.81,72,72,74.39,61.74,12.6046554511619,0.813734802846516,375.0
77053,BRIE COMTE ROBERT,77,Non défini,3568.71,3413.69,648,648,-7.14,-10.29,17.2989409681307,0.887689349483961,3874.0
77055,BROU-SUR-CHANTEREINE,77,Non défini,2853.36,2677.98,157,157,-27.96,-21.33,17.6094577048296,0.881754919424189,694.0
77058,BUSSY-SAINT-GEORGES,77,Non défini,4249.55,4211.82,781,781,-6.4,-7.41,18.7651875644507,0.895442596905717,4324.0
77061,CANNES-ECLUSE,77,Non défini,2284.09,2295.95,62,62,-19.18,-16.05,13.431986749463,0.819631716611606,120.0
77067,CESSON,77,Non défini,2974.81,2990.99,191,191,-3.94,-6.51,17.130781035327,0.890646877803027,712.0
77069,CHAILLY-EN-BIERE,77,Non défini,3698.88,3463.77,110,110,17.77,23.24,15.6953416583857,0.905892415999752,132.0
77079,CHAMPAGNE SUR SEINE,77,Non défini,2596.87,2577.38,229,229,-6.82,0.05,13.8398213071907,0.819631716611606,274.0
77083,CHAMPS-SUR-MARNE,77,Non défini,3868.36,3536.08,1137,1137,-0.5,-10.19,18.8381313368316,0.82428326317244,2030.0
77085,CHANTELOUP EN BRIE,77,Non défini,3956.25,3909.09,107,107,-2.7,-2.33,18.9582429597776,0.878155961873183,227.0
77088,CHAPELLE-LA-REINE (LA),77,Non défini,2421.22,2424.75,66,66,5.94,-9.74,14.4473882706155,0.774114361759419,75.0
77096,CHARTRETTES,77,Non défini,4886.94,3703.7,128,128,-5.22,-9.57,15.2692613710061,0.895219617468096,126.0
77099,CHATEAU-LANDON,77,Non défini,3215.96,1845.16,218,218,-8.88,-6.69,10.6915368639015,0.806039519701601,188.0
77100,CHATELET-EN-BRIE (LE),77,Non défini,2843.54,2666.67,110,110,-7.82,-7.73,15.1005253674019,0.842115823710641,269.0
77107,CHAUMES-EN-BRIE,77,Non défini,3290.88,2865.17,262,262,0.86,-5.73,14.562085158277,0.872329625964146,345.0
77108,CHELLES,77,Non défini,3660.17,3472.22,1094,1094,-7.07,-10.43,18.2923912069939,0.82428326317244,6324.0
77111,CHESSY,77,Non défini,4607.82,4610.64,224,224,-1.81,-0.85,20.2346520772868,0.881956734883402,1363.0
77114,CHEVRY-COSSIGNY,77,Non défini,3224.65,3482.81,93,93,-0.87,-11.03,17.0116314642167,0.878297162711188,388.0
77118,CLAYE-SOUILLY,77,Non défini,4594.81,3639.18,412,412,-7.66,-7.94,18.42605473314,0.871346561236981,2482.0
77121,COLLEGIEN,77,Non défini,4203.75,4065.22,60,60,-10.3,4.91,19.1627950686978,0.865240344860426,169.0
77122,COMBS LA VILLE,77,Non défini,3423.83,3043.08,528,528,-5.76,-9.18,17.0555894146515,0.871628870787536,2610.0
77128,COUILLY-PONT-AUX-DAMES,77,Non défini,3962.8,3038.5,80,80,-19.8,-21.47,16.2675032844514,0.885479454860897,151.0
77131,COULOMMIERS,77,Non défini,3295.66,2657.31,487,487,-6.46,-7.4,14.7069227659027,0.834243801438993,2232.0
77132,COUPVRAY,77,Non défini,3958.63,3755.3,208,208,-1.79,-5.25,18.5345866686814,0.882077700366858,231.0
77139,COURTRY,77,Non défini,3941.51,3464.91,136,136,-12.95,-11.72,17.8064036538362,0.878062277381076,187.0
77142,CRECY LA CHAPELLE,77,Non défini,3653.56,3134.69,131,131,-7.2,-4.69,16.2328566250899,0.829180346666959,1074.0
77143,CREGY-LES-MEAUX,77,Non défini,3421.52,2848.84,85,85,-12.5,-16.39,15.1077082098537,0.873460278195407,147.0
77152,DAMMARIE LES LYS,77,Non défini,3287.19,2904.17,605,605,-3.85,-3.59,16.5394938595363,0.905892415999752,3408.0
77153,DAMMARTIN-EN-GOELE,77,Non défini,3278.11,3171.72,363,363,-12.04,-7.82,16.5705543213382,0.848466202791979,1851.0
77155,DAMPMART,77,Non défini,4280.46,3647.73,94,94,-1.56,-11.1,17.4677925823103,0.878155961873183,180.0
77159,DONNEMARIE-DONTILLY,77,Non défini,2628.99,1893.98,125,125,-22.33,-12.46,12.1824485913611,0.842115823710641,206.0
77168,EGREVILLE,77,Non défini,1733.84,1684.78,139,139,-10.86,-6.74,13.6932191876512,0.791234558005176,169.0
77169,EMERAINVILLE,77,Non défini,3861.77,3765.43,319,319,0.82,-2.7,19.3966774342752,0.913062686000042,670.0
77171,ESBLY,77,Non défini,3487.66,3328.29,138,138,-7.18,-10.78,17.1358389307451,0.867728834392841,808.0
77175,EVRY-GREGY-SUR-YERRE,77,Non défini,3490.73,3166.67,198,198,-16.18,-11.21,15.9834251902499,0.878297162711188,25.0
77176,FAREMOUTIERS,77,Non défini,2602.31,2500.84,75,75,-6.8,-17.88,13.5825517293949,0.826772362207265,171.0
77181,FERRIERES-EN-BRIE,77,Non défini,4380.1,4465.91,134,134,0.53,-0.99,18.8452946868059,0.865240344860426,712.0
77182,FERTE-GAUCHER (LA),77,Non défini,3196.34,2027.03,115,115,4.66,-2.14,11.8179866854519,0.771112936504074,720.0
77183,LA FERTE SOUS JOUARRE,77,Non défini,4360.94,2638.3,531,531,-1.76,-1.3,14.7961532345751,0.763732224045699,2194.0
77186,FONTAINEBLEAU,77,Non défini,5485.82,4777.07,613,613,-3.07,-2.55,17.7675949413576,0.875181232803729,4186.0
77192,FONTENAY-TRESIGNY,77,Non défini,3369.82,3000.0,200,200,-9.28,-7.96,15.2903260148153,0.888562291543557,809.0
77210,GRANDE-PAROISSE (LA),77,Non défini,2259.53,2213.33,135,135,-7.33,-4.52,13.4749031592141,0.819631716611606,24.0
77215,GRETZ-ARMAINVILLIERS,77,Non défini,3732.93,3352.94,291,291,2.39,-9.62,16.9727251034651,0.913462580515036,1474.0
77217,GRISY-SUISNES,77,Non défini,3762.88,3506.49,190,190,5.48,-0.51,16.4262439682997,0.878297162711188,189.0
77219,GUERARD,77,Non défini,2845.34,2820.51,1094,1094,-0.09,-14.85,14.8525647567269,0.829180346666959,20.0
77222,GUIGNES,77,Non défini,3385.59,2825.58,156,156,-8.43,-8.67,14.9278489125742,0.82491032083761,559.0
77226,HERICY,77,Non défini,3203.87,3179.17,93,93,-13.04,-3.18,15.5317183177451,0.850853088993175,24.0
77238,JOUARRE,77,Non défini,3368.6,2052.63,181,181,-22.63,-15.65,13.3221635963499,0.841793013215396,294.0
77240,JOUY-SUR-MORIN,77,Non défini,3089.34,2388.06,134,134,-19.56,28.26,11.2835476532189,0.771112936504074,87.0
77241,JUILLY,77,Non défini,3705.93,3230.09,50,50,-5.48,-0.64,16.4717201449212,0.883340270125032,289.0
77243,LAGNY-SUR-MARNE,77,Non défini,4174.54,3800.86,811,811,-8.5,-8.79,17.531427774387,0.881074489819791,3823.0
77249,LESIGNY,77,Non défini,3511.65,3496.19,135,135,-8.76,-13.79,18.4199802294684,0.838101660927283,85.0
77251,LIEUSAINT,77,Non défini,3952.68,3365.38,347,347,-1.21,-4.24,17.2226579984825,0.875212321280467,2007.0
77255,LIVRY-SUR-SEINE,77,Non défini,1323.22,576.92,182,182,-71.15,-57.23,15.2433150100987,0.878345420188202,25.0
77257,LIZY-SUR-OURCQ,77,Non défini,3483.95,2474.23,95,95,-2.29,-5.17,12.9979500681871,0.814115728889813,608.0
77258,LOGNES,77,Non défini,3542.6,3604.17,241,241,-1.3,-4.3,19.0613823590821,0.884206932726781,1131.0
77259,LONGPERRIER,77,Non défini,3291.16,2954.55,112,112,-5.24,-14.73,16.0126140699347,0.848466202791979,498.0
77268,MAGNY-LE-HONGRE,77,Non défini,4861.14,4664.1,188,188,1.22,-1.29,18.466114165542,0.879731047795036,918.0
77276,MAREUIL-LES-MEAUX,77,Non défini,3628.05,3386.77,182,182,15.95,7.19,16.3179719220001,0.822487363817044,128.0
77284,MEAUX,77,Non défini,3431.91,3000.0,1481,1481,-5.23,-7.19,16.6652588908822,0.854138804365579,12263.0
77285,LE MEE SUR SEINE,77,Non défini,2235.71,2046.28,388,388,-7.44,-2.64,16.7649292223893,0.880651981067969,848.0
77288,MELUN,77,Non défini,3546.97,2731.96,1216,1216,-6.33,-10.91,16.1720603452691,0.875093155996035,13593.0
77294,MITRY MORY,77,Non défini,3949.84,3559.9,657,657,-4.7,-2.91,17.3601481945042,0.864709386684051,1169.0
77296,MOISSY-CRAMAYEL,77,Non défini,3524.39,3045.93,315,315,-2.08,-5.62,16.9713399877511,0.887967626578443,1731.0
77305,MONTEREAU FAULT YONNE,77,Non défini,3738.1,2346.56,463,463,-6.14,-5.49,14.1886220588563,0.819631716611606,2534.0
77307,MONTEVRAIN,77,Non défini,4630.41,4433.33,518,518,-4.59,-5.44,19.2717690842816,0.878155961873183,3053.0
77312,MONTIGNY-SUR-LOING,77,Non défini,3066.46,3137.25,235,235,3.01,-15.15,13.9896719952929,0.875181232803729,121.0
77315,MONTRY,77,Non défini,3578.16,3513.35,148,148,-10.36,-10.68,16.9200981354594,0.882077700366858,199.0
77316,MORET-LOING-ET-ORVANNE,77,Non défini,2828.12,2711.39,487,487,-10.16,-6.14,16.3516581406534,0.819293736386904,999.0
77317,MORMANT,77,Non défini,3116.27,2615.73,133,133,4.51,-12.81,14.0785662339059,0.823540590691979,470.0
77320,MOUROUX,77,Non défini,2633.15,2580.25,244,244,-3.5,-11.95,14.6735149923814,0.834243801438993,224.0
77322,MOUSSY-LE-NEUF,77,Non défini,3260.2,2937.45,74,74,-14.32,-13.89,16.3304828113051,0.812933425002819,200.0
77326,NANDY,77,Non défini,2997.87,3088.24,384,384,-2.73,-5.92,17.214668413789,0.878310386858498,143.0
77327,NANGIS,77,Non défini,2917.44,2368.69,225,225,-6.2,-3.2,14.3861135662945,0.818553435906168,693.0
77330,NANTEUIL-LES-MEAUX,77,Non défini,3764.86,2916.67,270,270,-8.35,-11.89,16.2213827943722,0.881902431794115,846.0
77333,NEMOURS,77,Non défini,3102.71,2380.51,332,332,-8.29,-2.79,14.4010157510581,0.810791044611864,1418.0
77335,CHAUCONIN-NEUFMONTIERS,77,Non défini,2690.24,2916.67,87,87,-12.99,-13.25,14.9697910791076,0.855412500555711,31.0
77337,NOISIEL,77,Non défini,3393.73,3216.05,182,182,-6.41,-4.78,18.5529770566974,0.848034481530272,472.0
77344,OISSERY,77,Non défini,2979.0,2692.31,77,77,-5.77,-16.4,14.1820699745291,0.873460278195407,79.0
77349,OTHIS,77,Non défini,3184.91,3089.22,185,185,-4.46,-11.0,17.0525033155101,0.812933425002819,419.0
77350,OZOIR LA FERRIERE,77,Non défini,3879.38,3857.89,352,352,-2.47,-4.6,17.9923839509324,0.886076949353903,2740.0
77359,PERTHES,77,Non défini,3835.7,3412.31,121,121,8.06,-3.88,15.5308968834652,0.905892415999752,67.0
77371,POMMEUSE,77,Non défini,2698.33,2581.63,191,191,-4.11,-7.8,13.7174258696306,0.826772362207265,129.0
77372,POMPONNE,77,Non défini,4467.99,3943.18,104,104,-1.42,-2.88,17.7182791186955,0.871999699511976,501.0
77373,PONTAULT COMBAULT,77,Non défini,4350.57,3777.78,1583,1583,-5.56,-7.37,18.1044601940688,0.875332434292032,5191.0
77374,PONTCARRE,77,Non défini,3619.8,3810.48,79,79,4.94,2.01,17.4547627354185,0.886076949353903,274.0
77377,PRESLES-EN-BRIE,77,Non défini,3675.3,3197.46,68,68,2.07,-5.89,16.6218678094118,0.879587208732462,206.0
77378,PRINGY,77,Non défini,3637.91,3122.63,146,146,-1.39,-15.44,15.898229894096,0.862139614712796,658.0
77379,PROVINS,77,Non défini,2719.13,2074.37,424,424,-10.62,-16.14,12.8089484000757,0.862326592365396,2140.0
77382,QUINCY-VOISINS,77,Non défini,3759.62,3333.33,197,197,-5.44,-3.75,16.7436179063536,0.885479454860897,252.0
77385,REBAIS,77,Non défini,2027.96,2102.4,85,85,-5.66,2.88,12.049824382038,0.841793013215396,139.0
77389,ROCHETTE(LA),77,Non défini,3055.54,2650.0,109,109,-6.99,-6.65,16.8793289621215,0.878345420188202,766.0
77390,ROISSY-EN-BRIE,77,Non défini,3721.2,3462.06,393,393,-4.06,-4.18,17.8962635785944,0.837962079006697,1182.0
77393,ROZAY-EN-BRIE,77,Non défini,3521.48,2953.49,81,81,-6.83,-9.78,14.811236160379,0.834028943645296,405.0
77394,RUBELLES,77,Non défini,7662.6,3255.92,87,87,11.41,7.5,16.4185533689173,0.857338906305985,65.0
77407,SAINT-FARGEAU-PONTHIERRY,77,Non défini,3296.81,3058.82,583,583,-0.76,-8.24,15.9556995332641,0.88396552586911,2215.0
77409,SAINT-GERMAIN-LAVAL,77,Non défini,2305.0,2200.0,52,52,-0.88,-1.48,13.4749031592141,0.819631716611606,6.0
77413,SAINT-GERMAIN-SUR-MORIN,77,Non défini,3775.4,3425.13,159,159,-2.34,-5.05,16.9960761686184,0.841092676028641,297.0
77419,SAINT-MAMMES,77,Non défini,2810.35,2563.29,135,135,-5.8,-10.67,14.0691169172081,0.819631716611606,204.0
77420,SAINT-MARD,77,Non défini,3947.8,3416.41,141,141,3.87,-1.95,16.9266185995472,0.812933425002819,174.0
77430,SAINT-PATHUS,77,Non défini,2796.68,2888.89,157,157,-6.04,-5.56,15.9798942025469,0.892215420057068,263.0
77431,SAINT-PIERRE-LES-NEMOURS,77,Non défini,2689.98,2343.75,189,189,-3.94,-2.6,14.9066571064044,0.774114361759419,103.0
77433,BEAUTHEIL-SAINTS,77,Non défini,2889.32,2997.33,135,135,2.84,6.06,13.5642124993799,0.834028943645296,40.0
77437,SAINT-SOUPPLETS,77,Non défini,3624.78,3066.24,127,127,-0.45,0.28,15.2164723847628,0.855412500555711,235.0
77438,SAINT THIBAULT DES VIGNES,77,Non défini,4054.92,3753.3,146,146,-3.0,-2.53,17.7477143337618,0.871999699511976,424.0
77441,SAMOIS SUR SEINE,77,Non défini,3937.42,3584.42,106,106,-5.5,-2.97,15.4705966679744,0.895219617468096,42.0
77442,SAMOREAU,77,Non défini,3500.27,2959.18,101,101,3.06,-19.01,15.5317183177451,0.850853088993175,47.0
77445,SAVIGNY-LE-TEMPLE,77,Non défini,2724.88,2796.08,863,863,-1.89,-6.65,16.8609725571987,0.878310386858498,2158.0
77449,SERRIS,77,Non défini,4721.34,4589.55,369,369,-4.09,-7.25,19.6770554720704,0.859643414675875,2042.0
77450,SERVON,77,Non défini,3949.25,3638.23,88,88,-1.98,-2.98,17.30655031326,0.820326104399666,84.0
77455,SOIGNOLLES-EN-BRIE,77,Non défini,3033.91,2934.29,95,95,-19.94,-5.49,15.4079509078683,0.872871537004122,171.0
77458,SOUPPES-SUR-LOING,77,Non défini,2049.38,1730.77,349,349,-13.87,-17.12,11.5724008362335,0.806039519701601,394.0
77463,THOMERY,77,Non défini,3956.02,3182.0,119,119,-2.84,-6.22,15.5317183177451,0.850853088993175,99.0
77464,THORIGNY SUR MARNE,77,Non défini,4238.97,3575.0,274,274,-6.74,-9.8,17.5829508684448,0.882289482272511,1506.0
77468,TORCY,77,Non défini,3457.71,3333.33,585,585,-5.03,-10.64,18.3679971200782,0.848034481530272,1735.0
77470,TOURNAN-EN-BRIE,77,Non défini,3593.98,3181.82,216,216,-11.39,-11.46,16.3210086309367,0.868946971723155,1058.0
77475,TRILPORT,77,Non défini,4642.42,3059.52,135,135,-3.98,-2.99,15.7395108138796,0.881902431794115,215.0
77479,VAIRES SUR MARNE,77,Non défini,4214.87,4094.51,249,249,-2.29,-5.28,18.3052829531814,0.871999699511976,1423.0
77482,VARENNES-SUR-SEINE,77,Non défini,2412.51,2364.86,97,97,0.42,7.85,13.4749031592141,0.819631716611606,77.0
77483,VARREDDES,77,Non défini,2951.75,3134.58,140,140,5.31,14.73,15.7757321043908,0.881902431794115,97.0
77487,VAUX-LE-PENIL,77,Non défini,3148.75,2785.26,347,347,-4.22,-6.0,16.6896230633358,0.878345420188202,436.0
77493,VERNEUIL-L ETANG,77,Non défini,3051.98,2752.29,40,40,-10.5,-10.49,15.4292860510574,0.82491032083761,193.0
77494,VERNOU-LA-CELLE-SUR-SEINE,77,Non défini,3146.73,2770.27,107,107,11.73,8.04,14.1499022186492,0.819631716611606,100.0
77495,VERT-SAINT-DENIS,77,Non défini,3019.42,3011.24,238,238,-5.99,-10.52,16.8314941634054,0.857338906305985,297.0
77513,VILLENOY,77,Non défini,3622.47,3282.3,151,151,-4.6,-3.5,16.8940526598826,0.822487363817044,755.0
77514,VILLEPARISIS,77,Non défini,3610.39,3250.0,616,616,-4.72,-7.92,17.7624243361218,0.844413493623029,3197.0
77517,VILLEVAUDE,77,Non défini,3934.89,3688.03,85,85,11.89,-6.12,18.2738052097557,0.878062277381076,94.0
77521,VILLIERS-SUR-MORIN,77,Non défini,3767.48,3454.73,169,169,-2.9,0.35,16.4313709621384,0.841092676028641,70.0
77533,VULAINES-SUR-SEINE,77,Non défini,3183.07,3023.17,71,71,-18.24,-10.69,15.5317183177451,0.850853088993175,17.0
78003,ABLIS,78,Non défini,2827.56,2738.1,71,71,5.72,-2.32,14.9954837799551,0.867120794474662,315.0
78005,ACHERES,78,Non défini,3848.91,3709.68,453,453,-7.26,-5.65,18.3987104356988,0.854418468129268,1803.0
78015,ANDRESY,78,Non défini,3615.44,3425.19,402,402,-2.14,-7.39,18.0566572588056,0.899416936127471,1846.0
78029,AUBERGENVILLE,78,Non défini,2820.77,2795.14,240,240,2.59,-4.61,15.6683599529042,0.846506270945074,927.0
78043,BAILLY,78,Non défini,4199.11,4175.82,141,141,-11.82,-7.47,20.0262471562495,0.957899565099013,300.0
78062,BEYNES,78,Non défini,3372.05,3475.99,202,202,2.15,-1.84,16.9776030220994,0.886959221828838,562.0
78073,BOIS D ARCY,78,Non défini,3432.74,3214.46,631,631,-14.58,-16.79,18.3860582506348,0.865924580997487,2229.0
78087,BONNELLES,78,Non défini,3653.0,3170.0,39,39,-5.92,-7.04,16.9920260954172,0.896453644532372,351.0
78089,BONNIERES-SUR-SEINE,78,Non défini,3748.74,2611.17,122,122,-5.05,-6.5,14.5663043037888,0.856964917081049,855.0
78090,BOUAFLE,78,Non défini,4958.82,3330.13,88,88,-5.7,-10.16,15.089944601946,0.846506270945074,193.0
78092,BOUGIVAL,78,Non défini,5065.92,4826.92,244,244,2.1,-8.63,20.2994287590812,0.912623983348021,1672.0
78117,BUC,78,Non défini,5535.73,5173.23,194,194,-10.03,-3.8,20.476050532654,0.890683887048764,760.0
78118,BUCHELAY,78,Non défini,2750.78,2500.0,70,70,-22.68,-18.83,16.0346403704199,0.862036717973502,214.0
78123,CARRIERES SOUS POISSY,78,Non défini,3730.52,3705.88,614,614,-5.83,-5.78,18.5602967717307,0.899170773178775,3226.0
78124,CARRIERES SUR SEINE,78,Non défini,5101.91,5097.56,310,310,-3.81,-7.98,20.9012502384399,0.897422920745289,1228.0
78126,CELLE-SAINT-CLOUD (LA),78,Non défini,5662.57,4454.55,585,585,4.78,1.29,21.5537666877317,0.944134609665163,1732.0
78133,CHAMBOURCY,78,Non défini,4780.58,4775.31,139,139,0.29,-2.26,20.6099762014179,0.951472486677656,725.0
78138,CHANTELOUP-LES-VIGNES,78,Non défini,4415.01,3215.79,181,181,8.57,-2.55,16.4818185302253,0.81861181071599,878.0
78146,CHATOU,78,Non défini,5827.1,5278.53,930,930,-2.41,-7.98,22.2442189761389,0.894362790407835,4234.0
78158,LE CHESNAY-ROCQUENCOURT,78,Non défini,6034.27,5421.75,441,441,-11.49,-4.11,21.7263296360744,0.959034670816345,4791.0
78160,CHEVREUSE,78,Non défini,5772.91,4211.0,185,185,-8.38,-3.61,18.1825073945086,0.848223190592146,557.0
78165,CLAYES-SOUS-BOIS (LES),78,Non défini,3766.06,3438.42,353,353,0.08,5.69,18.6083785693978,0.865013253515176,1275.0
78168,COIGNIERES,78,Non défini,3467.4,3436.17,128,128,-6.41,-11.8,17.6376784216439,0.917901892071672,348.0
78172,CONFLANS SAINTE HONORINE,78,Non défini,3947.59,3741.26,812,812,-7.66,-10.37,18.3138266180949,0.871302663044628,4204.0
78190,CROISSY SUR SEINE,78,Non défini,6321.95,5714.29,343,343,-14.32,-15.4,23.1867409222348,0.921238542905995,1339.0
78206,ECQUEVILLY,78,Non défini,3257.4,3111.11,103,103,-4.58,-10.9,15.7601141564218,0.846506270945074,323.0
78208,ELANCOURT,78,Non défini,2954.72,2905.01,833,833,-10.22,-10.81,18.2602392862512,0.917386932965216,2791.0
78217,EPONE,78,Non défini,3412.43,3243.24,182,182,-0.31,-8.6,16.2486509027231,0.875840060702521,819.0
78220,ESSARTS-LE-ROI (LES),78,Non défini,3651.97,3249.15,243,243,-7.79,-13.68,17.2383894123061,0.917901892071672,406.0
78224,ETANG-LA-VILLE (L ),78,Non défini,5437.32,5073.96,112,112,-5.68,-17.68,20.7165128663513,0.923657936528669,341.0
78233,FEUCHEROLLES,78,Non défini,4755.41,4368.93,86,86,-16.61,-10.11,21.2628637872607,0.951196569889719,36.0
78238,FLINS-SUR-SEINE,78,Non défini,3063.62,2862.5,63,63,-6.44,-23.69,16.0601492900221,0.846506270945074,310.0
78239,FOLLAINVILLE-DENNEMONT,78,Non défini,2604.13,2103.45,43,43,-21.87,-31.75,14.9261462790083,0.853431268854547,144.0
78242,FONTENAY LE FLEURY,78,Non défini,3603.68,3653.85,260,260,-0.35,-3.03,18.7154354406027,0.899774753136814,2311.0
78255,FRENEUSE,78,Non défini,2547.71,2309.53,211,211,-17.29,-11.33,14.687434991078,0.83943207908522,177.0
78263,GAMBAIS,78,Non défini,3411.88,3260.87,82,82,-8.17,-13.5,13.7227322389065,0.889176858146444,10.0
78265,GARANCIERES,78,Non défini,3535.1,3219.63,93,93,0.95,-8.4,15.7281811261388,0.778632862050626,77.0
78267,GARGENVILLE,78,Non défini,3198.92,3094.75,151,151,-1.06,-10.54,17.0795393163843,0.881647588260915,806.0
78291,GUERVILLE,78,Non défini,3365.35,2746.84,167,167,-10.47,-16.34,14.3388557786836,0.826439705895913,117.0
78297,GUYANCOURT,78,Non défini,3910.64,3858.42,404,404,-4.13,-4.26,18.9961242597664,0.88292959497276,1912.0
78299,HARDRICOURT,78,Non défini,3845.53,3327.87,76,76,5.89,-3.3,16.3278367948563,0.853501611184501,359.0
78310,HOUDAN,78,Non défini,4180.04,3563.54,178,178,0.35,10.19,16.0988333118252,0.856150935068548,1358.0
78311,HOUILLES,78,Non défini,5391.92,5063.29,907,907,-2.99,-7.24,21.2040186725246,0.849038409220731,3754.0
78314,ISSOU,78,Non défini,3290.59,2840.91,82,82,-1.09,-3.19,16.4997099216289,0.881647588260915,188.0
78321,JOUARS-PONTCHARTRAIN,78,Non défini,3679.32,3417.72,173,173,-11.24,-11.96,18.8764940517464,0.856812210243365,349.0
78322,JOUY EN JOSAS,78,Non défini,6494.63,4955.56,152,152,10.23,3.27,22.3004652931389,0.93419133757167,584.0
78327,JUZIERS,78,Non défini,3167.39,2864.06,168,168,-9.56,-5.36,16.0325295378526,0.840650524693286,492.0
78335,LIMAY,78,Non défini,3013.12,2626.73,278,278,-6.1,-3.14,15.1536301618778,0.817928586612626,1486.0
78337,LIMETZ-VILLEZ,78,Non défini,2556.85,2368.42,75,75,-15.94,-13.21,13.0645451123962,0.83943207908522,52.0
78350,LOUVECIENNES,78,Non défini,4812.9,4339.39,284,284,-12.82,-15.88,20.3472116418968,0.957899565099013,618.0
78354,MAGNANVILLE,78,Non défini,2547.09,2504.76,102,102,-9.28,-11.43,16.8105752475684,0.862036717973502,186.0
78356,MAGNY-LES-HAMEAUX,78,Non défini,3827.2,3885.71,159,159,9.97,-0.37,17.6648471296435,0.875323812617298,227.0
78358,MAISONS-LAFFITTE,78,Non défini,6558.9,5973.63,857,857,-3.51,-8.1,22.9468715570744,0.928682434960883,2228.0
78361,MANTES-LA-JOLIE,78,Non défini,3546.89,2701.35,877,877,-6.56,-8.15,15.8508853782796,0.853431268854547,7048.0
78362,MANTES-LA-VILLE,78,Non défini,3196.47,2686.57,522,522,-2.96,-0.69,16.1173183940443,0.844133326261073,2350.0
78367,MAREIL-MARLY,78,Non défini,5765.89,5852.03,171,171,-4.57,-6.86,21.1314166220815,0.923657936528669,327.0
78372,MARLY-LE-ROI,78,Non défini,4443.22,3915.38,571,571,-1.94,-5.49,20.8049081856407,0.938111462735598,2022.0
78380,MAULE,78,Non défini,3497.55,3535.29,183,183,-1.4,-7.61,16.3887579753697,0.8693055998084,672.0
78382,MAURECOURT,78,Non défini,3989.92,3740.0,106,106,-4.43,-13.26,17.2703608782076,0.899416936127471,234.0
78383,MAUREPAS,78,Non défini,3053.43,2959.27,583,583,-4.18,-9.11,17.3292940610659,0.910998983446114,3090.0
78396,MESNIL-LE-ROI (LE),78,Non défini,5316.84,4840.76,174,174,-7.78,-21.09,19.7541361461969,0.928682434960883,362.0
78397,MESNIL-SAINT-DENIS (LE),78,Non défini,3847.85,3636.48,154,154,-10.43,-10.36,18.5555832799899,0.879422880437394,502.0
78401,MEULAN-EN-YVELINES,78,Non défini,4705.7,2865.85,270,270,0.0,0.84,15.8999206965865,0.853501611184501,1747.0
78402,MEZIERES-SUR-SEINE,78,Non défini,4954.56,3166.67,169,169,7.95,-10.52,15.1936431585773,0.826439705895913,331.0
78403,MEZY-SUR-SEINE,78,Non défini,3107.47,2855.42,65,65,-21.92,-9.95,16.2263193301814,0.875318330586125,452.0
78418,MONTESSON,78,Non défini,4727.96,4578.22,355,355,-4.54,-6.81,20.6145065523424,0.897254913411645,880.0
78420,MONTFORT-L AMAURY,78,Non défini,5324.0,4432.2,94,94,-9.28,-3.27,18.5144974237963,0.892294677242397,468.0
78423,MONTIGNY LE BRETONNEUX,78,Non défini,4052.31,4029.85,1104,1104,-2.35,-3.2,19.6758300988089,0.875323812617298,4488.0
78431,MORAINVILLIERS,78,Non défini,3626.19,3548.39,110,110,-21.05,-16.92,18.4813618654271,0.914547263037338,35.0
78440,MUREAUX (LES),78,Non défini,3540.39,2551.28,450,450,3.78,-3.89,16.335811110689,0.865836150261252,2249.0
78442,NEAUPHLE-LE-CHATEAU,78,Non défini,4430.01,3679.13,161,161,-1.36,-6.65,18.7266683882657,0.857544214215354,706.0
78455,NOISY LE ROI,78,Non défini,5366.86,5159.74,141,141,1.13,-5.8,22.1570155331445,0.951196569889719,523.0
78465,ORGERUS,78,Non défini,3805.79,3297.9,91,91,-5.35,-3.61,15.8726340373597,0.859064434869967,57.0
78466,ORGEVAL,78,Non défini,4265.18,4287.5,216,216,-15.75,-11.37,20.0404286414096,0.867152185601166,406.0
78481,PECQ (LE),78,Non défini,5023.23,4698.1,503,503,-7.85,-8.2,21.6591725212126,0.910874434966319,1398.0
78486,PERRAY-EN-YVELINES (LE),78,Non défini,3395.52,3458.72,204,204,-13.63,-10.63,16.4776364523493,0.875053964209109,821.0
78490,PLAISIR,78,Non défini,3150.57,3071.25,649,649,-5.12,-8.2,18.2371272125089,0.864312690908261,3812.0
78498,POISSY,78,Non défini,4212.77,3774.21,916,916,-10.79,-10.65,19.1075670231833,0.858979760461131,7353.0
78501,PORCHEVILLE,78,Non défini,3158.3,2617.45,70,70,-10.11,-14.13,15.0524548299162,0.826439705895913,77.0
78502,PORT-MARLY (LE),78,Non défini,4863.96,4633.75,549,549,7.5,4.13,20.1892655125784,0.864510050299363,671.0
78513,QUEUE-LES-YVELINES (LA),78,Non défini,3768.2,3962.38,93,93,3.63,4.15,16.5487735601008,0.778632862050626,192.0
78517,RAMBOUILLET,78,Non défini,3981.95,3800.0,946,946,-5.11,-8.0,17.4483776387817,0.888364094385074,5624.0
78531,ROSNY-SUR-SEINE,78,Non défini,2711.28,2837.66,128,128,10.35,1.47,14.778024057558,0.822116010039505,654.0
78537,SAINT-ARNOULT-EN-YVELINES,78,Non défini,3195.79,3032.71,174,174,-7.28,-6.29,15.6849420336751,0.867120794474662,620.0
78545,SAINT-CYR-L ECOLE,78,Non défini,4012.69,4203.39,468,468,-9.34,-11.51,19.6170866095071,0.882784975039109,4038.0
78551,SAINT-GERMAIN-EN-LAYE,78,Non défini,6825.68,6653.85,1396,1396,-4.27,-4.84,23.538123284976,0.917089750846785,10697.0
78571,SAINT-NOM-LA-BRETECHE,78,Non défini,5656.78,5193.37,136,136,-5.51,4.42,21.182204548862,0.951196569889719,167.0
78575,SAINT-REMY-LES-CHEVREUSE,78,Non défini,4978.36,4504.43,137,137,-3.91,-9.81,19.1746068601028,0.885969659802652,578.0
78586,SARTROUVILLE,78,Non défini,4745.11,4329.34,1226,1226,-7.35,-8.6,20.5123242778038,0.804536065302084,4157.0
78591,SEPTEUIL,78,Non défini,2894.69,2796.05,88,88,-2.59,-8.99,15.7756646729325,0.859064434869967,225.0
78621,TRAPPES,78,Non défini,2927.83,2888.89,401,401,-1.92,-6.29,17.7316427167387,0.889780263073999,2896.0
78624,TRIEL SUR SEINE,78,Non défini,3730.26,3429.63,460,460,-9.8,-7.17,17.5784373547551,0.858227066985408,1895.0
78638,VAUX-SUR-SEINE,78,Non défini,4354.25,3425.18,211,211,-9.28,-0.7,16.2638218907639,0.875182142666819,482.0
78640,VELIZY VILLACOUBLAY,78,Non défini,5015.47,4267.09,601,601,-8.71,-9.64,21.6966939426797,0.86827015331635,1744.0
78642,VERNEUIL SUR SEINE,78,Non défini,3706.53,3554.74,379,379,-4.4,-8.5,17.7157234027772,0.890581165166942,1942.0
78643,VERNOUILLET,78,Non défini,4281.44,3855.35,276,276,-3.05,-6.08,17.821163096309,0.885908682810156,621.0
78644,VERRIERE (LA),78,Non défini,4129.93,4000.0,26,26,10.34,18.77,16.9659939138755,0.917386932965216,243.0
78646,VERSAILLES,78,Non défini,7036.92,6775.1,2329,2329,-4.5,-8.26,24.3053774694814,0.928839297843655,14588.0
78650,VESINET (LE),78,Non défini,7089.97,6299.0,481,481,-13.22,-13.42,23.8739088471668,0.929570035325155,2551.0
78672,VILLENNES-SUR-SEINE,78,Non défini,5060.2,4724.41,168,168,5.82,-4.56,20.204830852961,0.914547263037338,668.0
78674,VILLEPREUX,78,Non défini,3893.52,3947.37,162,162,-6.42,-9.11,18.8231607292698,0.837444574153756,673.0
78683,VILLIERS-SAINT-FREDERIC,78,Non défini,3569.8,3720.86,123,123,-6.52,-2.83,18.3771861427038,0.857544214215354,28.0
78686,VIROFLAY,78,Non défini,6666.54,5919.1,502,502,1.47,-2.91,23.6702120217393,0.905566359916296,1747.0
78688,VOISINS-LE-BRETONNEUX,78,Non défini,4319.95,4391.59,231,231,-7.42,-7.25,19.5619532689921,0.905426494866749,878.0
79003,AIFFRES,79,Non défini,1861.35,1904.76,213,213,-15.9,-4.76,9.89251786452383,0.782082935625766,16.0
79005,AIRVAULT,79,Non défini,1052.82,1105.26,236,236,-5.14,23.71,9.14865211081925,0.764283112046307,133.0
79013,ARGENTONNAY,79,Non défini,1079.92,1011.9,443,443,-19.21,3.0,8.50451180352981,0.60613603934686,99.0
79014,LORETZ-D ARGENTON,79,Non défini,1017.38,981.7,259,259,-26.0,-11.28,8.50451180352981,0.60613603934686,42.0
79048,LA CRECHE,79,Non défini,2473.39,1831.09,329,329,-0.4,-2.1,10.0130427005607,0.781341148452198,178.0
79049,BRESSUIRE,79,Non défini,2083.59,1639.34,1061,1061,3.04,-1.64,11.3986268709628,0.764283112046307,1491.0
79061,CELLES-SUR-BELLE,79,Non défini,1318.05,1277.78,231,231,-19.17,-17.37,9.39334307650858,0.666374842490296,177.0
79062,CERIZAY,79,Non défini,1450.8,1365.44,192,192,-4.15,0.33,9.1183828656115,0.60613603934686,155.0
79063,VAL EN VIGNES,79,Non défini,1137.44,1143.48,243,243,25.38,35.13,8.50451180352981,0.60613603934686,25.0
79076,LA CHAPELLE-SAINT-LAURENT,79,Non défini,1364.51,1423.88,198,198,26.57,16.5,8.67135868837097,0.76853078272333,20.0
79079,MAULEON,79,Non défini,1739.7,1639.24,619,619,4.76,-0.73,9.06746376145945,0.823606058618384,178.0
79080,CHATILLON SUR THOUET,79,Non défini,1631.6,1376.62,158,158,1.01,-1.66,8.67135868837097,0.76853078272333,22.0
79081,CHAURAY,79,Non défini,2287.79,2070.71,246,246,-2.75,1.71,11.4061412269833,0.781341148452198,257.0
79083,CHEF-BOUTONNE,79,Non défini,1234.16,1183.19,131,131,19.31,38.7,9.61045610911492,0.635340173893196,124.0
79100,COULON,79,Non défini,1904.48,1754.55,134,134,-9.06,-5.31,11.4534346562647,0.77433950441429,67.0
79101,COULONGES-SUR-L AUTIZE,79,Non défini,1212.11,1122.22,149,149,-17.79,-30.53,8.20889130787153,0.723296258749359,169.0
79103,COURLAY,79,Non défini,1134.61,1166.87,261,261,-4.98,-12.91,8.67135868837097,0.76853078272333,19.0
79109,ECHIRE,79,Non défini,2259.69,1973.88,192,192,-7.41,2.22,9.89251786452383,0.782082935625766,16.0
79123,LA FORET-SUR-SEVRE,79,Non défini,1323.86,1126.23,221,221,5.21,4.43,8.86207542014201,0.8000582468486,41.0
79130,FRONTENAY-ROHAN-ROHAN,79,Non défini,1669.84,1653.85,208,208,-0.77,23.67,11.4534346562647,0.77433950441429,93.0
79148,LEZAY,79,Non défini,2359.55,998.13,151,151,-14.79,-6.7,8.39277902695117,0.725482036043889,66.0
79162,MAGNE,79,Non défini,2272.81,1865.67,144,144,-21.69,-8.42,11.4534346562647,0.77433950441429,52.0
79170,MAUZE-SUR-LE-MIGNON,79,Non défini,2328.86,1986.37,173,173,16.19,6.77,10.2115766801874,0.666374842490296,180.0
79174,MELLE,79,Non défini,2651.66,1372.27,325,325,-9.86,5.47,8.46554622379583,0.775136857480637,388.0
79179,MONCOUTANT-SUR-SEVRE,79,Non défini,1292.5,1121.83,613,613,8.85,-5.09,8.56088728985288,0.76853078272333,152.0
79185,AIGONDIGNE,79,Non défini,1503.63,1601.5,261,261,-10.74,-1.88,9.89251786452383,0.782082935625766,29.0
79191,NIORT,79,Non défini,2870.35,2150.0,2650,2650,-1.37,-2.9,11.5507582032929,0.782082935625766,8989.0
79195,NUEIL-LES-AUBIERS,79,Non défini,1350.83,1300.0,320,320,13.45,-0.4,8.50451180352981,0.60613603934686,91.0
79196,PLAINE-ET-VALLEES,79,Non défini,1090.71,864.41,849,849,2.94,-9.86,7.94988436081072,0.653580639490988,8.0
79202,PARTHENAY,79,Non défini,1483.15,1303.37,517,517,-4.53,-5.43,9.76567145615574,0.768098712937116,1421.0
79213,POMPAIRE,79,Non défini,1418.78,1385.54,128,128,-18.54,-5.58,8.87503928923129,0.781341148452198,5.0
79216,PRAHECQ,79,Non défini,2078.3,2080.5,196,196,21.59,26.4,9.89251786452383,0.782082935625766,19.0
79249,SAINT GELAIS,79,Non défini,1981.19,1968.5,72,72,-3.63,-5.42,8.0921959706776,0.723296258749359,21.0
79270,ST MAIXENT L ECOLE,79,Non défini,1454.3,1381.82,249,249,-1.47,-4.63,10.5963372896655,0.730159303833169,733.0
79299,SAINT-VARENT,79,Non défini,1183.94,985.36,146,146,3.97,-13.97,9.85439389198966,0.764283112046307,47.0
79329,THOUARS,79,Non défini,2143.85,1364.71,973,973,-3.71,13.14,9.104294695128,0.653580639490988,1365.0
79355,VOUILLE,79,Non défini,2093.43,2062.12,150,150,-12.14,-4.89,9.89251786452383,0.782082935625766,18.0
80001,ABBEVILLE,80,Non défini,2403.61,1696.87,953,953,-2.08,0.6,11.3922682488656,0.83250100054485,3048.0
80010,AILLY-SUR-NOYE,80,Non défini,2344.05,1855.36,92,92,-6.66,0.29,11.5505591485018,0.71585344849322,149.0
80011,AILLY-SUR-SOMME,80,Non défini,2243.97,1881.19,79,79,-0.67,-5.24,11.288234045245,0.804942420078154,50.0
80013,AIRAINES,80,Non défini,1156.9,1250.0,61,61,-3.66,-32.31,11.3953917459252,0.666302733113807,112.0
80016,ALBERT,80,Non défini,2206.95,1513.16,405,405,3.94,1.46,11.6038893747673,0.747302028895544,1160.0
80021,AMIENS,80,Non défini,3964.18,2680.29,4191,4191,0.26,-2.42,13.4015661488363,0.85273697655919,41032.0
80131,BOVES,80,Non défini,2319.28,2168.67,153,153,-11.52,-16.67,12.2266489227609,0.882808211207831,336.0
80164,CAMON,80,Non défini,2382.36,2160.49,128,128,-10.63,-8.34,14.5593577743844,0.889351739641517,137.0
80182,CAYEUX-SUR-MER,80,Non défini,2967.03,2835.59,264,264,6.69,-1.9,10.965010003325,0.79115994899728,89.0
80212,CORBIE,80,Non défini,3636.97,2272.61,201,201,36.04,9.02,11.8761383533999,0.835793741698421,515.0
80253,DOULLENS,80,Non défini,2229.37,1313.73,236,236,0.72,8.79,10.2631120723837,0.741442905079928,692.0
80308,FEUQUIERES-EN-VIMEU,80,Non défini,1412.51,1428.57,81,81,-12.9,-1.73,10.1964240105677,0.725718757432011,38.0
80318,FLIXECOURT,80,Non défini,1510.04,1325.76,173,173,1.91,-8.11,11.3678343392976,0.666302733113807,147.0
80360,FRESSENNEVILLE,80,Non défini,1576.94,1525.42,61,61,5.43,-17.65,10.1964240105677,0.725718757432011,30.0
80368,FRIVILLE-ESCARBOTIN,80,Non défini,1656.34,1481.25,223,223,11.09,16.38,10.4416969083805,0.725718757432011,238.0
80373,GAMACHES,80,Non défini,1459.03,1522.73,60,60,30.32,-14.86,10.1964240105677,0.725718757432011,59.0
80410,HAM,80,Non défini,1655.83,1211.78,213,213,1.19,-0.8,9.4762810530978,0.76605034442158,451.0
80489,LONGUEAU,80,Non défini,1940.92,1959.46,239,239,-14.47,-6.94,14.6613892128681,0.889351739641517,285.0
80533,MERS-LES-BAINS,80,Non défini,2496.49,2287.36,243,243,-6.91,3.69,11.6904501007325,0.725718757432011,271.0
80561,MONTDIDIER,80,Non défini,1466.32,1375.0,184,184,-13.47,-32.32,10.8480536917722,0.807355498145382,712.0
80570,MOREUIL,80,Non défini,3185.66,1719.58,114,114,-11.87,-11.9,10.2171143694938,0.760773120985567,303.0
80585,NESLE,80,Non défini,1559.02,1080.0,118,118,-24.7,-16.36,10.9895981465601,0.761734214347774,202.0
80620,PERONNE,80,Non défini,3394.54,1597.22,320,320,-11.21,1.51,10.2030706789867,0.755473171537956,1187.0
80630,POIX-DE-PICARDIE,80,Non défini,1800.43,1711.86,55,55,-20.13,16.98,11.1615690071719,0.76834465700976,137.0
80632,PONT-DE-METZ,80,Non défini,3082.96,2702.05,63,63,-1.56,-6.47,13.3687260685325,0.849048654021038,411.0
80674,RIVERY,80,Non défini,2547.75,2229.58,125,125,-10.28,-5.67,14.8219977929148,0.889351739641517,232.0
80680,ROSIERES-EN-SANTERRE,80,Non défini,1558.15,1583.33,112,112,-6.86,2.04,11.1545151427603,0.699946238948741,173.0
80685,ROYE,80,Non défini,1779.98,1275.51,192,192,-4.81,-16.51,11.2313721179534,0.761734214347774,879.0
80688,RUE,80,Non défini,2328.96,2013.27,318,318,-6.05,-6.13,11.6340012767989,0.690375263606775,85.0
80721,SAINT-VALERY-SUR-SOMME,80,Non défini,4067.68,3803.46,103,103,-10.9,-5.88,10.965010003325,0.79115994899728,78.0
80724,SALEUX,80,Non défini,2483.53,2407.41,113,113,-3.7,6.23,14.6747664894827,0.870893172844696,196.0
80725,SALOUEL,80,Non défini,2476.29,2400.0,95,95,-0.59,-0.5,13.7275001191416,0.849048654021038,435.0
80793,VIGNACOURT,80,Non défini,1631.7,1498.08,69,69,-11.64,-10.69,11.288234045245,0.804942420078154,51.0
80799,VILLERS-BRETONNEUX,80,Non défini,1821.25,1779.41,93,93,-14.78,-28.82,11.2102891604785,0.760773120985567,281.0
81002,AIGUEFONDE,81,Non défini,1644.73,1694.92,187,187,38.1,31.07,9.08473290415639,0.763823388319346,7.0
81004,ALBI,81,Non défini,2629.1,2222.22,1894,1894,-5.79,-6.7,11.2293435413162,0.836797459786307,11946.0
81018,ARTHES,81,Non défini,1917.65,2129.2,91,91,-6.52,8.73,10.9684131873241,0.733036450016518,219.0
81021,AUSSILLON,81,Non défini,1554.8,1321.43,232,232,-4.95,8.29,10.1960835600372,0.728394391871923,128.0
81033,BLAYE LES MINES,81,Non défini,1260.47,1192.55,131,131,-22.03,-20.06,9.32146417756255,0.783139274373224,194.0
81038,BRENS,81,Non défini,2398.95,2295.8,175,175,2.34,10.53,12.7797138317593,0.68915654666619,54.0
81042,BURLATS,81,Non défini,1780.16,1619.92,120,120,-21.85,3.1,9.08473290415639,0.763823388319346,44.0
81048,CAGNAC-LES-MINES,81,Non défini,1476.69,1398.49,104,104,-14.77,-18.89,10.2857903756855,0.733036450016518,177.0
81052,CAMBON,81,Non défini,1867.57,1785.71,58,58,-19.64,-13.56,10.2179886240325,0.836797459786307,8.0
81060,CARMAUX,81,Non défini,1550.13,1218.35,375,375,-8.62,-20.31,9.46773675004416,0.783139274373224,1639.0
81065,CASTRES,81,Non défini,2638.31,1803.81,1823,1823,-0.21,-3.98,10.0033282660908,0.763823388319346,7496.0
81070,COUFFOULEUX,81,Non défini,2290.79,2422.22,104,104,-3.07,12.47,10.0779843051854,0.829162087909061,26.0
81099,GAILLAC,81,Non défini,2519.74,2077.37,816,816,-2.79,2.28,10.7061091221241,0.788564402604926,2098.0
81105,GRAULHET,81,Non défini,1562.45,1400.0,811,811,-5.98,-10.17,9.60323693113601,0.766903061046849,1159.0
81120,LABRUGUIERE,81,Non défini,1705.2,1713.55,369,369,1.5,2.84,9.3976098135935,0.763823388319346,409.0
81124,LACAUNE,81,Non défini,1069.96,894.37,169,169,-2.37,-19.69,9.66766120850801,0.718520035048245,151.0
81131,LAGRAVE,81,Non défini,2287.05,2353.46,127,127,1.96,6.84,12.7797138317593,0.68915654666619,14.0
81140,LAVAUR,81,Non défini,2743.21,2266.67,597,597,-6.33,1.13,11.174655502875,0.783351559736906,1736.0
81144,LESCURE-D ALBIGEOIS,81,Non défini,1967.03,1863.98,186,186,1.39,-8.76,11.0272329380512,0.733036450016518,121.0
81145,LISLE-SUR-TARN,81,Non défini,1856.18,1913.66,346,346,-21.55,-10.91,10.3280362065028,0.805505994129112,358.0
81156,MARSSAC-SUR-TARN,81,Non défini,2300.57,2294.12,90,90,-5.5,0.62,12.1970206628522,0.68915654666619,119.0
81163,MAZAMET,81,Non défini,1950.52,1269.89,474,474,-8.87,-1.22,9.18881422122453,0.732281034493075,2068.0
81182,MONTREDON-LABESSONNIE,81,Non défini,1562.21,1214.29,411,411,9.54,-6.94,9.1370516345467,0.728394391871923,31.0
81204,PAYRIN-AUGMONTEL,81,Non défini,2080.08,1970.59,74,74,39.97,26.01,9.1370516345467,0.728394391871923,20.0
81209,PONT-DE-L ARN,81,Non défini,1512.76,1535.71,170,170,-8.99,-17.38,9.1370516345467,0.728394391871923,45.0
81218,PUYGOUZON,81,Non défini,2309.78,2325.81,192,192,-4.23,-4.26,10.2179886240325,0.836797459786307,57.0
81219,PUYLAURENS,81,Non défini,1681.46,1521.74,422,422,-17.88,-21.49,9.17359529543931,0.740176037222123,428.0
81220,RABASTENS,81,Non défini,2163.93,2021.42,218,218,-10.37,-8.81,10.0586159260675,0.829162087909061,512.0
81222,REALMONT,81,Non défini,2468.73,1722.35,103,103,-26.13,-0.77,9.52797981232209,0.808733576208131,716.0
81227,ROQUECOURBE,81,Non défini,1464.13,1638.8,77,77,7.27,47.15,10.3439902937232,0.728394391871923,194.0
81244,SAINT-BENOIT-DE-CARMAUX,81,Non défini,1344.18,1095.66,34,34,-20.98,-14.31,8.55903087907853,0.783139274373224,46.0
81257,SAINT JUERY,81,Non défini,1821.54,1720.49,182,182,-23.43,-4.52,11.1891248909918,0.747819731904145,565.0
81271,SAINT-SULPICE-LA-POINTE,81,Non défini,2653.58,2629.76,291,291,-6.27,-1.6,11.4538829312969,0.767394718848653,573.0
81273,SAIX,81,Non défini,1872.55,1964.02,212,212,-11.63,11.71,9.25429686843491,0.745289224605727,94.0
81281,SEMALENS,81,Non défini,2128.68,1776.68,119,119,-11.17,2.98,10.1338647621896,0.697587739494271,76.0
81288,SOREZE,81,Non défini,2079.5,1928.81,163,163,7.68,-12.26,9.60807910484461,0.749686835515836,220.0
81289,SOUAL,81,Non défini,1639.86,1643.71,128,128,-16.33,-20.18,10.6682538985615,0.697587739494271,259.0
82002,ALBIAS,82,Non défini,1834.81,1779.07,151,151,-11.08,-14.28,10.7898974306295,0.714001297730314,209.0
82013,BEAUMONT DE LOMAGNE,82,Non défini,1996.52,1655.09,242,242,15.3,-2.92,8.28353052687585,0.773729823005942,422.0
82025,BRESSOLS,82,Non défini,2484.77,2377.05,216,216,-1.77,11.64,10.2969951305557,0.782463204297397,191.0
82033,CASTELSARRASIN,82,Non défini,2295.2,1687.5,744,744,0.01,-4.14,10.632680221696,0.763780569120542,1473.0
82037,CAUSSADE,82,Non défini,2462.81,1906.71,326,326,12.62,9.42,10.7153376103333,0.793850077495351,1469.0
82075,GRISOLLES,82,Non défini,2240.96,2182.74,160,160,1.52,3.32,10.9307098268159,0.770086508499863,500.0
82079,LABASTIDE-ST-PIERRE,82,Non défini,2166.8,2151.9,129,129,8.02,-1.54,11.7255050186761,0.833460321027104,143.0
82087,LAFRANCAISE,82,Non défini,1967.31,2024.39,237,237,-12.95,16.84,9.58686953439745,0.790576787066525,323.0
82096,LA VILLE DIEU DU TEMPLE,82,Non défini,1783.67,1874.81,199,199,-3.84,-2.91,10.7404833683738,0.809215552887013,101.0
82112,MOISSAC,82,Non défini,2070.22,1656.25,1033,1033,1.27,5.84,10.4042221069889,0.792723690052545,1106.0
82115,MONCLAR-DE-QUERCY,82,Non défini,1973.15,1731.68,107,107,12.56,-15.3,9.57057803577986,0.805505994129112,137.0
82121,MONTAUBAN,82,Non défini,2577.42,2216.39,2789,2789,0.03,-1.12,11.3029714556333,0.801506060891346,9528.0
82124,MONTBETON,82,Non défini,2139.32,2176.47,176,176,-0.93,5.54,10.0219505275831,0.782463204297397,195.0
82125,MONTECH,82,Non défini,3494.18,2165.41,232,232,5.07,-0.44,11.1100538921977,0.809215552887013,503.0
82134,NEGREPELISSE,82,Non défini,6968.02,2241.71,249,249,9.15,15.7,10.2247760947972,0.768351891627898,388.0
82161,ST-ETIENNE-DE-TULMONT,82,Non défini,2500.62,2359.55,147,147,-6.64,11.75,10.915522184561,0.801506060891346,122.0
82169,ST NICOLAS DE LA GRAVE,82,Non défini,1716.91,1500.0,141,141,18.0,-17.17,9.72406761069316,0.747474798389969,121.0
82179,SEPTFONDS,82,Non défini,1550.28,1634.62,133,133,-27.35,-12.38,9.67484491940825,0.764097503154864,225.0
82186,VALENCE,82,Non défini,1814.61,1507.04,274,274,2.46,-2.32,9.83677659771542,0.746084583900925,681.0
82190,VERDUN-SUR-GARONNE,82,Non défini,2217.8,1872.85,242,242,-15.68,-10.68,11.5127723964744,0.844735498767031,440.0
83001,LES ADRETS DE L ESTEREL,83,Non défini,5338.39,5413.13,163,163,0.8,18.43,17.3714603609748,0.860694307509463,54.0
83004,LES ARCS,83,Non défini,3579.15,3333.33,555,555,-8.49,-6.62,14.0659935442959,0.814398727019172,1142.0
83007,AUPS,83,Non défini,3195.46,2573.98,137,137,-1.84,-16.44,10.4529375959993,0.778159153341834,230.0
83008,BAGNOLS-EN-FORET,83,Non défini,3968.29,4054.33,259,259,-4.38,-7.2,12.5782381850286,0.794557230657967,209.0
83009,BANDOL,83,Non défini,7178.19,6819.81,941,941,-3.06,6.56,18.162692169085,0.774561756427841,1495.0
83012,BARJOLS,83,Non défini,2833.87,2360.0,299,299,-22.34,7.93,11.090573727541,0.778159153341834,640.0
83016,LE BEAUSSET,83,Non défini,4848.18,4363.95,491,491,-16.16,-8.8,15.0995138322895,0.762907263488432,1545.0
83017,BELGENTIER,83,Non défini,5374.54,4767.03,97,97,30.63,34.07,12.3852717332225,0.783204933122814,242.0
83018,BESSE-SUR-ISSOLE,83,Non défini,3969.78,2988.21,324,324,-23.38,-1.56,12.5598093652003,0.791850054151649,203.0
83019,BORMES-LES-MIMOSAS,83,Non défini,6660.83,5846.15,941,941,2.56,10.14,16.9996524395758,0.851969234891507,902.0
83021,BRAS,83,Non défini,2921.58,3000.0,202,202,-6.25,-6.58,12.5901362073898,0.777726872432462,192.0
83023,BRIGNOLES,83,Non défini,3081.08,2670.59,755,755,-13.39,-10.98,13.0709781744034,0.72756160028837,2799.0
83027,LA CADIERE D AZUR,83,Non défini,6758.3,6623.98,307,307,-8.52,18.13,15.120804009063,0.793177205262207,209.0
83028,CALLAS,83,Non défini,3518.0,3235.71,211,211,2.29,3.4,12.0006644889115,0.794180454360511,211.0
83029,CALLIAN,83,Non défini,4372.19,4315.44,240,240,-0.21,3.83,12.9367624727483,0.794557230657967,207.0
83031,LE CANNET DES MAURES,83,Non défini,3296.2,3208.96,291,291,-10.18,-5.77,14.2813047184554,0.754845678565301,296.0
83032,CARCES,83,Non défini,3679.59,3571.43,313,313,7.71,11.61,12.1789122772399,0.744605614988904,403.0
83033,CARNOULES,83,Non défini,3319.1,3176.3,180,180,-0.15,-6.38,12.755320751538,0.793279922447726,347.0
83034,CARQUEIRANNE,83,Non défini,6879.36,6225.95,599,599,21.1,12.2,17.95113926255,0.829012460351787,896.0
83035,LE CASTELLET,83,Non défini,4582.73,4655.83,200,200,-14.52,-7.68,15.7067132687265,0.793177205262207,344.0
83036,CAVALAIRE-SUR-MER,83,Non défini,6731.91,5975.61,1037,1037,-0.89,7.98,18.3719133713918,0.805934640284077,901.0
83042,COGOLIN,83,Non défini,6539.51,5040.52,626,626,5.11,17.96,17.1751708696994,0.75090984613077,1478.0
83046,COTIGNAC,83,Non défini,4118.66,3853.85,417,417,-4.84,-2.98,11.0827151437424,0.771048504445101,192.0
83047,LA CRAU,83,Non défini,4889.35,4431.74,568,568,-0.29,-1.78,15.877557125406,0.780038578104256,1289.0
83048,LA CROIX VALMER,83,Non défini,9236.95,8235.29,552,552,6.85,13.77,19.4439123738073,0.660650141867961,269.0
83049,CUERS,83,Non défini,5006.07,3766.76,547,547,-0.44,-0.92,13.8801711701334,0.722061884891779,1684.0
83050,DRAGUIGNAN,83,Non défini,3043.29,2740.74,1866,1866,-3.47,-0.48,13.3938387739361,0.805602654322845,8150.0
83053,EVENOS,83,Non défini,5152.33,4265.67,75,75,0.88,-14.65,15.1268898930551,0.762907263488432,144.0
83054,LA FARLEDE,83,Non défini,4142.69,3937.5,305,305,-7.65,-2.79,15.342682886613,0.780038578104256,992.0
83055,FAYENCE,83,Non défini,4632.38,4268.29,454,454,3.0,15.45,15.5291729784879,0.806474322493191,412.0
83056,FIGANIERES,83,Non défini,3570.66,3583.26,254,254,-2.5,2.87,11.7469300231197,0.794180454360511,76.0
83057,FLASSANS-SUR-ISSOLE,83,Non défini,4143.07,3268.98,266,266,9.59,10.11,12.449621056766,0.796598016444866,279.0
83058,FLAYOSC,83,Non défini,3786.47,3333.33,452,452,-9.04,-5.43,11.5301918861396,0.789445818680165,449.0
83059,FORCALQUEIRET,83,Non défini,3584.42,3628.57,149,149,-0.88,-3.58,13.2129593173308,0.791850054151649,171.0
83061,FREJUS,83,Non défini,4745.34,4422.81,4417,4417,-1.0,3.03,17.0211480440136,0.780813848337868,6923.0
83062,LA GARDE,83,Non défini,3945.59,3538.46,837,837,-6.66,-11.59,16.2080428187877,0.823951252931378,2602.0
83064,GAREOULT,83,Non défini,3932.79,3571.43,278,278,-3.44,-5.46,13.281632029686,0.722061884891779,289.0
83065,GASSIN,83,Non défini,10830.7,10638.3,257,257,16.17,9.42,22.5969135735722,0.660650141867961,73.0
83067,GONFARON,83,Non défini,2895.98,2500.0,217,217,-15.08,-13.38,12.0440381269597,0.75647728181398,538.0
83068,GRIMAUD,83,Non défini,8714.29,7857.14,723,723,0.53,9.95,18.2667672862956,0.770742217864883,361.0
83069,HYERES,83,Non défini,4874.09,4233.73,3523,3523,-5.18,-0.1,15.7281792285077,0.771550075611178,8003.0
83070,LE LAVANDOU,83,Non défini,7114.61,6486.96,920,920,1.18,12.98,16.5070917386012,0.798418180450359,1486.0
83071,LA LONDE LES MAURES,83,Non défini,5850.8,5713.14,744,744,-3.89,1.48,16.3504600049578,0.815690924418076,1005.0
83072,LORGUES,83,Non défini,4088.0,3561.9,912,912,-9.81,-6.27,13.218344652436,0.8003974655634,1278.0
83073,LE LUC,83,Non défini,3067.0,2829.41,462,462,-7.94,-7.43,12.925878538559,0.764585196914617,2119.0
83077,MEOUNES-LES-MONTRIEUX,83,Non défini,4176.82,3031.76,78,78,-23.38,-14.32,12.6930436584248,0.759231172050934,250.0
83081,MONTAUROUX,83,Non défini,4795.86,4492.37,519,519,0.73,12.24,13.5729103263626,0.794557230657967,298.0
83085,LA MOTTE,83,Non défini,4243.36,3955.22,254,254,-11.29,4.35,13.9663425648992,0.794180454360511,229.0
83086,LE MUY,83,Non défini,3914.14,3552.1,466,466,5.29,4.92,13.7117100649823,0.794402120704456,1187.0
83087,NANS-LES-PINS,83,Non défini,4195.27,4227.73,209,209,-1.88,10.11,14.1714086938541,0.774987403788188,368.0
83088,NEOULES,83,Non défini,3195.16,3250.0,132,132,-9.15,-3.37,13.5666197523602,0.812058229064075,184.0
83090,OLLIOULES,83,Non défini,5071.79,4519.0,445,445,-5.08,-8.41,14.6496645889121,0.820502694258419,1415.0
83091,PIERREFEU-DU-VAR,83,Non défini,3934.47,3907.62,433,433,8.49,5.99,13.2547160854336,0.785252560175525,502.0
83092,PIGNANS,83,Non défini,3456.69,3162.5,233,233,10.32,6.43,11.8032165664416,0.796598016444866,536.0
83093,PLAN-D AUPS SAINTE BAUME,83,Non défini,3752.59,3535.79,177,177,-13.05,-5.29,14.1311803799773,0.790284030820573,79.0
83094,LE PLAN-DE-LA-TOUR,83,Non défini,5281.0,4848.48,297,297,-22.49,-2.67,16.5324927904018,0.770742217864883,157.0
83097,POURRIERES,83,Non défini,3654.36,3883.94,284,284,-9.24,-8.66,14.4272771028722,0.787587370860757,319.0
83098,LE PRADET,83,Non défini,5688.37,5167.58,430,430,4.11,14.23,15.5507672034999,0.791187616715792,987.0
83099,PUGET-SUR-ARGENS,83,Non défini,4237.24,3983.76,442,442,1.98,6.23,16.1921027404183,0.773447424852082,1141.0
83100,PUGET-VILLE,83,Non défini,3525.75,3428.57,187,187,-9.68,-9.78,12.8982367689874,0.793279922447726,439.0
83102,REGUSSE,83,Non défini,3112.13,3181.82,247,247,-6.72,-2.73,11.1818442494632,0.783853928539791,48.0
83103,LE REVEST LES EAUX,83,Non défini,4301.64,3962.66,110,110,-20.83,-13.36,13.7195326579113,0.758548253885006,255.0
83104,RIANS,83,Non défini,3726.24,2755.0,218,218,-17.73,-8.0,11.5980616697171,0.749089374264647,489.0
83106,ROCBARON,83,Non défini,3397.99,3263.96,279,279,-7.86,-13.94,13.9161822686797,0.722061884891779,99.0
83107,ROQUEBRUNE-SUR-ARGENS,83,Non défini,5774.47,5312.5,1175,1175,-4.75,7.71,15.4706061729786,0.721177267712586,1792.0
83108,ROQUEBRUSSANNE LA,83,Non défini,3554.2,3503.34,161,161,5.76,4.51,13.0904496510154,0.812058229064075,290.0
83111,STE ANASTASIE SUR ISSOLE,83,Non défini,3123.95,2950.5,105,105,-14.13,-19.49,12.5897031841323,0.791850054151649,89.0
83112,SAINT-CYR-SUR-MER,83,Non défini,6737.93,6217.86,917,917,-1.96,4.84,17.8964290870555,0.787019999438796,1152.0
83113,SAINT-JULIEN,83,Non défini,3270.06,3175.7,292,292,7.69,20.14,11.7661991038293,0.715798686060496,46.0
83115,SAINTE MAXIME,83,Non défini,7093.43,6220.92,1642,1642,-0.84,1.37,18.4533592727368,0.807648976187474,2007.0
83116,ST MAXIMIN LA STE BAUME,83,Non défini,4174.99,3917.51,648,648,-5.6,-5.01,13.8165171818011,0.762297949979574,1716.0
83118,SAINT RAPHAEL,83,Non défini,5687.97,5278.15,3489,3489,1.16,8.18,17.8433443425064,0.800193792955355,4478.0
83119,SAINT TROPEZ,83,Non défini,11451.5,11225.0,823,823,8.52,12.34,26.4506565262285,0.660650141867961,192.0
83120,SAINT-ZACHARIE,83,Non défini,4878.12,4333.33,215,215,-0.8,0.05,14.657822949826,0.774987403788188,554.0
83121,SALERNES,83,Non défini,3404.29,3107.77,301,301,-11.59,-5.97,11.9456301446552,0.764896163591394,666.0
83123,SANARY SUR MER,83,Non défini,6763.19,6554.13,1257,1257,0.51,6.7,17.7834539560825,0.827813328277238,2116.0
83124,SEILLANS,83,Non défini,4960.64,4262.09,284,284,18.65,0.03,13.2818168119901,0.835101090945071,195.0
83125,SEILLONS-SOURCE-D ARGENS,83,Non défini,3546.11,3382.72,243,243,-12.54,-6.99,13.4704755638265,0.797702987613237,189.0
83126,LA SEYNE SUR MER,83,Non défini,4167.86,3558.82,2648,2648,-3.0,1.97,14.8142504455349,0.746810956410849,8340.0
83127,SIGNES,83,Non défini,3729.31,3476.19,179,179,-6.96,-11.12,12.8067282599018,0.759231172050934,424.0
83129,SIX-FOURS-LES-PLAGES,83,Non défini,5701.63,5318.84,1997,1997,-1.72,4.67,16.5841065591604,0.820502694258419,3751.0
83130,SOLLIES-PONT,83,Non défini,4292.4,3877.78,358,358,-4.38,4.73,13.8134749970125,0.790775699726932,1353.0
83131,SOLLIES-TOUCAS,83,Non défini,4041.56,3905.66,182,182,-17.54,-3.63,13.1243993415726,0.783204933122814,411.0
83132,SOLLIES-VILLE,83,Non défini,4297.31,4046.84,68,68,-6.97,-5.6,13.165891938813,0.758548253885006,228.0
83136,LE THORONET,83,Non défini,3787.19,3067.01,165,165,-19.68,-12.8,14.3795453410001,0.8003974655634,54.0
83137,TOULON,83,Non défini,3839.87,3025.0,8169,8169,-0.03,3.36,14.4348759248351,0.771002283211711,32136.0
83138,TOURRETTES,83,Non défini,5170.57,4416.67,216,216,3.22,0.54,15.0473981408459,0.806474322493191,94.0
83140,TOURVES,83,Non défini,3439.75,3412.11,258,258,-0.4,-7.07,11.9642336302858,0.777629975863115,518.0
83141,TRANS-EN-PROVENCE,83,Non défini,3145.08,3062.94,253,253,-14.24,-14.62,12.0269272541906,0.819416540689589,712.0
83143,LE VAL,83,Non défini,3226.16,2880.59,242,242,-13.58,-4.85,11.3332806103808,0.771048504445101,416.0
83144,LA VALETTE DU VAR,83,Non défini,4190.48,3402.78,1185,1185,-4.04,0.07,15.4961984950704,0.796584943354313,3099.0
83148,VIDAUBAN,83,Non défini,4163.85,3486.46,824,824,-3.28,-1.47,12.8179020165428,0.730056635516722,1289.0
83150,VINON-SUR-VERDON,83,Non défini,2920.46,3058.82,131,131,-2.92,-10.16,12.3483023938867,0.715798686060496,401.0
83153,SAINT-MANDRIER-SUR-MER,83,Non défini,5054.54,4678.36,408,408,-3.12,-0.56,15.9227691494709,0.853083751273011,773.0
84001,ALTHEN DES PALUDS,84,Non défini,3211.98,2853.1,85,85,-19.73,0.61,13.678396112593,0.765574570644625,380.0
84003,APT,84,Non défini,3040.59,2205.88,427,427,-25.0,-13.83,11.6914689832244,0.795470683909166,1676.0
84004,AUBIGNAN,84,Non défini,3438.35,2933.33,218,218,0.55,9.97,10.4707596491161,0.699057316075353,334.0
84007,AVIGNON,84,Non défini,3043.06,2444.44,3901,3901,-7.44,-7.23,12.270977662768,0.746429749629115,18575.0
84012,BEAUMES-DE-VENISE,84,Non défini,4298.1,3617.89,127,127,0.3,23.81,10.576753437197,0.699057316075353,233.0
84016,BEDARRIDES,84,Non défini,2609.36,2589.93,169,169,-15.49,-3.53,11.8262874946712,0.76891552983036,425.0
84017,BEDOIN,84,Non défini,4352.3,4080.71,246,246,5.71,14.22,11.8204685762389,0.679802426330397,161.0
84019,BOLLENE,84,Non défini,2766.79,2289.77,664,664,10.13,1.09,10.4528019729405,0.620020513832807,1568.0
84026,CADENET,84,Non défini,3858.34,3729.8,226,226,-0.07,-2.34,13.1939947941981,0.71469033124427,533.0
84027,CADEROUSSE,84,Non défini,2632.0,2183.64,83,83,-27.34,-31.37,10.8374752854192,0.753922396719335,223.0
84029,CAMARET-SUR-AIGUES,84,Non défini,3254.98,2861.11,238,238,4.76,5.18,11.4045551683796,0.710005898142367,222.0
84030,CAROMB,84,Non défini,3502.85,2908.16,245,245,-1.83,-6.38,10.4365853404877,0.704809409870744,262.0
84031,CARPENTRAS,84,Non défini,3004.78,2430.16,1026,1026,-7.89,-3.79,10.5396933454807,0.704809409870744,5069.0
84034,CAUMONT-SUR-DURANCE,84,Non défini,3143.25,3028.99,149,149,-1.77,0.48,12.8899185288037,0.743090393718318,370.0
84035,CAVAILLON,84,Non défini,3110.52,2539.33,941,941,-3.68,-7.66,11.9889024492774,0.783254189693534,3730.0
84036,CHATEAUNEUF-DE-GADAGNE,84,Non défini,3330.19,3048.96,233,233,14.16,-7.51,12.4389758513711,0.825725827965572,220.0
84037,CHATEAUNEUF-DU-PAPE,84,Non défini,4409.8,3681.18,124,124,40.59,12.48,12.2232785753332,0.76891552983036,219.0
84038,CHEVAL-BLANC,84,Non défini,3624.17,3472.57,189,189,-7.16,-10.12,12.657167287005,0.709208268728827,153.0
84039,COURTHEZON,84,Non défini,2928.2,2717.78,204,204,-3.17,9.17,11.201268139936,0.763043913797733,590.0
84043,ENTRAIGUES-SUR-LA-SORGUE,84,Non défini,3203.73,2787.24,363,363,0.61,0.34,12.6154710241087,0.76891552983036,624.0
84047,GARGAS,84,Non défini,3267.76,2803.32,87,87,-18.28,-26.14,14.8359481943785,0.752706308130377,44.0
84054,L ISLE SUR LA SORGUE,84,Non défini,4516.38,3887.97,1122,1122,-1.4,8.27,13.7637979484431,0.736788320984874,1785.0
84056,JONQUIERES,84,Non défini,2976.99,2673.27,258,258,-7.46,-2.79,11.275933549467,0.832336487119671,363.0
84064,LAPALUD,84,Non défini,1754.26,1666.67,149,149,-27.47,-36.03,10.4641353921468,0.618536592859922,369.0
84065,LAURIS,84,Non défini,4024.17,3857.14,198,198,-9.36,0.34,15.6180211040096,0.752706308130377,260.0
84067,LORIOL-DU-COMTAT,84,Non défini,2998.45,2875.0,143,143,-21.82,-15.14,13.3830856577984,0.765574570644625,75.0
84069,MALAUCENE,84,Non défini,3371.67,2375.0,186,186,-53.35,-9.32,10.6738086560362,0.639013696314715,251.0
84072,MAZAN,84,Non défini,3113.66,2979.09,396,396,-4.67,-17.82,10.7015362930817,0.724640485239257,455.0
84074,MERINDOL,84,Non défini,3774.13,3440.91,142,142,-15.28,-7.25,12.8978821810857,0.727734869610178,102.0
84078,MONDRAGON,84,Non défini,2441.59,2213.84,200,200,-2.25,-3.43,10.7219796059783,0.646008494306582,310.0
84080,MONTEUX,84,Non défini,3788.33,2792.19,433,433,-8.51,3.56,12.9849171200264,0.765574570644625,2154.0
84081,MORIERES LES AVIGNON,84,Non défini,3010.96,2871.27,253,253,3.05,3.56,13.0810863642218,0.825725827965572,686.0
84083,MORNAS,84,Non défini,2754.91,2252.38,137,137,-18.03,-12.5,10.0223766958516,0.753922396719335,189.0
84087,ORANGE,84,Non défini,2934.21,2420.42,1114,1114,-5.56,-0.6,11.2079969614297,0.738650353870948,4443.0
84088,PERNES LES FONTAINES,84,Non défini,5026.63,3719.29,609,609,-3.82,0.34,12.7688372560147,0.778193863377625,731.0
84089,PERTUIS,84,Non défini,3968.94,3500.0,927,927,0.17,1.9,14.155642593523,0.753296127265142,2842.0
84091,PIOLENC,84,Non défini,2904.44,2743.12,233,233,8.38,3.25,10.7935294143372,0.753922396719335,509.0
84092,LE PONTET,84,Non défini,2045.56,2026.99,480,480,-9.77,-12.81,12.2209628419014,0.746429749629115,1700.0
84099,ROBION,84,Non défini,4411.06,3826.87,227,227,-3.26,-3.88,13.8059238840263,0.736788320984874,287.0
84106,SAINTE-CECILE-LES-VIGNES,84,Non défini,2786.57,2438.1,140,140,-12.79,7.71,11.0258415257784,0.710005898142367,344.0
84108,SAINT-DIDIER,84,Non défini,4565.16,3685.87,142,142,12.46,2.18,11.862999167483,0.778193863377625,152.0
84118,SAINT-SATURNIN LES APT,84,Non défini,4393.21,4275.88,219,219,10.58,0.65,10.7923703527705,0.679802426330397,71.0
84119,SAINT-SATURNIN-LES-AVIGNON,84,Non défini,3149.63,2698.19,131,131,-17.49,-9.36,13.1999857196706,0.833199231261399,384.0
84122,SARRIANS,84,Non défini,3898.58,2819.28,268,268,-6.06,-4.31,10.8647221745703,0.763043913797733,365.0
84127,SERIGNAN-DU-COMTAT,84,Non défini,2805.92,2823.26,145,145,4.57,-7.82,11.2631962494221,0.710005898142367,107.0
84129,SORGUES,84,Non défini,2393.94,2223.53,592,592,-9.24,-17.86,11.7991630095068,0.714708097003012,1874.0
84132,LE THOR,84,Non défini,3960.67,3198.54,419,419,-2.6,2.58,12.9683641913704,0.743090393718318,695.0
84133,LA TOUR D AIGUES,84,Non défini,3261.95,3064.29,185,185,-11.03,-11.14,13.130874539743,0.789538831656711,336.0
84137,VAISON-LA-ROMAINE,84,Non défini,4312.8,3614.29,381,381,11.92,16.32,11.0721827146013,0.763677689599767,794.0
84138,VALREAS,84,Non défini,2240.15,1922.84,347,347,-17.76,-6.7,9.34602612210859,0.731787960800651,1408.0
84141,VEDENE,84,Non défini,2997.05,2764.05,309,309,-5.56,-6.99,13.6770074211702,0.833199231261399,767.0
84142,VELLERON,84,Non défini,3384.83,3320.0,200,200,-9.02,-2.98,13.1755716830162,0.743090393718318,179.0
84147,VILLELAURE,84,Non défini,3321.04,3338.01,159,159,-16.37,-13.39,13.6243210337805,0.753296127265142,236.0
85001,AIGUILLON-LA-PRESQU'ILE (L'),85,Non défini,3293.07,3017.09,280,280,-2.24,10.12,13.9522306664594,0.767840189943932,26.0
85002,AIGUILLON-SUR- VIE (L'),85,Non défini,2714.71,2784.81,172,172,-0.21,1.9,12.6983892945729,0.804443555659525,17.0
85003,AIZENAY,85,Non défini,2463.56,2437.33,421,421,-2.51,-6.9,11.1852469389503,0.700282563641273,272.0
85004,ANGLES,85,Non défini,2873.3,2942.42,178,178,-0.11,4.53,13.9522306664594,0.767840189943932,14.0
85008,AUBIGNY-LES CLOUZEAUX,85,Non défini,2394.72,2264.0,181,181,-11.96,-8.46,10.2554843906601,0.822321154895052,50.0
85012,BARRE-DE-MONTS (LA),85,Non défini,2909.13,2800.0,226,226,-21.5,-6.67,14.120495475476,0.785059569064288,94.0
85016,BEAULIEU-SOUS-LA-ROCHE,85,Non défini,1873.3,1986.01,138,138,-20.56,-20.25,10.4806282381555,0.700282563641273,15.0
85017,BEAUREPAIRE,85,Non défini,4785.49,1865.14,92,92,-15.08,-5.32,10.3042040910876,0.788774032141449,16.0
85018,BEAUVOIR-SUR-MER,85,Non défini,2920.26,2462.69,288,288,-7.76,0.57,14.120495475476,0.785059569064288,64.0
85019,BELLEVIGNY,85,Non défini,2046.62,2147.73,240,240,-10.02,-9.8,10.4291961814501,0.762450595420417,84.0
85020,BENET,85,Non défini,1735.21,1700.93,279,279,2.06,2.06,10.8406921587163,0.77433950441429,104.0
85024,BOIS-DE-CENE,85,Non défini,1799.0,1982.97,210,210,-18.6,-14.93,14.120495475476,0.785059569064288,31.0
85025,BOISSIERE DE MONTAIGU (LA),85,Non défini,1700.23,1766.67,107,107,-0.84,-12.64,10.0195799497769,0.720198242278074,35.0
85029,BOUIN,85,Non défini,2395.14,2152.49,382,382,-2.56,-11.73,14.120495475476,0.785059569064288,12.0
85031,BOUPERE (LE),85,Non défini,2264.38,2006.76,311,311,24.28,19.93,10.175396014173,0.590713457552629,34.0
85034,BOURNEZEAU,85,Non défini,2065.67,1761.12,168,168,-0.46,-14.05,9.61869869122014,0.694386725448761,90.0
85035,BRETIGNOLLES-SUR-MER,85,Non défini,4202.04,3904.76,469,469,-5.55,-8.89,12.6983892945729,0.804443555659525,61.0
85038,BROUZILS (LES),85,Non défini,1928.9,1851.89,254,254,8.44,-17.84,11.0492981348675,0.744727338553001,31.0
85039,BRUFFIERE (LA),85,Non défini,1995.45,1861.9,195,195,-17.17,-16.66,12.0863081193873,0.792335367132167,45.0
85046,CHAIZE LE VICOMTE (LA),85,Non défini,2098.68,2229.11,178,178,1.71,14.36,10.3127328690524,0.762450595420417,115.0
85047,CHALLANS,85,Non défini,2816.66,2651.52,947,947,-4.85,-7.69,13.0224145363394,0.812725467900081,1351.0
85051,CHANTONNAY,85,Non défini,1838.35,1707.88,608,608,-13.97,-0.48,10.4045211600213,0.8000582468486,369.0
85059,CHATAIGNERAIE (LA),85,Non défini,1774.53,1208.33,138,138,-7.36,-19.17,8.53925615928027,0.76853078272333,222.0
85064,CHAUCHE,85,Non défini,1618.31,1804.12,99,99,-7.81,-7.11,10.0195799497769,0.720198242278074,26.0
85065,CHAVAGNES-EN-PAILLERS,85,Non défini,1651.33,1774.48,224,224,-19.41,-12.43,10.0470658541864,0.720198242278074,125.0
85070,COEX,85,Non défini,2224.99,2202.02,162,162,-8.88,-9.33,12.6983892945729,0.804443555659525,60.0
85071,COMMEQUIERS,85,Non défini,2899.57,2648.85,355,355,-9.35,-0.21,10.4581613977581,0.781273609259118,15.0
85076,CUGAND,85,Non défini,2889.56,2527.78,179,179,-8.41,-6.44,11.0419858023809,0.840801296263869,59.0
85081,DOMPIERRE-SUR-YON,85,Non défini,2266.07,2410.18,239,239,3.42,3.74,10.4291961814501,0.762450595420417,66.0
85082,EPESSES (LES),85,Non défini,2393.3,2082.91,147,147,2.55,8.83,10.3042040910876,0.788774032141449,42.0
85084,ESSARTS EN BOCAGE,85,Non défini,2118.62,2018.07,343,343,-2.88,-6.27,10.3039231793123,0.720198242278074,286.0
85088,FENOUILLER (LE),85,Non défini,3406.69,3309.86,222,222,-5.09,-0.12,12.6983892945729,0.804443555659525,67.0
85089,FERRIERE (LA),85,Non défini,2353.57,2163.12,222,222,-6.32,-6.44,10.5042339798046,0.762450595420417,112.0
85090,SEVREMONT,85,Non défini,2174.36,1744.19,504,504,-5.97,3.91,10.407203361675,0.590713457552629,123.0
85092,FONTENAY-LE-COMTE,85,Non défini,2312.57,1709.11,737,737,8.24,-1.59,10.9942092855291,0.75569979443427,1643.0
85095,FROIDFOND,85,Non défini,2120.17,2204.65,110,110,-8.59,-5.86,11.5418795263029,0.812725467900081,27.0
85096,GARNACHE (LA),85,Non défini,2348.16,2475.18,304,304,-4.54,2.17,11.5418795263029,0.812725467900081,48.0
85097,GAUBRETIERE (LA),85,Non défini,2905.13,2382.81,141,141,10.42,25.77,12.0863081193873,0.792335367132167,37.0
85100,GIVRAND,85,Non défini,3552.6,3400.12,65,65,2.46,19.09,12.6983892945729,0.804443555659525,23.0
85103,GROSBREUIL,85,Non défini,2060.87,2124.45,135,135,-19.1,-18.72,13.9522306664594,0.767840189943932,22.0
85108,HERBERGEMENT (L'),85,Non défini,2411.75,2347.6,169,169,5.4,7.97,11.0492981348675,0.744727338553001,61.0
85109,HERBIERS (LES),85,Non défini,3222.21,2401.72,1037,1037,-3.93,-1.11,11.5984791883192,0.788774032141449,1143.0
85112,ILE-D'OLONNE (L'),85,Non défini,3462.38,3226.5,167,167,-3.73,-5.36,12.9294351715723,0.804443555659525,156.0
85113,ILE-D'YEU (L'),85,Non défini,7726.22,7022.73,378,378,0.65,12.96,14.120495475476,0.785059569064288,10.0
85114,JARD-SUR-MER,85,Non défini,4261.49,3707.87,378,378,-1.7,-2.33,13.9522306664594,0.767840189943932,48.0
85118,LANDERONDE,85,Non défini,2868.87,2366.15,126,126,-1.41,-7.38,10.4806282381555,0.700282563641273,8.0
85119,LANDES GENUSSON (LES),85,Non défini,1957.81,1974.51,122,122,-16.61,-1.19,12.0863081193873,0.792335367132167,56.0
85127,LONGEVILLE-SUR-MER,85,Non défini,3442.21,3191.49,301,301,0.66,4.84,13.9522306664594,0.767840189943932,16.0
85128,LUCON,85,Non défini,2846.17,2139.33,454,454,2.69,2.32,9.51696519962162,0.753178150215612,982.0
85129,LUCS SUR BOULOGNE (LES),85,Non défini,1942.08,1944.83,191,191,-9.24,-9.85,11.0492981348675,0.744727338553001,56.0
85135,MAREUIL-SUR-LAY-DISSAIS,85,Non défini,2059.88,1672.15,222,222,-20.81,-18.23,10.2554843906601,0.822321154895052,85.0
85146,MONTAIGU-VENDEE,85,Non défini,2873.45,2410.53,973,973,-7.6,-5.0,13.4503990523286,0.792335367132167,1145.0
85151,MORTAGNE-SUR-SEVRE,85,Non défini,2295.16,2260.27,154,154,0.04,7.44,10.2046003248212,0.743985483590822,172.0
85152,LES ACHARDS,85,Non défini,2403.77,2461.54,222,222,-9.7,-5.49,12.6983892945729,0.804443555659525,69.0
85153,MOUCHAMPS,85,Non défini,1946.06,1968.76,220,220,4.06,-2.67,10.175396014173,0.590713457552629,49.0
85155,MOUILLERON-LE-CAPTIF,85,Non défini,2498.29,2503.57,157,157,-12.37,-0.56,10.4291961814501,0.762450595420417,41.0
85156,MOUTIERS-LES-MAUXFAITS,85,Non défini,2554.43,2414.7,112,112,-2.12,-4.85,10.2554843906601,0.822321154895052,39.0
85159,NALLIERS,85,Non défini,1730.98,1813.45,174,174,14.32,9.28,9.61869869122014,0.694386725448761,23.0
85160,NESMY,85,Non défini,2228.23,2206.9,177,177,-11.05,1.57,10.2554843906601,0.822321154895052,13.0
85161,NIEUL-LE-DOLENT,85,Non défini,3015.6,2378.7,150,150,-8.06,22.9,13.9522306664594,0.767840189943932,15.0
85162,RIVES-D'AUTISE,85,Non défini,1335.12,1382.11,117,117,-12.51,-12.89,8.0921959706776,0.723296258749359,4.0
85163,NOIRMOUTIER-EN-L'ILE,85,Non défini,5909.18,5385.75,368,368,-11.37,-7.11,15.052058249142,0.785059569064288,187.0
85164,NOTRE-DAME-DE-MONTS,85,Non défini,3530.86,3529.41,223,223,-6.41,0.57,14.120495475476,0.785059569064288,85.0
85172,PERRIER (LE),85,Non défini,2424.54,2034.48,193,193,-14.42,-29.58,14.120495475476,0.785059569064288,20.0
85178,POIRE SUR VIE (LE),85,Non défini,2241.59,2202.33,372,372,-6.0,-10.7,11.4486180984354,0.700282563641273,192.0
85182,POUZAUGES,85,Non défini,1899.68,1607.14,437,437,-3.57,0.94,10.1714465528627,0.590713457552629,442.0
85189,NOTRE-DAME-DE-RIEZ,85,Non défini,2711.6,2594.34,120,120,-12.59,-8.36,12.446193444272,0.810361925959308,12.0
85190,ROCHESERVIERE,85,Non défini,2486.11,2423.13,130,130,6.13,14.32,10.8454122135102,0.781273609259118,145.0
85191,ROCHE SUR YON (LA),85,Non défini,2924.89,2443.15,1977,1977,-5.01,-4.02,11.8100476863281,0.822321154895052,7341.0
85194,SABLES-D'OLONNE (LES),85,Non défini,4785.01,4245.45,2954,2954,-5.48,-4.75,13.7135115630727,0.775528042143521,2859.0
85197,MONTREVERD,85,Non défini,1858.77,1813.61,195,195,-5.14,-4.68,11.0492981348675,0.744727338553001,13.0
85204,SAINT-CHRISTOPHE-DU-LIGNERON,85,Non défini,2547.51,2260.4,160,160,1.1,-5.06,10.4581613977581,0.781273609259118,11.0
85208,SAINT-DENIS-LA-CHEVASSE,85,Non défini,1936.63,1935.61,194,194,8.2,-7.25,10.4291961814501,0.762450595420417,34.0
85210,SAINT-ETIENNE-DU-BOIS,85,Non défini,1900.86,1993.65,108,108,3.82,-11.91,10.4581613977581,0.781273609259118,19.0
85211,SAINTE-FLAIVE-DES-LOUPS,85,Non défini,2424.29,2568.18,152,152,0.59,7.24,10.2554843906601,0.822321154895052,30.0
85213,RIVES DE L'YON,85,Non défini,2063.61,1903.43,448,448,-10.04,-11.81,10.2554843906601,0.822321154895052,53.0
85214,SAINTE-FOY,85,Non défini,3190.91,3091.3,95,95,2.61,-4.25,12.6983892945729,0.804443555659525,0.0
85215,SAINT-FULGENT,85,Non défini,2176.63,2151.16,228,228,17.68,20.89,10.7095848785714,0.788774032141449,138.0
85216,SAINTE-GEMME-LA-PLAINE,85,Non défini,1891.0,1500.0,106,106,-15.0,-25.84,9.61869869122014,0.694386725448761,10.0
85221,SAINT-GERVAIS,85,Non défini,2590.25,2307.69,238,238,-12.53,-17.07,11.5418795263029,0.812725467900081,17.0
85222,SAINT-GILLES-CROIX-DE-VIE,85,Non défini,5234.9,4525.93,792,792,-3.45,-2.45,13.2576661105811,0.810361925959308,909.0
85223,SAINTE-HERMINE,85,Non défini,1643.32,1515.15,259,259,-6.31,-20.45,8.95145908042598,0.694386725448761,139.0
85226,SAINT-HILAIRE-DE-RIEZ,85,Non défini,3779.68,3492.12,1429,1429,-3.34,0.11,13.0990828060465,0.810361925959308,391.0
85234,SAINT-JEAN-DE-MONTS,85,Non défini,3493.98,3317.99,1429,1429,-4.07,-2.21,14.8603042691129,0.785059569064288,637.0
85238,SAINT-LAURENT-SUR-SEVRE,85,Non défini,1846.53,1888.67,172,172,-18.1,-10.06,10.1632507836357,0.743985483590822,165.0
85243,BREM-SUR-MER,85,Non défini,3522.66,3333.33,176,176,4.16,-4.26,12.6983892945729,0.804443555659525,21.0
85246,SAINT-MARTIN-DES-NOYERS,85,Non défini,1803.65,1832.0,135,135,-3.42,-10.77,9.61869869122014,0.694386725448761,56.0
85250,SAINT-MATHURIN,85,Non défini,3229.3,3051.09,93,93,30.1,0.09,11.8069992211881,0.775528042143521,3.0
85255,SAINT-MICHEL-EN-L HERM,85,Non défini,2903.45,2407.48,183,183,20.65,22.49,9.40706573098011,0.753178150215612,21.0
85262,SAINT-PHILBERT-DE-BOUAINE,85,Non défini,2232.44,2293.48,202,202,-7.84,-2.06,11.0492981348675,0.744727338553001,92.0
85280,SALLERTAINE,85,Non défini,2446.73,2497.95,384,384,-11.17,-6.93,11.5418795263029,0.812725467900081,27.0
85284,SOULLANS,85,Non défini,2283.27,2554.46,345,345,-12.04,-7.09,12.446193444272,0.810361925959308,75.0
85288,TALMONT-SAINT-HILAIRE,85,Non défini,3638.7,3538.46,764,764,-3.54,-1.12,13.2080293284295,0.767840189943932,192.0
85289,TERVAL,85,Non défini,1472.55,1373.63,213,213,-20.04,16.49,8.67135868837097,0.76853078272333,29.0
85294,TRANCHE-SUR-MER (LA),85,Non défini,4171.75,4154.93,390,390,-4.59,9.69,13.9522306664594,0.767840189943932,60.0
85295,TREIZE-SEPTIERS,85,Non défini,1918.61,2083.33,210,210,-4.26,-2.34,12.0863081193873,0.792335367132167,13.0
85300,VENANSAULT,85,Non défini,2214.92,2108.06,165,165,-16.2,-14.51,10.4806282381555,0.700282563641273,21.0
85302,CHANVERRIE,85,Non défini,2401.46,2171.72,451,451,11.96,10.11,10.0290290249273,0.743985483590822,158.0
86016,AVANTON,86,Non défini,2024.91,2000.0,66,66,-1.11,4.65,11.0451688893942,0.806820529199495,27.0
86019,BEAUMONT SAINT CYR,86,Non défini,2135.07,1682.35,338,338,-0.66,-4.66,8.55628733432811,0.77651737573488,51.0
86032,BONNEUIL-MATOURS,86,Non défini,1536.78,1492.96,144,144,-26.15,-10.47,11.1041245473888,0.854195155321999,28.0
86041,BUXEROLLES,86,Non défini,2173.0,2055.56,336,336,-0.96,-3.26,11.6100596283967,0.861820149243033,1638.0
86062,CHASSENEUIL-DU-POITOU,86,Non défini,2983.18,2357.65,204,204,14.23,-7.38,11.6926527304985,0.87230211227084,962.0
86066,CHATELLERAULT,86,Non défini,1980.2,1407.93,1310,1310,-11.51,-9.65,9.73695102119953,0.712231117135937,5690.0
86070,CHAUVIGNY,86,Non défini,1959.84,1512.2,819,819,-13.5,-13.72,9.69156069020526,0.707248102179523,802.0
86076,CISSE,86,Non défini,2014.6,2130.18,150,150,0.29,5.09,11.0451688893942,0.806820529199495,21.0
86078,CIVRAY,86,Non défini,1596.05,1276.92,230,230,11.19,18.79,8.14234446570602,0.725482036043889,268.0
86082,VALENCE EN POITOU,86,Non défini,1425.13,1131.58,391,391,-13.25,1.89,8.74754669860147,0.691788946858207,238.0
86092,DANGE-SAINT-ROMAIN,86,Non défini,1351.46,1254.03,119,119,3.74,-9.08,8.8490939194171,0.712231117135937,122.0
86095,DISSAY,86,Non défini,3018.48,1839.51,170,170,-25.08,9.22,9.39842762711071,0.77651737573488,108.0
86100,FONTAINE-LE-COMTE,86,Non défini,2208.23,2204.54,113,113,0.21,5.17,10.479920432992,0.791432724933887,42.0
86113,ITEUIL,86,Non défini,2038.94,2052.94,112,112,27.09,10.16,10.479920432992,0.791432724933887,72.0
86115,JAUNAY-MARIGNY,86,Non défini,2832.31,1969.77,463,463,6.44,5.38,11.4260514094302,0.854195155321999,771.0
86123,BOIVRE-LA-VALLEE,86,Non défini,1504.55,1358.78,234,234,5.57,-6.58,10.479920432992,0.791432724933887,21.0
86128,LENCLOITRE,86,Non défini,1291.27,1333.33,149,149,8.0,-1.96,8.67988958165456,0.76979939218035,223.0
86133,LIGUGE,86,Non défini,2061.88,2080.95,186,186,-1.28,-2.74,11.0861174995299,0.886617667939107,123.0
86137,LOUDUN,86,Non défini,2184.33,1333.33,386,386,13.17,11.25,8.48488979661957,0.785030438005043,898.0
86139,LUSIGNAN,86,Non défini,2692.46,1713.59,113,113,6.19,22.81,9.24941719912029,0.691788946858207,289.0
86140,LUSSAC-LES-CHATEAUX,86,Non défini,1315.52,1244.4,190,190,-3.2,9.42,8.53615235789674,0.645568181438102,94.0
86157,MIGNALOUX-BEAUVOIR,86,Non défini,3145.06,2315.74,201,201,-11.33,6.26,11.8539132519392,0.829021469590859,370.0
86158,MIGNE-AUXANCES,86,Non défini,2028.81,2035.93,228,228,0.44,-3.92,10.8054025572605,0.806820529199495,240.0
86160,MIREBEAU,86,Non défini,2796.16,1587.5,96,96,38.9,41.07,8.06718637010135,0.76979939218035,267.0
86163,MONTAMISE,86,Non défini,2264.83,2167.78,178,178,-5.11,-6.57,10.3334252145051,0.87230211227084,60.0
86165,MONTMORILLON,86,Non défini,1656.73,1233.08,392,392,-7.29,-5.41,8.62490293314334,0.736042895063081,495.0
86174,NAINTRE,86,Non défini,1674.96,1549.3,226,226,-1.2,-2.96,9.31039902616881,0.77651737573488,145.0
86177,NEUVILLE-DE-POITOU,86,Non défini,2048.98,1817.05,239,239,-1.52,0.95,10.4758645950683,0.708720965579487,513.0
86178,NIEUIL-L'ESPOIR,86,Non défini,2698.66,2032.52,120,120,7.72,12.03,8.53615235789674,0.645568181438102,55.0
86180,NOUAILLE-MAUPERTUIS,86,Non défini,2503.68,2248.06,96,96,0.64,9.19,8.53615235789674,0.645568181438102,33.0
86194,POITIERS,86,Non défini,3523.22,2323.53,4084,4084,-1.44,-1.93,12.1765273848772,0.861820149243033,29862.0
86204,QUINCAY,86,Non défini,2217.34,2105.26,129,129,6.8,20.53,11.0451688893942,0.806820529199495,3.0
86209,ROCHES-PREMARIE-ANDILLE,86,Non défini,2002.85,2039.47,81,81,16.69,2.21,8.53615235789674,0.645568181438102,22.0
86213,ROUILLE,86,Non défini,1411.3,1330.75,105,105,9.28,10.9,8.97284505819234,0.691788946858207,218.0
86214,SAINT-BENOIT,86,Non défini,2478.72,2196.97,319,319,-5.69,-3.05,11.7222746120114,0.886617667939107,942.0
86222,SAINT-GEORGES-LES-BAILLARGEAUX,86,Non défini,1955.66,1918.32,157,157,-17.66,-9.58,11.3745786962337,0.854195155321999,149.0
86226,SAINT-JULIEN-L'ARS,86,Non défini,1881.33,1859.46,96,96,-7.04,-5.6,10.5231201676635,0.829021469590859,136.0
86233,VALDIVIENNE,86,Non défini,1299.3,1235.47,390,390,-21.76,-7.19,8.53615235789674,0.645568181438102,17.0
86258,SCORBE-CLAIRVAUX,86,Non défini,1521.45,1469.58,164,164,2.4,2.03,8.29806087478272,0.77651737573488,103.0
86261,SEVRES ANXAUMONT,86,Non défini,1774.33,1731.22,56,56,-17.77,-21.23,10.2191107915647,0.829021469590859,60.0
86263,SMARVES,86,Non défini,1747.63,1825.03,75,75,-7.73,-21.53,8.53615235789674,0.645568181438102,58.0
86272,THURE,86,Non défini,1480.95,1484.67,142,142,0.22,5.16,8.55628733432811,0.77651737573488,13.0
86281,SAINT-MARTIN-LA-PALLU,86,Non défini,1941.2,1755.68,408,408,5.25,0.24,9.33154337649914,0.784175246470781,160.0
86293,VIVONNE,86,Non défini,1779.23,1681.55,219,219,-6.58,-5.48,9.94433963961478,0.832954039893541,400.0
86294,VOUILLE,86,Non défini,1700.59,1832.62,160,160,5.44,11.31,10.8339301839052,0.791432724933887,151.0
86297,VOUNEUIL SOUS BIARD,86,Non défini,2270.18,2115.38,260,260,-6.62,-3.29,11.4824122596851,0.806820529199495,133.0
86298,VOUNEUIL-SUR-VIENNE,86,Non défini,1313.57,1176.92,168,168,-11.57,-24.13,11.1041245473888,0.854195155321999,60.0
87001,AIXE-SUR-VIENNE,87,Non défini,1763.59,1490.2,212,212,-18.54,-26.84,9.66474371809095,0.832948490629721,843.0
87002,AMBAZAC,87,Non défini,1753.37,1666.67,311,311,-2.12,0.79,10.0005903789692,0.79433837772307,278.0
87011,BELLAC,87,Non défini,1232.08,1061.46,174,174,-5.65,2.32,8.01649649441529,0.699355715381162,353.0
87014,BESSINES-SUR-GARTEMPE,87,Non défini,1528.09,1144.21,458,458,-19.69,-10.45,9.03880837078604,0.79433837772307,159.0
87019,BOISSEUIL,87,Non défini,2144.53,2049.38,172,172,3.7,-3.66,10.6992415587317,0.876436682461741,85.0
87021,BOSMIE-L'AIGUILLE,87,Non défini,1855.99,1867.35,82,82,-6.63,2.24,10.6992415587317,0.876436682461741,23.0
87038,CHAPTELAT,87,Non défini,1809.13,1943.93,67,67,0.13,6.2,10.0108822951674,0.832948490629721,25.0
87041,CHATEAUPONSAC,87,Non défini,1307.15,1203.92,594,594,25.03,26.73,7.57389885512859,0.699355715381162,54.0
87048,CONDAT-SUR-VIENNE,87,Non défini,2074.79,1928.3,110,110,-5.27,-7.44,12.6686161532352,0.876436682461741,131.0
87050,COUZEIX,87,Non défini,2156.52,2016.13,476,476,-12.11,-6.12,11.5200444859848,0.832948490629721,425.0
87064,EYMOUTIERS,87,Non défini,1621.24,1410.68,173,173,-1.84,14.62,9.87235586230189,0.764777661262068,126.0
87065,FEYTIAT,87,Non défini,2278.83,1888.82,187,187,-11.86,-10.28,11.6425272975002,0.876436682461741,157.0
87075,ISLE,87,Non défini,2057.95,1878.26,277,277,-6.44,-8.93,11.7692678532621,0.876436682461741,660.0
87085,LIMOGES,87,Non défini,2664.38,1765.81,5609,5609,-7.06,-11.03,10.3572402026544,0.826061338890842,39985.0
87106,NEXON,87,Non défini,1657.0,1619.72,184,184,-7.45,-8.07,10.3940872717774,0.763329626068159,251.0
87110,ORADOUR-SUR-GLANE,87,Non défini,1462.49,1355.93,181,181,-5.27,-13.1,9.93991993130053,0.763329626068159,14.0
87113,LE PALAIS SUR VIENNE,87,Non défini,2520.51,1805.56,141,141,1.6,-11.5,10.9210675203504,0.79433837772307,110.0
87114,PANAZOL,87,Non défini,2151.08,1962.03,337,337,1.04,-2.95,10.1789753532438,0.826061338890842,329.0
87125,RILHAC RANCON,87,Non défini,1861.53,1873.42,196,196,-5.47,-9.77,10.0108822951674,0.832948490629721,15.0
87126,ROCHECHOUART,87,Non défini,1358.55,1378.79,317,317,8.33,-15.18,9.18457058141178,0.743704809040961,247.0
87143,SAINT-GENCE,87,Non défini,1810.19,1751.35,81,81,7.66,-5.03,10.0108822951674,0.832948490629721,3.0
87154,SAINT JUNIEN,87,Non défini,1768.05,1604.17,503,503,-11.07,-5.98,9.13390231844043,0.797240849121804,1885.0
87156,SAINT-JUST-LE-MARTEL,87,Non défini,2145.03,1927.0,144,144,-4.97,-11.27,8.12026346452486,0.826061338890842,28.0
87161,ST-LEONARD-DE-NOBLAT,87,Non défini,1530.73,1389.99,277,277,1.79,-0.87,8.3568460263123,0.778093460642962,672.0
87178,SAINT-PRIEST-TAURION,87,Non défini,1719.13,1570.49,121,121,11.73,-14.42,8.74650142806248,0.79433837772307,60.0
87187,ST YRIEIX LA PERCHE,87,Non défini,1924.54,1560.44,470,470,-9.44,6.84,9.36505265560947,0.742083692258486,782.0
87191,SEREILHAC,87,Non défini,1293.46,1281.25,123,123,-10.19,-20.8,9.93991993130053,0.763329626068159,45.0
87201,VERNEUIL-SUR-VIENNE,87,Non défini,1770.38,1815.04,227,227,-17.03,-22.86,10.0108822951674,0.832948490629721,48.0
87202,VEYRAC,87,Non défini,1562.32,1669.89,115,115,-8.22,-19.2,10.0108822951674,0.832948490629721,10.0
87205,LE VIGEN,87,Non défini,1638.85,1955.88,167,167,3.2,24.46,10.6992415587317,0.876436682461741,18.0
88009,ANOULD,88,Non défini,1898.03,1885.45,173,173,2.47,10.5,9.53989994177496,0.686413315047084,157.0
88075,LA BRESSE,88,Non défini,2667.33,2458.63,416,416,-19.34,3.52,10.0357841037628,0.682374842655072,306.0
88078,BRUYERES,88,Non défini,1532.1,1277.78,168,168,-18.87,-6.51,9.72574536626793,0.781749017241439,796.0
88087,CHANTRAINE,88,Non défini,2380.62,1777.78,156,156,-2.81,-2.09,11.1544912866538,0.836545427198173,400.0
88090,CHARMES,88,Non défini,2001.79,1840.43,253,253,19.35,9.31,9.05011414676494,0.769327566792603,1086.0
88114,CONTREXEVILLE,88,Non défini,3380.68,1324.18,126,126,4.73,46.6,9.45069094122775,0.706306900186575,641.0
88116,CORNIMONT,88,Non défini,1792.14,1764.41,226,226,28.6,32.11,8.2169133473449,0.627330771668597,356.0
88158,ELOYES,88,Non défini,1755.73,1629.21,101,101,-6.01,-13.74,9.58991519868402,0.692317444560529,296.0
88160,EPINAL,88,Non défini,2062.75,1566.0,1465,1465,-3.09,-4.47,10.2777727527344,0.785991910812986,7714.0
88165,ETIVAL-CLAIREFONTAINE,88,Non défini,1571.24,1500.0,154,154,-4.52,-11.19,10.0162454999348,0.766709486835821,170.0
88181,FRAIZE,88,Non défini,1590.11,1603.54,144,144,6.59,8.47,8.84119283444617,0.707094700571477,397.0
88196,GERARDMER,88,Non défini,3475.09,3174.91,658,658,-9.77,0.09,11.9400485522453,0.686413315047084,845.0
88209,GOLBEY,88,Non défini,2001.77,1634.0,315,315,-1.75,-11.04,10.9025270229063,0.783727640364039,981.0
88218,GRANGES-AUMONTZEY,88,Non défini,1587.45,1650.53,225,225,-1.14,0.74,9.64512795386667,0.781749017241439,212.0
88225,HADOL,88,Non défini,1700.99,1875.0,193,193,-0.26,14.27,9.34232572726,0.710135111401884,84.0
88270,LIFFOL-LE-GRAND,88,Non défini,871.07,875.0,114,114,43.72,23.1,7.01698270573635,0.763849031345962,123.0
88304,MIRECOURT,88,Non défini,1516.58,974.4,231,231,-23.8,-37.3,7.5964569246143,0.75221816371509,1698.0
88319,MOYENMOUTIER,88,Non défini,1686.37,1438.67,239,239,25.95,16.53,8.80490394141126,0.766709486835821,433.0
88321,NEUFCHATEAU,88,Non défini,1774.81,1424.17,315,315,-13.25,5.8,8.48355673894173,0.732406245996838,2581.0
88367,RAMBERVILLERS,88,Non défini,1252.01,1094.12,245,245,-4.0,-14.26,7.63253466804906,0.713759165335545,1165.0
88372,RAON L ETAPE,88,Non défini,1687.78,1382.28,301,301,3.67,-2.79,8.69708993474934,0.738693703580485,1346.0
88383,REMIREMONT,88,Non défini,2441.46,1627.91,545,545,9.61,1.11,9.95928975825582,0.744456554310787,2168.0
88408,RUPT-SUR-MOSELLE,88,Non défini,1751.77,1534.6,270,270,6.98,6.18,8.89431156457393,0.753442921210871,191.0
88409,SAINT AME,88,Non défini,1830.77,1696.43,156,156,12.03,13.48,9.20456386903968,0.692317444560529,204.0
88413,SAINT DIE DES VOSGES,88,Non défini,1885.42,1496.75,1093,1093,-4.77,-0.53,9.12552440874277,0.727219195749608,4452.0
88415,ST-ETIENNE-LES-REMIREMONT,88,Non défini,1878.33,1739.03,151,151,-6.3,2.75,9.90601834113998,0.692317444560529,234.0
88424,SAINTE-MARGUERITE,88,Non défini,1827.69,1600.0,72,72,-4.7,-1.54,9.43439101847089,0.714324855807047,236.0
88429,SAINT-NABORD,88,Non défini,1993.56,1769.66,202,202,-7.58,-0.19,9.68623047095115,0.744456554310787,167.0
88445,SAULCY-SUR-MEURTHE,88,Non défini,1623.83,1679.03,116,116,5.01,14.44,8.42967460335626,0.714324855807047,249.0
88447,SAULXURES-SUR-MOSELOTTE,88,Non défini,1943.15,1794.87,157,157,6.81,14.91,8.09123542603837,0.778028580125587,178.0
88451,SENONES,88,Non défini,1248.8,875.0,151,151,0.36,-18.33,6.43313828304222,0.726375714681222,486.0
88465,THAON-LES-VOSGES,88,Non défini,1897.8,1511.12,369,369,5.12,-10.03,9.77530176767245,0.707951525130994,1315.0
88468,LE THILLOT,88,Non défini,1788.21,1344.48,231,231,-7.7,-2.22,8.2302150147368,0.627330771668597,600.0
88483,UXEGNEY,88,Non défini,2202.75,1920.0,50,50,4.81,-0.03,9.80474046846077,0.783727640364039,44.0
88486,VAGNEY,88,Non défini,1877.63,1880.95,197,197,-3.81,10.07,9.56356913598117,0.686413315047084,284.0
88487,LE VAL D AJOL,88,Non défini,1637.53,1682.99,299,299,56.07,0.98,8.13836543549497,0.753442921210871,335.0
88513,VINCEY,88,Non défini,2759.37,1527.78,103,103,7.36,2.7,9.60764654138024,0.747393931112927,142.0
88516,VITTEL,88,Non défini,1723.94,1471.31,304,304,-3.4,-13.38,9.84246706819903,0.685475869672609,1179.0
88530,XERTIGNY,88,Non défini,1271.01,1131.58,299,299,-26.7,-11.03,7.6873749631246,0.68776436023639,218.0
89003,MONTHOLON,89,Non défini,2303.47,1489.36,262,262,5.85,-2.03,9.84976577824768,0.749350608456504,205.0
89013,APPOIGNY,89,Non défini,1588.99,1618.08,217,217,-2.19,-7.05,10.6351504870223,0.828754622748074,148.0
89024,AUXERRE,89,Non défini,2496.42,1873.24,1935,1935,-0.39,-0.46,11.6384359909604,0.828754622748074,7948.0
89025,AVALLON,89,Non défini,1490.89,1366.99,225,225,-15.76,-9.65,9.39104762866946,0.835349997385065,1461.0
89055,BRIENON SUR ARMANCON,89,Non défini,2466.73,1323.53,187,187,-14.97,-0.74,8.00866975439835,0.807658804928731,623.0
89068,CHABLIS,89,Non défini,2632.71,1700.54,186,186,9.59,-10.72,9.33776971075188,0.697519730733204,183.0
89074,CHAMPIGNY,89,Non défini,1768.31,1666.67,167,167,-4.42,-23.94,12.3506629618537,0.836658218476136,47.0
89086,CHARNY OREE DE PUISAYE,89,Non défini,1415.53,1060.24,501,501,-22.34,-17.19,8.82795466899265,0.789414564417062,123.0
89099,CHENY,89,Non défini,1531.48,1382.61,103,103,6.66,-0.08,9.28908468406013,0.756360954814121,142.0
89102,CHEVANNES,89,Non défini,1605.37,1682.35,98,98,-1.57,-0.61,9.82867609960211,0.845319870949553,59.0
89206,JOIGNY,89,Non défini,2369.03,1500.0,363,363,-5.17,-5.14,10.2931488551854,0.77618288185609,1289.0
89257,MIGENNES,89,Non défini,1577.25,1318.27,202,202,5.04,-10.12,9.93347369196411,0.756360954814121,717.0
89263,MONETEAU,89,Non défini,2778.95,1874.03,199,199,-7.29,-8.49,11.2154728010747,0.828754622748074,174.0
89287,PARON,89,Non défini,1793.89,1662.5,129,129,-0.31,-4.4,12.022195345681,0.765599580641222,184.0
89309,PONT SUR YONNE,89,Non défini,2660.03,1746.48,142,142,-0.55,-0.45,10.9044575666008,0.759701768220192,447.0
89338,ST CLEMENT,89,Non défini,3010.05,1940.78,146,146,-17.36,24.34,12.2064314144332,0.765599580641222,114.0
89345,SAINT-FLORENTIN,89,Non défini,1463.8,969.7,290,290,24.32,-18.87,7.91277229508921,0.802739710519682,685.0
89346,ST GEORGES SUR BAULCHE,89,Non défini,2317.19,1802.73,140,140,-12.94,-9.34,11.9935789380643,0.845319870949553,276.0
89348,ST JULIEN DU SAULT,89,Non défini,2833.43,1617.65,187,187,-1.31,16.83,10.4336141241504,0.749350608456504,234.0
89387,SENS,89,Non défini,2970.52,1902.76,1138,1138,-3.86,1.93,12.2498663259922,0.807079626743151,5457.0
89418,TONNERRE,89,Non défini,1484.7,1145.83,224,224,-12.81,8.01,10.1610715800948,0.756752367871857,764.0
89419,TOUCY,89,Non défini,1997.68,1556.7,223,223,-10.0,-26.67,9.33857865770523,0.789414564417062,452.0
89460,VILLENEUVE LA GUYARD,89,Non défini,1791.79,1736.37,240,240,-6.21,-4.5,12.6969434160138,0.836658218476136,239.0
89464,VILLENEUVE SUR YONNE,89,Non défini,2696.31,1708.33,486,486,-1.77,14.93,9.94297452649118,0.804027519337493,924.0
90008,BAVILLIERS,90,Non défini,3941.32,1744.19,176,176,-16.13,3.52,11.0984528600725,0.776067790279437,437.0
90009,BEAUCOURT,90,Non défini,2412.52,1711.71,207,207,-10.59,-15.3,9.56793704113755,0.71540028309226,1019.0
90010,BELFORT,90,Non défini,2548.95,1579.46,2592,2592,5.8,0.57,10.4308069263333,0.816838867705977,14044.0
90022,CHATENOIS-LES-FORGES,90,Non défini,1954.94,1912.68,63,63,-6.77,-13.99,10.4188829729308,0.877769351849578,396.0
90032,DANJOUTIN,90,Non défini,1685.87,1654.11,120,120,8.2,-0.05,10.3854209694154,0.820867569225346,783.0
90033,DELLE,90,Non défini,1905.83,1516.67,151,151,-7.2,-10.25,10.6541742528456,0.672568886203094,1217.0
90039,ESSERT,90,Non défini,1809.05,1865.7,82,82,0.21,-2.41,12.3739819349702,0.714423147838363,386.0
90042,EVETTE-SALBERT,90,Non défini,1862.79,1800.0,73,73,-6.88,-9.31,11.8349312046547,0.714423147838363,40.0
90052,GIROMAGNY,90,Non défini,1762.18,1342.59,191,191,4.9,-19.22,10.3030582983375,0.721276940448427,537.0
90053,GRANDVILLARS,90,Non défini,2055.08,1865.0,86,86,8.7,-4.85,10.7547608579162,0.63142168104397,500.0
90075,OFFEMONT,90,Non défini,1532.79,1493.9,127,127,-33.42,-24.78,11.1391783549701,0.816838867705977,137.0
90099,VALDOIE,90,Non défini,1626.66,1405.84,214,214,9.84,3.91,12.9034066753894,0.800566606184341,930.0
91016,ANGERVILLE,91,Non défini,2650.1,2237.08,126,126,1.98,-3.53,13.4105326041194,0.842085362746362,552.0
91021,ARPAJON,91,Non défini,4204.23,3144.04,438,438,-7.92,-6.48,17.0868094548784,0.886017319300156,3708.0
91027,ATHIS MONS,91,Non défini,4498.35,3571.73,1067,1067,-2.01,-5.77,18.3427523416321,0.876072847717623,4339.0
91044,BALLAINVILLIERS,91,Non défini,3399.71,3431.68,132,132,-16.02,-6.08,18.2179389438077,0.895042248463602,469.0
91045,BALLANCOURT-SUR-ESSONNE,91,Non défini,3179.91,3044.78,217,217,-7.86,-10.08,16.4169280459567,0.882769319930324,802.0
91064,BIEVRES,91,Non défini,5948.98,5162.84,147,147,-4.1,-3.72,19.8607335600143,0.925722771162441,359.0
91085,BOISSY-SOUS-SAINT-YON,91,Non défini,3850.65,3036.14,133,133,-3.21,-9.2,15.9047422275981,0.893516966224173,161.0
91086,BONDOUFLE,91,Non défini,3049.46,3193.45,218,218,0.55,-0.65,17.3601837868917,0.905257005785727,1285.0
91095,BOURAY-SUR-JUINE,91,Non défini,2917.38,2744.68,51,51,-19.24,-22.36,15.8408659302799,0.865112450292075,214.0
91097,BOUSSY-SAINT-ANTOINE,91,Non défini,2905.34,2654.69,155,155,-11.72,-11.95,17.0877098733367,0.855912311162119,736.0
91099,BOUTIGNY-SUR-ESSONNE,91,Non défini,2929.17,2864.78,136,136,-0.81,-4.83,14.9529918993505,0.83559563106623,133.0
91103,BRETIGNY SUR ORGE,91,Non défini,3495.13,3282.97,514,514,-3.65,-4.73,17.6802694473771,0.890407954848511,2801.0
91105,BREUILLET,91,Non défini,3842.57,3152.69,155,155,-9.28,-8.5,15.8794556634336,0.857949517599421,533.0
91111,BRIIS-SOUS-FORGES,91,Non défini,3858.21,3494.59,108,108,1.69,-3.23,16.7844513996523,0.895798242500008,222.0
91114,BRUNOY,91,Non défini,3871.68,3500.0,579,579,-4.21,-14.04,18.7142232798572,0.888324733724161,2546.0
91115,BRUYERES-LE-CHATEL,91,Non défini,2919.79,2889.86,136,136,-10.0,-16.92,17.2062515847358,0.938466797620759,424.0
91122,BURES SUR YVETTE,91,Non défini,4581.92,4280.0,169,169,-3.65,-7.14,19.4319362550869,0.895798242500008,1405.0
91129,CERNY,91,Non défini,2651.49,2533.33,138,138,-18.99,-18.93,15.8146061047833,0.882769319930324,197.0
91135,CHAMPCUEIL,91,Non défini,2832.8,2884.61,58,58,-17.56,-38.52,14.9756468186594,0.83559563106623,41.0
91136,CHAMPLAN,91,Non défini,4330.95,3567.77,71,71,6.35,-32.53,17.7461721205592,0.851566536647024,203.0
91156,CHEPTAINVILLE,91,Non défini,3167.91,3270.35,64,64,-3.2,-3.68,16.7403813906721,0.862997345140948,52.0
91161,CHILLY MAZARIN,91,Non défini,4390.07,2757.49,1215,1215,5.09,-7.6,17.6393674594574,0.90406228194818,3136.0
91174,CORBEIL ESSONNES,91,Non défini,3443.03,2702.7,1473,1473,-7.3,-6.87,16.2344441217503,0.84105331913093,9641.0
91179,COUDRAY-MONTCEAUX (LE),91,Non défini,3394.7,3026.62,163,163,-4.42,-2.67,16.011271939823,0.925267906879939,482.0
91191,CROSNE,91,Non défini,4608.49,3525.91,374,374,4.01,-0.52,18.3284503742499,0.897406667599713,930.0
91200,DOURDAN,91,Non défini,3848.74,2936.84,326,326,-5.17,-6.62,15.5434179424415,0.875295302363879,1489.0
91201,DRAVEIL,91,Non défini,3690.98,3437.33,618,618,-4.49,-6.94,17.9006314668075,0.899544351319709,2334.0
91207,EGLY,91,Non défini,3171.64,3215.78,101,101,-5.59,-5.95,16.8894245933789,0.893516966224173,273.0
91215,EPINAY-SOUS-SENART,91,Non défini,2193.72,1963.73,168,168,-7.7,-4.77,16.5159215190348,0.800504038649936,611.0
91216,EPINAY SUR ORGE,91,Non défini,5063.71,3898.55,277,277,-0.16,-4.7,18.1089622772775,0.855162858634171,1480.0
91223,ETAMPES,91,Non défini,2721.02,2490.2,833,833,-7.36,-9.01,14.8674179612806,0.826810373287687,5633.0
91225,ETIOLLES,91,Non défini,3956.42,3703.7,82,82,10.48,1.01,17.6692513158611,0.895800382780613,208.0
91226,ETRECHY,91,Non défini,3695.05,3250.71,196,196,-2.48,-5.78,14.6097676425631,0.8848225434945,986.0
91228,EVRY-COURCOURONNES,91,Non défini,2637.3,2306.15,1480,1480,-0.27,-7.15,17.7633442806308,0.740594403574933,3562.0
91232,FERTE-ALAIS (LA),91,Non défini,2774.51,2676.62,166,166,-9.79,-16.9,15.7579758270132,0.849323983735976,478.0
91235,FLEURY-MEROGIS,91,Non défini,2859.58,2736.84,91,91,-14.22,-12.8,17.4175267427697,0.824948825859535,467.0
91243,FONTENAY-LES-BRIIS,91,Non défini,3127.08,3097.65,77,77,-0.43,-20.29,16.3398887581133,0.845660145070192,83.0
91249,FORGES-LES-BAINS,91,Non défini,3013.98,3049.77,127,127,-3.02,-12.86,16.8912777720672,0.896453644532372,259.0
91272,GIF SUR YVETTE,91,Non défini,4423.54,4060.22,544,544,-6.55,-6.63,19.238193103117,0.914241501285084,3159.0
91275,GOMETZ-LE-CHATEL,91,Non défini,4027.28,4089.74,45,45,0.11,6.24,18.0812828498395,0.895798242500008,172.0
91286,GRIGNY,91,Non défini,1758.17,1204.0,382,382,-37.13,-56.04,15.5284581201428,0.774143497728165,1043.0
91312,IGNY,91,Non défini,5124.39,4562.19,222,222,-9.96,-9.19,20.0566830699027,0.929596177763659,743.0
91315,ITTEVILLE,91,Non défini,3585.27,3245.25,226,226,4.24,-7.5,15.9836453040399,0.882769319930324,60.0
91326,JUVISY SUR ORGE,91,Non défini,4128.19,3707.11,697,697,4.26,-1.58,19.5901250795339,0.88288691239944,4276.0
91330,LARDY,91,Non défini,3633.4,3208.33,134,134,10.39,-7.96,15.5056253277918,0.895682152448895,451.0
91333,LEUVILLE-SUR-ORGE,91,Non défini,3116.05,3124.36,161,161,-8.11,-7.83,15.817602846874,0.900352687689602,153.0
91338,LIMOURS,91,Non défini,3382.83,3229.32,139,139,-11.24,-13.75,16.5619348401434,0.882256904879473,680.0
91339,LINAS,91,Non défini,3248.72,3200.0,248,248,-8.5,-13.67,16.950793140934,0.865614571154296,681.0
91340,LISSES,91,Non défini,3231.92,3070.88,149,149,-0.81,-5.66,17.1737043431021,0.885637001803623,240.0
91345,LONGJUMEAU,91,Non défini,3830.28,2914.89,658,658,-3.58,-12.55,17.4918102568687,0.878254828079618,2877.0
91347,LONGPONT-SUR-ORGE,91,Non défini,3649.19,3334.48,158,158,-4.83,-4.03,16.5698083459822,0.900352687689602,521.0
91359,MAISSE,91,Non défini,2948.71,2507.01,229,229,-15.58,-11.81,14.817024579401,0.888753611129659,252.0
91363,MARCOUSSIS,91,Non défini,3444.11,3272.73,228,228,-15.46,-5.25,16.3026655789665,0.845660145070192,465.0
91376,MAROLLES-EN-HUREPOIX,91,Non défini,3470.05,3303.73,130,130,-6.58,-10.15,16.8375358329995,0.862997345140948,233.0
91377,MASSY,91,Non défini,4269.9,4125.0,1353,1353,-7.21,-7.85,20.0800588646494,0.851566536647024,8488.0
91386,MENNECY,91,Non défini,3657.51,3100.0,411,411,-1.71,-4.4,17.4163065249411,0.914578965711087,2555.0
91390,LE MEREVILLOIS,91,Non défini,2573.64,2388.89,134,134,0.52,-5.61,12.5717144370267,0.842085362746362,108.0
91405,MILLY-LA-FORET,91,Non défini,3857.21,3497.08,148,148,-0.51,4.37,15.7114707888956,0.860102517938847,586.0
91421,MONTGERON,91,Non défini,4897.78,3970.59,576,576,-1.69,-8.24,17.7639665009621,0.882170709895763,2210.0
91425,MONTLHERY,91,Non défini,3440.97,3326.98,377,377,-14.02,-12.65,17.4066005568871,0.887458970995165,2469.0
91432,MORANGIS,91,Non défini,4864.38,3756.25,333,333,-4.57,-4.44,17.8400806780124,0.88454730198508,1541.0
91433,MORIGNY-CHAMPIGNY,91,Non défini,2820.14,2745.0,109,109,-9.66,-12.62,15.0135793921419,0.888753611129659,329.0
91434,MORSANG-SUR-ORGE,91,Non défini,3697.35,3333.33,487,487,-9.94,-7.14,17.3473166607177,0.852037048380682,1249.0
91457,LA NORVILLE,91,Non défini,3339.28,3122.35,82,82,-8.32,-12.63,17.5695203928651,0.862997345140948,230.0
91458,NOZAY,91,Non défini,3341.13,3218.05,123,123,-14.78,-15.41,17.9371949135639,0.880671428189826,322.0
91461,OLLAINVILLE,91,Non défini,3071.81,3248.28,129,129,0.23,3.94,16.5136007264001,0.865614571154296,193.0
91468,ORMOY,91,Non défini,2912.12,2978.49,102,102,-22.19,-13.69,16.2275183463345,0.885637001803623,142.0
91471,ORSAY,91,Non défini,4599.66,4066.92,389,389,-11.91,-14.14,19.5768120499817,0.884719667212468,4051.0
91477,PALAISEAU,91,Non défini,4670.84,4138.82,1496,1496,-6.71,-10.73,19.4830281547628,0.879967788876987,3583.0
91479,PARAY-VIEILLE-POSTE,91,Non défini,4324.9,3975.16,147,147,-3.07,-20.5,17.9573942495035,0.86088190619889,588.0
91494,LE PLESSIS PATE,91,Non défini,3244.03,3213.98,92,92,-1.11,-8.76,17.1132021068269,0.824948825859535,191.0
91511,PUSSAY,91,Non défini,2225.39,2285.71,98,98,-1.73,-3.26,12.5850394421928,0.804832001582493,327.0
91514,QUINCY-SOUS-SENART,91,Non défini,6134.53,3564.1,213,213,16.89,0.5,16.708707242868,0.868690034670223,1076.0
91521,RIS-ORANGIS,91,Non défini,2864.48,2233.87,668,668,-3.7,-10.44,17.4191854399303,0.863137633689776,2059.0
91534,SACLAY,91,Non défini,4686.64,4750.0,84,84,-7.86,-5.3,18.4387886845185,0.884719667212468,250.0
91540,SAINT-CHERON,91,Non défini,3584.89,3170.73,158,158,-2.31,-1.3,16.4528648436915,0.842347567277929,386.0
91549,SAINTE-GENEVIEVE-DES-BOIS,91,Non défini,3541.23,3382.35,749,749,-5.66,-6.65,17.5803720159271,0.828411140146415,3707.0
91552,SAINT-GERMAIN-LES-ARPAJON,91,Non défini,3336.32,3181.82,225,225,-0.04,-5.87,16.8460879148826,0.8687430613221,745.0
91553,SAINT-GERMAIN-LES-CORBEIL,91,Non défini,3300.5,3280.46,176,176,-2.43,-8.51,17.6150057103937,0.895800382780613,368.0
91570,SAINT-MICHEL-SUR-ORGE,91,Non défini,2844.57,2676.06,380,380,-12.48,-13.92,16.9333995940313,0.864958461727125,2265.0
91573,SAINT-PIERRE-DU-PERRAY,91,Non défini,3506.31,3306.82,246,246,-7.91,-7.8,17.7458466616323,0.890140164211693,1477.0
91577,SAINTRY-SUR-SEINE,91,Non défini,3286.93,3071.43,176,176,4.59,-10.61,17.0135703616898,0.890140164211693,141.0
91579,SAINT-VRAIN,91,Non défini,3168.62,3164.97,78,78,-3.82,-8.19,15.3982848564273,0.895682152448895,263.0
91587,SAULX-LES-CHARTREUX,91,Non défini,3446.78,3436.27,200,200,-11.07,-13.82,17.0577772468052,0.86944310330722,552.0
91589,SAVIGNY-SUR-ORGE,91,Non défini,4151.02,3566.25,917,917,-1.93,-9.36,17.8107456239433,0.865740543720464,4888.0
91600,SOISY-SUR-SEINE,91,Non défini,3476.62,3235.12,127,127,-7.57,-9.22,17.4842920565907,0.888324733724161,436.0
91617,TIGERY,91,Non défini,3403.08,3405.8,67,67,-10.56,-8.82,17.5525954863167,0.890140164211693,342.0
91631,VARENNES-JARCY,91,Non défini,3791.19,3246.99,61,61,-16.38,-11.64,17.1705188931229,0.871628870787536,34.0
91635,VAUHALLAN,91,Non défini,4795.91,4718.25,35,35,-9.28,-20.68,19.36253777854,0.925722771162441,76.0
91645,VERRIERES LE BUISSON,91,Non défini,4669.71,4549.76,336,336,-11.52,-14.5,19.2927447937644,0.925722771162441,1063.0
91648,VERT LE GRAND,91,Non défini,3860.33,3461.54,70,70,0.03,-0.31,16.3377125704395,0.905257005785727,218.0
91649,VERT LE PETIT,91,Non défini,2488.99,2509.84,73,73,-23.86,-26.13,16.7805917604474,0.882769319930324,109.0
91657,VIGNEUX SUR SEINE,91,Non défini,3767.17,3280.49,465,465,-10.05,-12.52,17.7500500555514,0.878775931416462,2556.0
91659,VILLABE,91,Non défini,3086.2,3085.32,87,87,-4.68,-4.37,16.1050720260092,0.885637001803623,453.0
91661,VILLEBON SUR YVETTE,91,Non défini,3842.23,3423.28,288,288,-11.23,-11.78,18.278904441974,0.879967788876987,1456.0
91665,VILLE-DU-BOIS (LA),91,Non défini,4771.93,3670.97,214,214,3.04,-1.95,18.3596804885446,0.881125352447353,877.0
91666,VILLEJUST,91,Non défini,6176.09,4237.29,119,119,7.12,2.48,17.7955346765273,0.880671428189826,205.0
91667,VILLEMOISSON-S-ORGE,91,Non défini,4021.35,3846.25,125,125,3.11,-8.07,17.0246390423953,0.891123940115974,500.0
91685,VILLIERS-SUR-ORGE,91,Non défini,3628.44,3385.59,122,122,3.35,-12.67,17.4317665907017,0.895042248463602,170.0
91687,VIRY CHATILLON,91,Non défini,3616.17,3068.86,621,621,-5.53,-6.28,16.9196698969831,0.854536005039887,3514.0
91689,WISSOUS,91,Non défini,5314.55,4250.0,282,282,-2.25,-11.82,19.5661180332447,0.864005932116513,972.0
91691,YERRES,91,Non défini,3986.21,3595.24,811,811,0.57,-7.55,18.8494395751474,0.876031599028301,2530.0
91692,LES ULIS,91,Non défini,2666.62,2392.44,466,466,-11.25,-1.88,17.4677727663627,0.865012826403391,2126.0
92002,ANTONY,92,Non défini,5443.19,5140.87,3121,3121,-12.19,-12.2,22.511270923303,0.891104332947006,9468.0
92004,ASNIERES-SUR-SEINE,92,Non défini,6599.99,6336.75,3288,3288,-6.62,-11.29,24.5526282964699,0.883671877617137,13803.0
92007,BAGNEUX,92,Non défini,5602.41,5116.94,567,567,-5.74,-7.5,22.8529012969528,0.884850650664598,3616.0
92009,BOIS-COLOMBES,92,Non défini,6162.47,6049.55,885,885,-12.33,-15.09,25.1490480636292,0.892319762539682,4489.0
92012,BOULOGNE-BILLANCOURT,92,Non défini,8281.69,8204.38,4052,4052,-7.96,-11.93,29.7322054471064,0.926215468216904,20474.0
92014,BOURG-LA-REINE,92,Non défini,5835.86,5448.72,556,556,-9.9,-12.7,24.0167507343578,0.925769677901955,3883.0
92019,CHATENAY-MALABRY,92,Non défini,4835.5,4714.29,971,971,-7.55,-7.68,23.0470839347226,0.911469687077503,6387.0
92020,CHATILLON,92,Non défini,5857.24,5633.93,919,919,-8.39,-11.04,23.6572297825021,0.920139406637351,5562.0
92022,CHAVILLE,92,Non défini,6117.74,5611.11,535,535,-3.75,-10.47,22.9654068350055,0.915185011230177,2652.0
92023,CLAMART,92,Non défini,6264.74,5759.56,1430,1430,-6.38,-12.79,24.0566733341056,0.91156793282126,5960.0
92024,CLICHY,92,Non défini,6985.96,6852.22,1712,1712,-4.66,-9.52,26.2230625491586,0.909787004258997,7743.0
92025,COLOMBES,92,Non défini,6049.92,5483.87,2077,2077,-3.9,-10.64,23.5442253835539,0.871807093517665,9392.0
92026,COURBEVOIE,92,Non défini,6689.76,6687.5,2850,2850,-6.69,-9.36,27.2786356242666,0.893442168820084,12287.0
92032,FONTENAY-AUX-ROSES,92,Non défini,5171.27,4756.02,576,576,-3.05,-6.16,21.5182150757444,0.93458322245648,2673.0
92033,GARCHES,92,Non défini,6684.23,6167.03,544,544,-7.89,-7.57,23.8366390702169,0.941688139861324,1852.0
92035,LA GARENNE-COLOMBES,92,Non défini,7185.96,6561.96,919,919,-7.35,-10.2,25.2636107797987,0.915492342115435,4452.0
92036,GENNEVILLIERS,92,Non défini,5565.25,4727.27,1308,1308,-4.8,24.7,23.8253223620248,0.758681224985876,1522.0
92040,ISSY-LES-MOULINEAUX,92,Non défini,7504.52,7450.51,1835,1835,-7.47,-12.74,27.8688274348568,0.919269840113615,12404.0
92044,LEVALLOIS-PERRET,92,Non défini,9082.56,8903.53,2407,2407,-5.6,-10.9,30.7374607666807,0.920112376555681,11181.0
92046,MALAKOFF,92,Non défini,6906.37,6730.22,554,554,-5.94,-14.68,25.4391302600087,0.8795216973518,2510.0
92048,MEUDON,92,Non défini,6221.74,6000.0,1404,1404,-0.84,-5.71,24.0877876154815,0.903205253479134,5637.0
92049,MONTROUGE,92,Non défini,7235.7,7106.54,1503,1503,-6.78,-11.18,26.5206145552501,0.901309569483127,6027.0
92050,NANTERRE,92,Non défini,5577.54,5343.75,1257,1257,-9.56,-9.58,23.8017715552524,0.820156238019955,6657.0
92051,NEUILLY-SUR-SEINE,92,Non défini,10506.44,10391.67,3259,3259,-5.03,-8.31,34.0914847799765,0.950469855867211,10604.0
92060,LE PLESSIS-ROBINSON,92,Non défini,5587.55,5506.41,1091,1091,-5.17,-10.51,23.7923899099788,0.934191903616307,2691.0
92062,PUTEAUX,92,Non défini,6918.65,6926.41,1696,1696,-4.97,-10.46,27.4960466684587,0.883654122345031,6401.0
92063,RUEIL-MALMAISON,92,Non défini,6308.0,5937.5,3266,3266,-4.78,-10.96,24.5172560042024,0.910338156052586,13430.0
92064,SAINT-CLOUD,92,Non défini,7062.3,6705.88,994,994,-4.71,-10.87,26.3889920225966,0.95034040698564,5056.0
92071,SCEAUX,92,Non défini,6390.91,5929.48,561,561,-9.89,-14.16,24.8584741042508,0.954989844213781,3301.0
92072,SEVRES,92,Non défini,6303.98,5701.83,517,517,-8.33,-10.3,25.0157805043772,0.904460405035195,2549.0
92073,SURESNES,92,Non défini,7072.07,6899.96,1479,1479,-6.3,-7.75,26.735754788297,0.910561022564528,7394.0
92075,VANVES,92,Non défini,6403.46,6158.78,841,841,-11.63,-14.37,26.2621288625435,0.919554303707239,3043.0
92076,VAUCRESSON,92,Non défini,6050.16,5658.11,347,347,-0.0,-10.01,22.7860403723834,0.968259964486693,659.0
92077,VILLE-D'AVRAY,92,Non défini,5615.16,5298.52,243,243,-9.42,-15.06,22.7675721364994,0.956492332658969,1363.0
92078,VILLENEUVE-LA-GARENNE,92,Non défini,3411.46,3321.84,227,227,3.56,-10.64,21.0086860245648,0.817260140468564,1511.0
93001,AUBERVILLIERS,93,Non défini,4500.54,4044.64,989,989,-6.57,-9.68,19.7656303720332,0.824715311762328,5529.0
93005,AULNAY SOUS BOIS,93,Non défini,4141.46,3566.96,1261,1261,-6.25,-6.47,19.453461189009,0.768353644146276,4157.0
93006,BAGNOLET,93,Non défini,9038.49,8360.48,8914,8914,43.65,37.8,22.645312036974,0.856198993956005,2673.0
93007,LE BLANC-MESNIL,93,Non défini,4799.18,3939.82,624,624,1.31,-6.17,18.4718746974906,0.803386409161174,3007.0
93008,BOBIGNY,93,Non défini,3999.18,3535.53,362,362,57.73,-8.59,19.7576488618735,0.762942399126364,2340.0
93010,BONDY,93,Non défini,2753.76,2239.13,5364,5364,-33.04,-35.73,19.5167892957509,0.77867390242049,2652.0
93013,LE BOURGET,93,Non défini,4475.54,3622.95,358,358,-3.51,3.51,19.4413529224161,0.814403345305349,1136.0
93014,CLICHY SOUS BOIS,93,Non défini,2967.8,2250.0,421,421,-1.82,-7.35,16.4877248827599,0.728920053845373,832.0
93015,COUBRON,93,Non défini,3248.53,3169.07,133,133,4.02,-8.86,18.7620655016826,0.878062277381076,220.0
93027,LA COURNEUVE,93,Non défini,4078.22,2940.35,476,476,-15.99,-17.34,19.04891242214,0.781318149325609,1289.0
93029,DRANCY,93,Non défini,5016.49,3863.64,1195,1195,0.84,-1.61,18.8242679502186,0.790580993284774,4154.0
93030,DUGNY,93,Non défini,2666.01,2559.08,78,78,2.81,-13.98,17.7246709664656,0.814403345305349,403.0
93031,EPINAY SUR SEINE,93,Non défini,3289.11,2885.71,1048,1048,-4.09,-3.0,19.4796338762155,0.750855837877454,2889.0
93032,GAGNY,93,Non défini,3965.55,3471.65,800,800,-8.85,-7.93,18.5574438366969,0.842931125085745,3351.0
93033,GOURNAY SUR MARNE,93,Non défini,4481.01,4266.67,143,143,-4.68,-6.68,19.1285029231605,0.854261836052101,932.0
93039,L'ILE-SAINT-DENIS,93,Non défini,4832.9,3879.31,73,73,-6.7,-2.62,20.9743086120636,0.750855837877454,293.0
93045,LES LILAS,93,Non défini,6650.81,6648.55,516,516,-6.74,-11.8,24.9615343007955,0.884961471110356,2100.0
93046,LIVRY-GARGAN,93,Non défini,3620.41,3159.95,1157,1157,-5.58,-11.17,18.4574255182896,0.843421354934463,5751.0
93047,MONTFERMEIL,93,Non défini,4040.67,3500.0,455,455,-1.82,-5.18,18.0081928812768,0.792226603934125,1352.0
93048,MONTREUIL,93,Non défini,6280.61,5985.29,2315,2315,-10.69,-13.88,22.8590189106697,0.804882983530604,8009.0
93049,NEUILLY-PLAISANCE,93,Non défini,4254.54,4000.0,563,563,-13.68,-17.67,21.5559931115735,0.882518553692365,3065.0
93050,NEUILLY-SUR-MARNE,93,Non défini,3992.22,3400.0,666,666,-7.83,-5.16,18.8071770375132,0.857454493076527,2710.0
93051,NOISY-LE-GRAND,93,Non défini,4471.61,4308.82,1638,1638,-3.56,-4.65,19.875441663628,0.812670726351659,6889.0
93053,NOISY-LE-SEC,93,Non défini,4461.19,3689.32,633,633,-3.67,-10.88,18.9621279993616,0.831240878121007,3512.0
93055,PANTIN,93,Non défini,6108.85,5833.33,1308,1308,-5.84,-12.5,23.1632087108358,0.830895301763502,5297.0
93057,LES PAVILLONS-SOUS-BOIS,93,Non défini,4279.58,3608.21,564,564,3.09,-3.64,18.0967661033976,0.824080426465628,2208.0
93059,PIERREFITTE-SUR-SEINE,93,Non défini,4347.58,3226.71,323,323,5.84,3.16,,,
93061,LE PRE-SAINT-GERVAIS,93,Non défini,6530.39,6233.11,851,851,-6.37,-8.97,24.721333597966,0.882834727834582,1172.0
93062,LE RAINCY,93,Non défini,4560.79,4394.44,442,442,-2.35,-10.04,20.505810554417,0.850831442998783,2132.0
93063,ROMAINVILLE,93,Non défini,5518.79,5234.47,507,507,-9.41,-15.79,20.9813949586788,0.80529076676469,2841.0
93064,ROSNY-SOUS-BOIS,93,Non défini,4184.07,3823.53,994,994,-10.66,-8.8,20.6470523829893,0.867112723916929,5983.0
93066,SAINT-DENIS,93,Non défini,4704.46,4033.43,1836,1836,-7.88,-9.42,20.9728437533314,0.810965225290376,7647.0
93070,SAINT-OUEN-SUR-SEINE,93,Non défini,6555.06,6385.54,1523,1523,-5.34,-8.78,22.8914775812449,0.871281554841034,4789.0
93071,SEVRAN,93,Non défini,3488.75,2900.0,623,623,-3.33,-5.48,18.1780684541108,0.801048804296801,2298.0
93072,STAINS,93,Non défini,3372.51,2956.99,351,351,-7.83,-9.85,18.9834400898715,0.771948487039294,1153.0
93073,TREMBLAY-EN-FRANCE,93,Non défini,3728.41,3242.1,580,580,-4.55,-6.56,18.7328158980527,0.79376937536977,2051.0
93074,VAUJOURS,93,Non défini,3985.54,3406.25,273,273,2.19,-3.73,17.9592997019511,0.844413493623029,956.0
93077,VILLEMOMBLE,93,Non défini,4767.15,3801.41,687,687,-12.28,-14.42,19.8827368579818,0.798466393891301,3635.0
93078,VILLEPINTE,93,Non défini,3451.85,2871.29,577,577,-10.84,-8.91,18.8344366672553,0.811994894080546,2717.0
93079,VILLETANEUSE,93,Non défini,3516.76,2769.23,97,97,-6.39,-11.54,18.2035023504386,0.810965225290376,207.0
94001,ABLON-SUR-SEINE,94,Non défini,4767.48,3591.38,134,134,18.36,4.92,18.3791705654663,0.874523606364821,512.0
94002,ALFORTVILLE,94,Non défini,5066.76,4968.72,851,851,-8.7,-11.58,21.7149603394724,0.838816306941394,4444.0
94003,ARCUEIL,94,Non défini,6054.09,5559.15,363,363,-5.49,-9.63,23.2838558525222,0.868305100505795,2484.0
94004,BOISSY-SAINT-LEGER,94,Non défini,4175.35,3419.12,560,560,2.82,-7.76,18.6922283314619,0.894363727191292,1816.0
94011,BONNEUIL-SUR-MARNE,94,Non défini,4075.45,3983.33,151,151,-1.3,-5.97,20.6959350882192,0.847285826341034,512.0
94015,BRY-SUR-MARNE,94,Non défini,5091.89,4896.45,503,503,-15.58,-9.07,21.3084140691502,0.894864842856911,2138.0
94016,CACHAN,94,Non défini,4959.5,5000.0,633,633,-10.95,-11.14,23.299247202434,0.880272436693409,3723.0
94017,CHAMPIGNY-SUR-MARNE,94,Non défini,4503.77,3888.89,1517,1517,-7.52,-9.87,19.8657177557802,0.815844772663915,6478.0
94018,CHARENTON-LE-PONT,94,Non défini,7277.93,7314.56,987,987,-5.62,-13.48,27.1970633256088,0.906582354560934,3626.0
94019,CHENNEVIERES SUR MARNE,94,Non défini,4032.05,3630.68,703,703,-0.47,-16.15,19.3980392274966,0.8812780542071,1746.0
94021,CHEVILLY-LARUE,94,Non défini,3767.73,3571.43,354,354,-12.05,-10.21,19.825547228598,0.873199881249526,1198.0
94022,CHOISY-LE-ROI,94,Non défini,4157.77,3669.64,1081,1081,-4.15,-8.66,20.228588317,0.845795311284423,3444.0
94028,CRETEIL,94,Non défini,4045.01,3588.54,1523,1523,-9.52,-16.17,21.0302075345983,0.722603279149558,7111.0
94033,FONTENAY-SOUS-BOIS,94,Non défini,6296.82,5964.29,1966,1966,-9.69,-13.67,22.9183202143968,0.875752476256527,4814.0
94034,FRESNES,94,Non défini,3853.68,3274.29,572,572,-9.05,-7.45,19.764286964448,0.87473959395529,1914.0
94037,GENTILLY,94,Non défini,6646.69,6081.08,299,299,-2.7,-9.44,23.5860753121713,0.900733178224191,1612.0
94038,L'HAY-LES-ROSES,94,Non défini,4921.06,4285.71,813,813,-4.61,-6.2,21.7381398989899,0.889338182980693,2809.0
94041,IVRY-SUR-SEINE,94,Non défini,5292.81,4935.11,1102,1102,-7.47,-12.87,23.6149996377755,0.841918723338582,4853.0
94042,JOINVILLE-LE-PONT,94,Non défini,6377.38,5897.08,534,534,-5.15,-9.89,23.216822711196,0.899424560522006,2901.0
94043,LE KREMLIN-BICETRE,94,Non défini,6070.77,5800.05,889,889,-3.89,-6.38,24.5770513867405,0.883549484156668,3148.0
94044,LIMEIL-BREVANNES,94,Non défini,3988.26,3486.33,514,514,-2.83,-4.92,18.6233760850855,0.8610978930416,2503.0
94046,MAISONS-ALFORT,94,Non défini,5798.22,5625.0,1369,1369,-2.95,-8.84,23.5547935387839,0.839000180126781,3002.0
94047,MANDRES-LES-ROSES,94,Non défini,3656.76,3476.19,78,78,-5.91,-10.5,17.8838116449492,0.820326104399666,382.0
94048,MAROLLES-EN-BRIE,94,Non défini,3674.76,3540.14,95,95,-0.48,-7.72,18.4199802294684,0.838101660927283,68.0
94052,NOGENT-SUR-MARNE,94,Non défini,6181.15,6027.03,1161,1161,-10.08,-11.21,24.0816768220559,0.901650685805609,6273.0
94053,NOISEAU,94,Non défini,4344.55,3702.13,87,87,-5.92,-10.22,18.2959272528604,0.888207709827649,283.0
94054,ORLY,94,Non défini,4063.02,3642.86,291,291,-0.32,-4.47,19.7019302941471,0.87826249078259,1119.0
94055,ORMESSON-SUR-MARNE,94,Non défini,4378.03,4120.37,216,216,-12.5,-11.89,19.0714607802564,0.888207709827649,396.0
94056,PERIGNY,94,Non défini,3386.23,3034.59,86,86,-19.25,-15.31,17.30655031326,0.820326104399666,70.0
94058,LE PERREUX-SUR-MARNE,94,Non défini,6027.73,5533.33,1156,1156,-7.51,-12.34,22.78759410154,0.904385637020874,5896.0
94059,LE PLESSIS-TREVISE,94,Non défini,4076.28,3800.0,535,535,-7.37,-9.08,19.2237577733831,0.880070601318573,2484.0
94060,LA QUEUE-EN-BRIE,94,Non défini,3366.06,3301.2,172,172,-9.87,-7.57,18.8189953504612,0.881992556212311,504.0
94065,RUNGIS,94,Non défini,4147.16,4214.46,139,139,-9.79,-5.81,19.8678744717653,0.884132824070494,694.0
94067,SAINT-MANDE,94,Non défini,8740.18,8464.56,812,812,-6.64,-10.09,31.3556787162497,0.934226375343211,2630.0
94068,SAINT-MAUR-DES-FOSSES,94,Non défini,6429.32,5833.33,2828,2828,-3.72,-9.63,22.9539185412409,0.899241054884327,12640.0
94069,ST MAURICE,94,Non défini,5808.92,6206.9,469,469,-5.79,-7.74,25.7890408238548,0.913474915161273,2180.0
94070,SANTENY,94,Non défini,4087.17,3616.78,96,96,-6.58,-11.8,18.4243914804436,0.838101660927283,288.0
94071,SUCY-EN-BRIE,94,Non défini,4292.46,3974.36,525,525,-7.85,-7.77,19.4743288041095,0.888207709827649,2139.0
94073,THIAIS,94,Non défini,4123.04,3761.79,1005,1005,-10.46,-10.12,19.7318680345947,0.830862626399625,3167.0
94074,VALENTON,94,Non défini,7315.52,6643.86,1670,1670,85.63,77.17,18.8340535971912,0.72885127065067,322.0
94075,VILLECRESNES,94,Non défini,3765.52,3701.08,218,218,-7.03,-6.86,18.4928092846439,0.838101660927283,966.0
94076,VILLEJUIF,94,Non défini,5624.22,5160.49,978,978,-2.77,-7.2,22.836842485647,0.790045047841257,4959.0
94077,VILLENEUVE-LE-ROI,94,Non défini,4230.34,3776.6,455,455,-4.81,-5.59,18.6744940576908,0.865321849961666,1563.0
94078,VILLENEUVE-SAINT-GEORGES,94,Non défini,5052.74,3417.72,1019,1019,-1.39,0.58,17.8240146536269,0.72885127065067,1900.0
94079,VILLIERS-SUR-MARNE,94,Non défini,4048.31,3887.63,798,798,-10.29,-8.73,19.2898211132501,0.851764168913678,5486.0
94080,VINCENNES,94,Non défini,8768.85,8529.66,2249,2249,-5.65,-9.77,29.4112419734245,0.907762551012769,6873.0
94081,VITRY-SUR-SEINE,94,Non défini,4662.3,4130.43,1579,1579,-7.67,-11.02,20.7966857304428,0.835567296683449,6589.0
95014,ANDILLY,95,Non défini,4256.07,3956.25,56,56,-9.47,-13.52,18.3836826919745,0.831909456194198,127.0
95018,ARGENTEUIL,95,Non défini,4171.63,3554.29,2153,2153,-1.75,-9.41,19.3640718420937,0.799179431018741,7596.0
95019,ARNOUVILLE,95,Non défini,4956.74,3348.21,210,210,-5.67,-4.89,18.1476369784564,0.779856964198995,420.0
95026,ASNIERES-SUR-OISE,95,Non défini,3983.02,3295.45,74,74,6.16,-8.06,16.7569170094576,0.844705168033779,90.0
95039,AUVERS-SUR-OISE,95,Non défini,3655.37,3520.41,234,234,-13.8,-10.7,17.3543093775384,0.857623338806845,417.0
95051,BEAUCHAMP,95,Non défini,4419.4,3520.41,212,212,-15.93,-20.79,17.9338689558752,0.860866031486262,614.0
95052,BEAUMONT-SUR-OISE,95,Non défini,3358.78,3025.64,452,452,-5.95,-8.53,15.4053723086569,0.828736898332613,1199.0
95056,BELLOY-EN-FRANCE,95,Non défini,3066.54,3214.29,59,59,-0.03,2.69,16.3599027164506,0.85690347225644,96.0
95058,BERNES-SUR-OISE,95,Non défini,3629.29,3273.81,108,108,-1.04,-4.98,15.5460926976099,0.828736898332613,6.0
95060,BESSANCOURT,95,Non défini,4058.79,3895.45,283,283,-4.64,-5.01,18.0225870532557,0.861755258707828,653.0
95063,BEZONS,95,Non défini,4821.85,3979.45,664,664,-8.98,-11.2,19.6982211207352,0.832798902462285,3620.0
95078,BOISSY-L'AILLERIE,95,Non défini,3055.48,3372.25,67,67,-5.33,8.59,16.3315961050951,0.8712280491826,155.0
95091,BOUFFEMONT,95,Non défini,3381.41,3343.56,108,108,3.43,0.53,18.0904911523396,0.864694251323875,98.0
95116,BRUYERES-SUR-OISE,95,Non défini,3394.18,2730.81,81,81,-12.37,-13.31,15.5460926976099,0.828736898332613,67.0
95120,BUTRY-SUR-OISE,95,Non défini,3817.51,3118.33,72,72,-15.31,-23.82,17.9986497290617,0.865662554826775,15.0
95127,CERGY,95,Non défini,3268.53,3142.72,1350,1350,-4.18,-5.64,18.4859725636576,0.8712280491826,11217.0
95134,CHAMPAGNE SUR-OISE,95,Non défini,4807.46,3269.17,135,135,-6.5,-5.71,17.6448326478771,0.79199346658305,130.0
95142,CHARS,95,Non défini,2821.86,2610.53,50,50,-4.68,-14.76,14.5356612856752,0.84289213881768,188.0
95149,CHAUMONTEL,95,Non défini,3776.9,3784.09,110,110,-2.91,-0.42,17.3084219500034,0.844705168033779,146.0
95176,CORMEILLES-EN-PARISIS,95,Non défini,4680.08,4379.35,706,706,-3.12,-5.51,19.088077168265,0.825636581797004,2448.0
95183,COURDIMANCHE,95,Non défini,3531.17,3500.0,114,114,-1.69,-3.02,17.9021523455634,0.894006903626659,564.0
95197,DEUIL LA BARRE,95,Non défini,3992.37,3711.71,529,529,-7.57,-6.61,19.5628641704053,0.848627874076521,2554.0
95199,DOMONT,95,Non défini,3259.57,3138.89,372,372,-4.9,-9.32,17.9840939106998,0.904503948628391,1805.0
95203,EAUBONNE,95,Non défini,4168.39,4109.59,525,525,-1.8,-6.27,19.5660812288283,0.831909456194198,2160.0
95205,ECOUEN,95,Non défini,3551.87,3351.65,121,121,-0.56,-3.03,17.9991127594077,0.903446932006673,555.0
95210,ENGHIEN LES BAINS,95,Non défini,5498.89,5000.0,412,412,-8.05,-14.08,21.0502891639702,0.881527758875061,2747.0
95211,ENNERY,95,Non défini,3722.37,3552.63,126,126,1.32,0.12,16.3508501489161,0.874366927404272,114.0
95218,ERAGNY-SUR-OISE,95,Non défini,3286.28,3225.81,389,389,-8.46,-6.36,18.6168303784447,0.877597836502955,1060.0
95219,ERMONT,95,Non défini,3988.16,3918.01,558,558,88.63,-11.79,19.0381681607649,0.868173709853335,3289.0
95229,EZANVILLE,95,Non défini,3155.54,3105.84,225,225,-9.98,-10.88,18.2179522467138,0.8602060562485,504.0
95241,FONTENAY-EN-PARISIS,95,Non défini,2899.91,3142.86,33,33,-10.18,-4.17,17.5420871352592,0.75827994112384,130.0
95250,FOSSES,95,Non défini,3775.59,3216.62,149,149,8.45,4.44,18.0249392866673,0.869149549934851,268.0
95252,FRANCONVILLE LA GARENNE,95,Non défini,3342.54,3122.02,923,923,-3.72,-4.61,18.4081920513142,0.85931188409812,4761.0
95256,FREPILLON,95,Non défini,4505.43,3705.06,75,75,-7.06,-2.92,17.906367814436,0.861755258707828,103.0
95257,LA FRETTE-SUR-SEINE,95,Non défini,4795.48,4036.11,134,134,-10.16,-8.57,18.6993269123218,0.825636581797004,348.0
95268,GARGES-LES-GONESSE,95,Non défini,2862.55,2492.54,384,384,-5.28,-2.23,18.645674436929,0.760376871842277,703.0
95277,GONESSE,95,Non défini,3300.75,3044.64,1259,1259,-3.0,-4.81,18.3190961588419,0.811994894080546,1407.0
95280,GOUSSAINVILLE,95,Non défini,3751.27,3305.12,445,445,-0.35,-8.85,17.9730324399694,0.835035172853996,954.0
95288,GROSLAY,95,Non défini,3773.99,3450.98,202,202,-7.65,-13.73,18.0285028318539,0.882087305910317,489.0
95306,HERBLAY-SUR-SEINE,95,Non défini,3932.3,3770.02,639,639,-10.44,-9.91,19.5908631515971,0.887443794427431,2420.0
95313,L'ISLE-ADAM,95,Non défini,4649.87,4170.04,436,436,-7.33,-8.16,19.5745166784291,0.79199346658305,1810.0
95323,JOUY-LE-MOUTIER,95,Non défini,3110.2,3065.79,281,281,-7.07,-9.49,17.4110111972887,0.921598526460763,1091.0
95351,LOUVRES,95,Non défini,4256.53,3300.0,263,263,1.42,-1.7,17.4997884695369,0.842928055053785,1200.0
95352,LUZARCHES,95,Non défini,4391.29,3771.93,260,260,7.46,2.38,16.3293282581169,0.844705168033779,392.0
95355,MAGNY-EN-VEXIN,95,Non défini,3865.25,2875.0,115,115,45.35,-5.83,15.3371855312771,0.8524802928936,758.0
95369,MARGENCY,95,Non défini,3740.46,3847.11,47,47,-3.88,-7.41,19.0050872113414,0.864641352486452,200.0
95370,MARINES,95,Non défini,3736.32,3689.32,189,189,2.09,10.31,15.124373225876,0.84289213881768,344.0
95371,MARLY-LA-VILLE,95,Non défini,3351.89,3111.13,119,119,-8.2,-9.03,18.1556164632058,0.869149549934851,300.0
95388,MENUCOURT,95,Non défini,3036.54,2904.26,117,117,-9.6,-12.19,17.475135682433,0.858227066985408,131.0
95392,MERIEL,95,Non défini,3964.95,3709.64,196,196,4.77,-4.08,18.8063945074307,0.865662554826775,293.0
95394,MERY-SUR-OISE,95,Non défini,3616.57,3360.66,241,241,-8.25,-9.32,17.7781137841109,0.857623338806845,518.0
95424,MONTIGNY LES CORMEILLES,95,Non défini,6212.17,3734.78,428,428,2.85,1.04,18.2156080255009,0.854386370158613,1245.0
95426,MONTLIGNON,95,Non défini,4617.79,3857.14,101,101,-4.49,-14.86,17.8435237454031,0.864641352486452,289.0
95427,MONTMAGNY,95,Non défini,3830.64,3144.93,322,322,-6.11,-10.31,19.3115231422587,0.822607265919555,726.0
95428,MONTMORENCY,95,Non défini,4352.33,4106.94,662,662,-4.3,-10.53,19.8301432859398,0.871666237747585,2646.0
95430,MONTSOULT,95,Non défini,3323.81,3278.23,129,129,4.9,-11.27,18.8958944742681,0.865662554826775,137.0
95450,NEUVILLE-SUR-OISE,95,Non défini,3730.37,3389.58,41,41,-11.14,-11.28,17.7610724113155,0.899416936127471,73.0
95476,OSNY,95,Non défini,4209.22,3318.4,359,359,-6.91,-11.38,18.0925073294003,0.880983399370483,1792.0
95480,PARMAIN,95,Non défini,4098.37,3225.81,102,102,-14.7,-14.21,17.4678955371213,0.821077382642048,248.0
95487,PERSAN,95,Non défini,3282.7,3044.3,243,243,-6.26,-2.18,16.890203505711,0.865467354486237,2126.0
95488,PIERRELAYE,95,Non défini,5438.22,3657.79,440,440,-10.09,-7.66,17.9628687684424,0.835445140567523,1001.0
95491,PLESSIS-BOUCHARD (LE),95,Non défini,3791.26,3580.0,287,287,-0.36,-5.94,18.6694471955519,0.913297894496805,770.0
95500,PONTOISE,95,Non défini,3797.64,3241.72,761,761,-5.7,-6.8,17.7934447111851,0.874366927404272,5906.0
95504,PRESLES,95,Non défini,3731.17,3528.85,211,211,-0.53,-7.11,17.5591478737535,0.865456129045409,130.0
95509,PUISEUX-EN-FRANCE,95,Non défini,3851.5,3587.4,96,96,13.48,5.06,17.5165290957774,0.75827994112384,105.0
95527,ROISSY-EN-FRANCE,95,Non défini,6327.22,4400.0,405,405,6.67,21.0,18.7481205270317,0.865445317168676,456.0
95539,SAINT-BRICE-SOUS-FORET,95,Non défini,3758.27,3555.27,265,265,-3.8,1.58,18.6522424797391,0.896849930651711,1465.0
95555,ST GRATIEN,95,Non défini,4364.56,3906.98,410,410,-5.58,-13.82,20.4172813839672,0.875567823463831,1774.0
95563,ST LEU LA FORET,95,Non défini,6498.76,6233.77,871,871,53.14,49.31,19.0598816628151,0.867775078195624,1552.0
95566,SAINT-MARTIN-DU-TERTRE,95,Non défini,2925.42,2902.9,56,56,-11.78,-7.11,16.3599027164506,0.85690347225644,90.0
95572,ST OUEN L AUMONE,95,Non défini,3199.08,3210.92,724,724,-4.54,-5.86,18.4207590115041,0.860272612802927,2844.0
95574,SAINT-PRIX,95,Non défini,4011.88,3880.6,157,157,-11.2,-11.63,18.893809358025,0.864641352486452,396.0
95580,SAINT-WITZ,95,Non défini,3936.37,3470.28,96,96,6.78,1.82,17.7242933544768,0.889012513482501,75.0
95582,SANNOIS,95,Non défini,3905.76,3690.48,470,470,-7.74,-7.74,19.8222424355882,0.839803414107167,2309.0
95585,SARCELLES,95,Non défini,3030.56,2144.01,776,776,-8.83,-15.54,18.0425381578785,0.729204634404925,1483.0
95598,SOISY SS MONTMORENCY,95,Non défini,4153.94,3786.8,401,401,-4.52,-9.54,19.285397760345,0.864887147293211,1481.0
95604,SURVILLIERS,95,Non défini,4543.44,2622.22,209,209,-5.38,2.49,17.7032117000705,0.889012513482501,336.0
95607,TAVERNY,95,Non défini,3698.67,3281.45,696,696,-7.71,-10.51,18.0525885912185,0.890565849609682,2424.0
95612,LE THILLAY,95,Non défini,4072.55,3320.99,106,106,-1.85,-8.39,18.32393071495,0.835035172853996,216.0
95637,VAUREAL,95,Non défini,3524.87,3563.96,402,402,-4.3,-5.87,17.7793321066079,0.880653226654137,976.0
95641,VEMARS,95,Non défini,3665.57,3490.53,242,242,-3.79,-4.65,16.7483321998189,0.842928055053785,289.0
95652,VIARMES,95,Non défini,4544.49,3293.85,163,163,-2.0,-2.0,16.8510990726082,0.85690347225644,425.0
95680,VILLIERS-LE-BEL,95,Non défini,3306.4,2435.26,560,560,1.73,-8.26,18.5793428264484,0.86055351954109,1433.0
